2,2,2,4,104,2
1,6,1,12,19,1
34,40,67,247,700,46
9,14,16,44,403,13
5,3,4,38,20,3
19,27,31,120,441,25
10,8,16,85,218,6
14,12,13,20,94,9
22,24,46,48,199,19
4,1,1,0,0,1
2,1,0,0,0,0
2,2,11,16,7,6
3,4,5,5,10,2
2,3,2,4,11,8
5,3,2,14,7,12
2,1,5,29,4,8
11,4,6,5,21,11
3,2,4,19,4,14
5,5,10,7,9,1
1,1,1,2,1,1
3,3,4,6,67,23
6,12,5,113,62,75
4,2,3,3,2,20
9,9,6,69,149,13
13,14,21,52,334,43
3,2,3,6,6,11
10,2,12,35,39,7
7,8,13,74,42,2
5,6,2,2,18,5
37,14,44,109,273,121
4,8,8,24,10,113
5,3,4,2,7,36
11,6,7,8,10,166
9,3,5,13,23,102
9,5,7,5,5,118
7,10,7,7,7,154
1,1,3,7,3,3
1,1,6,1,3,36
6,3,10,6,11,17
4,3,3,1,2,9
3,4,3,7,7,133
2,4,1,2,3,71
1,1,1,2,3,1
6,2,3,5,5,66
5,4,2,1,2,25
5,11,21,23,64,12
2,1,1,10,9,4
9,8,18,37,148,13
14,11,11,7,13,346
3,6,10,2,3,42
3,6,3,7,5,131
6,4,6,6,11,136
5,1,1,1,0,0
4,5,1,2,3,34
5,2,6,4,34,2
2,12,3,3,3,1
37,12,18,13,58,14
3,2,6,6,5,55
5,2,3,4,5,20
8,3,7,9,3,66
5,6,5,13,19,64
6,4,4,9,2,138
8,9,8,3,5,113
1,3,0,3,0,0
5,4,3,4,13,5
11,4,5,2,6,11
1,1,1,1,2,0
1,0,2,0,1,40
1,1,3,1,6,3
2,3,2,6,0,0
17,8,12,16,15,1044
4,3,3,2,4,89
15,17,18,314,38,12
3,1,3,4,28,1
5,5,20,6,89,4
11,11,4,6,3,75
1,0,0,1,1,13
2,3,4,6,4,68
3,4,8,7,9,113
5,6,4,3,2,58
5,5,11,5,4,77
2,1,2,2,1,1
2,1,1,1,0,0
11,5,2,35,9,4
2,4,2,4,3,4
1,1,4,1,1,0
7,3,2,6,14,1
2,4,1,5,3,1
10,2,5,16,3,3
2,12,4,12,20,4
8,15,297,252,167,6
33,29,1014,749,1594,35
1,1,1,1,1,1
8,8,258,127,197,9
10,13,449,317,188,21
2,1,2,0,0,1
3,5,70,45,35,1
2,1,13,14,12,3
2,1,6,5,5,2
1,4,22,21,12,17
6,7,193,85,177,5
1,3,1,1,1,2
11,12,249,272,83,27
9,16,245,186,218,21
1,1,2,1,1,2
8,11,112,62,334,11
1,2,8,7,6,25
2,1,8,8,9,3
2,1,4,1,2,1
3,2,0,0,1,0
2,3,21,10,12,4
1,1,1,1,0,0
0,0,2,0,0,1
2,1,8,4,0,0
1,1,3,10,4,2
4,4,5,37,3,1
5,3,26,5,1,2
2,4,19,39,29,2
8,11,276,89,220,11
3,1,1,0,1,0
3,5,7,7,9,5
3,3,49,37,71,23
2,1,0,0,1,0
3,2,2,4,4,3
2,3,3,1,0,8
6,0,0,1,0,1
5,9,50,131,179,7
9,9,127,268,325,5
2,1,3,2,1,2
16,6,17,14,12,661
6,3,15,8,7,74
1,1,1,2,0,0
8,3,14,15,20,30
1,1,5,0,0,0
4,3,1,2,0,3
1,0,0,0,1,0
2,1,0,0,1,0
2,2,2,1,0,13
2,1,4,1,1,0
2,0,0,0,0,0
1,0,0,0,0,2
0,1,1,0,0,9
22,10,43,6,4,34
1,22,14,2,2,0
2,2,7,7,6,1
4,22,3,3,1,1
2,2,1,1,1,2
2,2,3,4,2,2
1,1,4,4,4,2
2,1,0,0,0,0
2,2,2,2,1,2
165,8,112,17,10,113
31,0,2,3,0,1
9,16,299,110,255,10
3,13,29,48,1,5
1,2,1,1,1,0
3,6,5,5,3,22
1,1,2,1,3,15
5,0,0,0,0,0
10,7,2,3,5,13
17,3,0,0,0,0
0,0,1,1,0,9
1,1,16,4,5,2
1,1,3,0,0,1
8,12,21,93,22,4
4,7,55,38,26,7
1,2,5,2,2,1
4,16,63,61,15,4
6,11,39,67,13,5
7,1,5,1,1,2
6,5,27,19,14,4
6,5,16,8,10,2
19,45,54,105,31,3
4,2,1,1,1,1
7,4,6,23,12,5
15,28,36,4,39,2
1,3,2,1,2,3
3,8,15,7,11,4
0,6,1,0,0,0
2,1,5,4,2,3
4,2,20,31,8,15
7,2,11,24,15,1
2,3,2,12,5,13
4,7,67,28,28,12
6,16,23,9,26,9
5,4,14,13,28,2
6,6,26,38,72,25
4,2,3,1,2,3
7,2,11,1,4,17
4,3,27,8,8,3
1,1,3,1,1,0
9,8,26,40,3,8
3,3,5,2,4,8
1,1,2,0,0,0
3,1,30,16,9,6
6,13,14,18,5,6
0,7,2,0,1,0
2,3,13,27,4,5
7,4,5,6,3,2
7,9,5,11,46,2
1,2,1,1,0,0
2,14,6,3,5,7
66,18,4,6,21,3
1,0,0,2,0,0
3,6,3,2,5,2
1,1,0,0,0,0
1,2,0,0,0,0
4,14,30,12,47,4
7,13,32,13,11,4
7,10,7,17,23,1
5,24,49,34,17,19
2,15,4,8,7,7
3,8,0,1,0,10
5,20,11,5,6,37
6,0,0,0,0,0
1,1,7,14,0,1
2,3,4,3,3,8
2,1,0,0,0,0
1,3,4,3,2,0
2,6,3,1,1,5
3,0,0,0,0,0
0,17,3,0,0,6
9,4,1,1,2,10
3,0,0,0,0,0
0,1,25,1,1,1
4,1,3,2,5,2
2,2,1,1,1,1
1,1,1,0,0,0
1,4,1,1,1,2
1,8,1,1,5,0
1,0,0,0,0,0
1,1,0,0,7,0
2,0,0,0,0,0
1,0,0,0,0,0
5,21,18,119,3,7
6,2,7,8,5,5
3,5,10,7,4,1
6,6,6,7,3,45
1,1,3,1,1,20
1,1,1,2,2,16
17,62,14,4,6,8
1,2,10,2,1,0
1,3,0,1,0,33
3,7,94,124,333,7
16,3,4,119,33,2
131,267,198,2068,3770,77
17,30,58,150,1049,18
23,15,31,86,185,10
132,114,161,1281,1827,42
24,34,75,702,98,8
14,14,14,536,87,9
36,38,64,483,427,27
3,2,3,4,2,1
1,1,1,1,1,1
2,15,8,7,9,21
5,7,13,18,44,7
9,6,19,72,49,4
7,20,50,13,158,4
3,5,5,151,31,4
15,19,15,587,491,14
13,7,4,224,42,4
2,3,11,11,9,11
3,1,4,1,1,6
18,4,33,140,66,10
22,30,119,286,581,41
7,19,12,10,12,66
13,30,199,107,542,104
53,34,269,419,2664,34
1,12,6,130,12,26
5,11,66,249,71,10
16,18,31,140,665,11
8,4,18,40,373,7
153,82,231,1146,1667,54
11,32,151,86,314,42
34,10,14,197,10,26
48,40,18,207,286,47
7,15,29,131,264,20
9,16,32,105,193,11
14,77,24,146,172,25
2,2,5,10,4,10
10,24,36,19,34,12
12,9,52,127,42,20
6,4,10,39,30,9
174,108,31,284,31,300
93,10,49,71,22,143
3,3,3,12,15,13
45,30,30,126,10,12
2,10,49,10,1,18
12,31,19,344,83,7
3,21,9,12,10,7
61,39,96,69,497,17
69,164,142,426,242,800
19,3,14,3,1,236
7,76,20,7,8,381
16,21,215,122,30,169
7,1,22,0,0,0
7,4,63,3,4,6
8,9,27,37,260,3
6,4,12,225,57,4
18,31,31,77,274,15
16,18,17,22,25,47
17,15,16,19,7,9
26,19,36,75,10,34
11,41,32,67,32,72
3,7,39,70,18,240
15,10,75,114,109,37
2,12,11,10,5,3
19,19,25,40,683,6
6,2,21,47,155,10
1,4,5,2,1,2
1,106,2,5,4,66
5,0,1,1,3,30
1,6,6,0,0,0
129,282,564,12,13,300
3,1,4,3,1,98
34,34,67,1115,793,22
8,5,23,10,78,1
7,12,61,315,10,12
5,25,17,10,10,157
17,0,1,0,0,0
3,1,6,5,6,136
3,19,27,11,4,140
3,2,1,7,2,55
4,5,15,4,5,95
2,7,3,3,1,1
1,5,1,0,0,1
59,37,31,235,210,17
3,11,28,13,11,2
26,25,23,10,2,3
22,16,29,163,40,16
3,11,10,18,61,6
125,39,95,275,57,12
34,15,162,37,76,6
18,152,1128,1130,309,17
141,212,5240,5434,2954,91
2,2,3,1,0,0
18,35,713,501,554,18
32,94,1571,2071,750,37
11,0,1,13,0,1
4,4,120,54,98,6
18,159,132,81,57,9
15,17,13,5,14,8
5,25,62,56,57,7
35,76,291,486,678,20
2,2,7,3,4,1
32,155,1042,490,1042,26
27,478,767,448,494,24
2,3,41,15,4,2
34,42,312,1192,1361,23
9,112,33,20,35,1
1,7,21,11,17,7
1,3,2,10,4,9
3,5,2,2,1,5
8,57,77,127,77,47
4,13,8,21,15,6
5,28,52,8,25,5
14,4,42,26,3,3
7,5,6,34,89,5
18,20,71,376,17,35
13,5,4,299,6,4
11,8,211,609,723,13
30,162,1175,1677,1398,26
0,14,1,2,1,17
6,17,52,146,64,219
7,87,623,253,45,35
0,2,3,0,1,50
4,9,35,24,16,19
9,4,13,134,33,4
23,1,2,0,5,61
25,14,633,421,317,9
20,96,546,1037,957,15
3,3,12,10,1,2
35,68,30,37,31,3073
72,244,5,5,4,61
5,2,14,2,1,2
14,26,43,66,29,183
2,24,3,0,0,0
2,9,1,1,2,0
2,3,3,9,4,1
0,0,0,24,0,0
35,13,20,3,3,4
9,8,5,4,5,4
28,2,76,2,1,1
0,0,0,1,0,28
7,21,24,29,44,11
12,182,170,536,27,261
16,191,107,4,2,6
10,6,29,60,26,1
65,35,236,36,91,7
99,8,7,2,2,2
6,8,10,10,12,27
223,295,2,10,10,43
96,3,1,2,0,0
4,1,3,4,2,10
3810,3185,3242,67,74,1348
496,173,510,8,5,4
22,111,448,1126,828,25
2,4,35,67,209,2
3,5,2,6,8,2
4,2,5,5,2,85
2,3,3,1,1,32
1,8,2,1,0,0
1,28,4,1,0,0
209,1,3,3,2,1
1,18,3,0,1,0
3,44,81,5,2,2
3,20,49,0,0,0
75,422,1594,756,330,54
15,80,438,269,137,9
3,1,108,1,0,0
65,147,1269,428,79,32
159,153,231,476,150,19
6,54,102,0,1,4
39,15,464,172,38,19
6,231,2,24,7,4
309,976,603,46,615,19
15,14,88,1,3,2
13,283,26,31,147,5
141,522,368,94,255,16
36,0,0,75,3,2
22,26,83,14,37,3
6,1,16,2,46,3
1,13,1,26,1,1
7,6,108,15,8,7
7,18,58,177,131,5
18,22,54,34,8,3
35,166,111,217,294,15
43,104,92,89,370,6
10,32,177,114,20,17
11,63,455,195,259,22
4,13,24,1,18,6
7,36,8,60,9,17
11,5,110,33,7,6
3,3,3,8,7,4
46,322,303,523,116,38
73,17,139,563,49,44
25,2,1,50,1,1
15,50,552,135,118,17
23,81,497,341,123,98
19,145,0,0,0,1
19,107,314,95,9,17
61,22,153,57,130,6
70,717,99,128,136,13
7,2,4,72,3,4
94,326,330,40,191,14
368,582,32,281,47,12
44,13,0,1,0,0
6,3,1,39,61,0
2,68,0,1,1,1
33,8,0,0,0,2
18,33,267,254,169,16
13,177,246,253,154,8
20,38,28,175,108,8
83,314,326,371,327,201
231,5,27,47,83,3
17,273,134,4,6,2
55,94,46,152,119,13
1,17,0,0,3,1
3,16,1,47,4,66
3,14,35,37,3,5
1,2,22,0,0,0
1,3,11,31,1,3
58,46,70,51,4,18
3,8,0,1,0,0
3,77,75,3,1,1
24,159,156,268,8,198
1,28,1,0,0,0
1,59,135,5,3,1
4,22,14,5,8,1
14,19,0,0,0,0
7,1,3,0,0,0
9,28,7,23,13,11
32,1,3,0,0,1
6,0,0,0,0,0
17,1,9,0,1,0
10,0,0,0,0,0
5,10,0,0,1,0
62,67,270,716,188,23
2,328,11,5,49,5
3,31,179,6,1,3
40,275,51,49,12,123
220,3,1,3,1,2
380,3,5,3,6,2
22,435,21,29,6,28
1,62,2,2,0,3
208,1,1,3,4,2
8,47,23,47,30,8
35,25,15,21,6,5
1315,1478,1937,1483,363,87
37,48,317,109,27,8
23,146,117,84,88,13
1467,703,1274,1702,444,80
51,135,90,143,36,11
408,84,213,147,69,11
336,255,313,594,237,34
3,0,0,0,1,1
7,0,0,0,0,0
10,12,7,9,9,17
11,28,7,9,7,3
110,79,42,133,8,35
16,118,129,58,40,9
11,3,15,46,21,2
805,577,1642,579,81,30
83,329,242,45,11,8
8,12,1,2,0,1
4,0,0,0,0,0
25,25,52,1,2,17
59,75,144,189,92,10
29,2,1,3,1,13
86,28,228,83,12,12
116,381,506,429,24,14
6,30,28,6,5,6
53,109,54,22,26,2
104,8,53,25,82,5
335,283,25,130,28,8
825,1185,1424,1379,573,92
18,60,18,29,17,44
148,179,77,50,30,27
184,72,443,226,26,16
23,20,14,19,64,8
24,56,99,38,38,9
66,176,90,37,105,18
5,1,5,4,1,4
11,37,44,21,7,104
184,135,21,32,6,15
16,8,5,14,10,5
717,706,437,130,36,129
388,5,124,5,4,206
2,8,1,11,4,1
89,149,11,173,21,125
0,0,31,3,0,92
81,33,41,31,69,4
6,12,3,2,1,4
23,184,150,40,22,22
109,141,20,35,21,524
31,19,0,2,0,0
150,120,17,7,3,10
10,93,145,5,9,38
0,0,2,0,0,0
11,7,31,1,1,1
23,36,42,38,9,4
648,46,201,116,12,3
218,459,137,93,29,17
1,29,1,1,3,0
0,6,0,1,0,37
70,5,96,9,5,79
6,33,11,3,4,12
9,27,60,23,9,22
184,140,19,15,11,15
26,16,4,19,2,2
423,563,1068,381,41,21
125,211,121,113,14,9
6,0,0,0,0,0
4,2,200,3,2,3
0,39,1,0,0,1
0,6,1,1,0,2
1,213,1,4,3,6
64,0,2,2,2,0
183,289,276,144,65,13
17,33,34,15,7,3
105,20,67,104,23,5
7,39,3,6,5,54
1,0,8,1,1,0
4,57,4,1,5,2
3,81,1,6,5,3
12,0,1,1,0,0
5,84,3,7,2,2
1,4,2,2,5,1
172,0,0,3,0,3
6290,9521,11359,1145,289,242
1,3,21,10,29,1
3,437,221,17,1,12
5548,6327,8541,845,191,195
3,1,31,3,15,2
451,613,731,336,27,23
588,1803,1769,416,40,40
23,32,34,24,22,1
80,222,77,182,189,11
20,1,0,2,0,0
7,37,70,27,12,5
471,1533,253,159,235,23
529,1141,420,21,23,20
5,17,7,21,5,4
7365,6581,6294,145,133,155
1681,1956,1391,38,33,25
3,16,3,3,3,3
6,31,10,6,6,2
5,0,15,1,2,0
23,83,89,32,51,6
10,18,28,19,42,5
2,0,0,30,1,0
26,42,123,16,112,1
1,25,7,2,3,0
6,0,3,1,37,2
1,8,26,9,21,1
433,15,985,14,16,15
5553,5555,8532,718,214,741
5,4,2,7,6,7
3,8,256,5,8,388
906,908,827,27,21,48
1,3,0,15,1,0
311,39,290,3,6,16
7,224,307,6,8,5
6,18,20,41,44,2
1048,279,194,146,124,26
420,651,729,16,10,102
4,6,12,8,5,9
4456,3805,3548,115,97,1409
1795,2468,389,48,34,532
3,8,5,2,2,7
1139,665,2026,34,34,682
453,237,304,6,5,5
5,27,11,69,41,1
14,14,46,7,23,4
0,32,3,0,0,0
10,147,7,19,9,151
27,1,0,1,0,1
25,0,0,0,0,0
2,6,47,2,0,8
4,0,0,0,0,0
5,0,12,0,0,0
4,7,3,5,2,1
479,759,440,68,40,16
920,1267,373,120,28,28
0,0,17,2,0,0
79,2,9,0,2,2
4,122,3,2,2,7
2,2,5,0,0,0
179,2,1,1,2,3
73,2,2,1,0,1
3,2,2,1,4,1
4836,8543,7640,182,135,145
1299,1094,1694,46,44,40
4,0,0,0,0,0
38,484,9,17,15,358
212,2,3,1,1,3
3,0,0,0,0,1
1,490,2,8,4,301
208,1,1,0,1,2
6,45,36,23,164,2
3,0,51,0,3,3
43,0,2,0,0,1
4,7,44,1,4,1
0,0,0,0,20,0
5,0,0,0,0,0
3,23,2,3,4,4
2,1,1,9,0,0
10,0,0,0,4,0
203,318,2,10,4,5
132,99,1,2,1,0
2963,7013,1712,267,170,138
194,513,780,40,30,20
252,3,330,23,5,4
2150,4235,3969,278,166,149
92,549,224,75,25,7
242,6,5,3,3,6
691,1447,713,70,45,58
2,144,0,3,3,3
426,584,13,15,16,12
2,261,4,4,7,6
4,378,6,3,5,5
254,624,12,9,21,20
6,733,5,34,10,11
3,162,1,3,4,2
5,818,6,20,8,6
166,192,2,6,4,3
38,12,83,9,15,3
5,185,3,7,1,4
37,236,51,5,7,3
79,858,350,94,36,19
204,272,18,9,8,10
56,1080,253,17,22,17
304,1917,502,80,70,44
2,350,3,3,8,1
344,416,117,7,12,10
170,718,10,19,13,11
289,4,1,3,1,5
1755,3499,2284,225,141,111
149,388,197,57,19,24
2,20,433,4,2,2
332,1573,234,64,12,15
29,166,116,26,6,42
2,55,2,0,1,2
239,593,146,8,10,9
79,442,34,15,7,6
68,624,14,12,13,7
366,4,5,1,5,4
80,468,40,21,9,3
1172,2,61,25,6,12
159,3,122,1,1,4
1,68,0,1,1,1
40,0,0,2,1,0
0,1,1,0,1,45
118,570,668,185,93,20
424,2,4,4,6,4
201,1238,114,20,23,28
601,2281,256,92,63,147
3,263,172,4,4,1
268,949,8,12,11,13
132,294,112,11,11,12
35,1,0,1,0,0
11,4,104,4,3,2
127,95,111,5,5,11
5,1,0,116,1,3
35,390,56,12,9,5
48,93,10,5,5,3
16,0,0,0,0,0
3,202,12,9,5,4
5,168,1,1,5,23
0,1,1,1,6,9
4,4,283,4,5,6
3,95,4,4,5,3
613,8,98,3,7,7
7,174,1,3,3,4
3,36,34,2,2,2
89,1,2,0,4,0
1,0,12,0,0,0
1,14,0,1,1,0
13,0,0,0,0,0
13,0,0,0,0,0
732,3293,594,120,88,49
34,710,5,7,8,6
167,429,634,27,12,12
392,826,41,30,18,42
90,1,1,0,3,2
6,3,337,3,2,5
10,273,13,11,12,12
1,0,2,0,1,24
3,134,2,2,3,3
1,4,3,88,58,4
2,1,1,5,40,2
48,48,43,389,700,30
5,13,10,332,125,11
8,4,8,9,24,5
31,26,26,69,445,35
10,15,21,117,181,10
11,30,12,49,64,8
15,16,16,28,219,22
1,2,2,1,1,0
2,1,1,1,1,0
3,2,1,13,10,1
1,1,2,9,5,6
2,5,4,7,14,10
4,4,7,10,5,1
2,2,4,6,7,2
6,5,4,14,18,6
5,2,3,12,17,10
4,2,4,13,13,4
1,2,1,1,0,1
4,5,11,14,75,14
8,8,9,27,161,57
3,4,5,2,1,9
6,5,19,12,99,86
9,10,9,216,177,71
1,4,2,4,11,1
6,7,13,59,35,8
4,4,2,24,106,4
8,4,16,8,10,15
25,26,23,87,233,125
4,3,5,13,42,90
2,3,3,4,9,55
7,11,8,12,20,109
3,6,9,24,13,89
5,9,5,5,6,105
8,9,8,12,9,134
3,1,1,4,3,5
5,2,2,15,2,27
1,1,4,20,7,11
4,3,2,6,7,7
4,3,6,5,3,249
1,3,4,4,2,79
1,2,2,2,4,2
6,3,6,2,4,46
3,2,2,1,1,21
8,7,16,9,126,9
4,1,3,4,5,8
10,8,7,74,66,54
11,11,15,17,7,347
1,1,2,2,2,40
3,2,1,2,4,120
5,6,9,3,7,96
1,1,1,1,1,0
5,2,5,3,5,18
3,3,10,5,33,4
3,1,6,11,7,9
19,12,14,15,50,36
2,2,4,7,1,30
1,1,1,2,2,27
12,3,3,7,5,94
1,2,4,4,7,73
3,9,6,9,3,118
8,12,12,10,10,186
5,4,2,5,2,1
5,6,4,6,27,12
2,6,8,6,6,9
1,1,1,1,0,0
2,3,5,1,5,99
1,1,4,1,1,0
1,1,2,1,3,0
13,20,14,16,11,900
4,1,3,2,1,124
12,9,28,76,310,15
4,1,12,4,19,7
4,7,10,21,94,4
3,6,7,6,12,105
3,0,1,1,1,26
1,6,8,2,6,85
10,3,10,4,6,149
3,3,5,2,1,50
3,4,2,1,5,58
1,3,1,0,1,0
1,1,0,0,0,0
16,9,14,29,16,4
1,4,2,2,1,4
5,1,1,1,1,0
4,4,17,5,10,1
3,1,8,11,3,2
12,9,6,16,6,6
4,4,5,15,7,3
11,8,278,259,112,9
32,34,686,1657,1008,27
0,0,2,0,1,3
11,12,67,348,140,11
14,9,141,474,420,16
1,1,2,1,1,1
5,6,38,36,37,3
1,3,8,10,9,2
1,1,6,5,5,1
4,2,23,23,21,12
11,10,261,121,96,9
2,2,1,1,1,1
9,7,347,73,264,24
11,10,209,222,182,13
2,1,2,2,1,3
14,12,76,285,237,18
3,5,5,6,4,15
3,2,6,4,4,7
2,2,0,0,0,3
1,0,1,0,1,3
10,11,7,13,5,2
1,1,1,1,0,0
2,2,0,0,0,0
1,1,3,2,1,3
1,1,1,3,1,1
36,8,7,31,3,3
1,1,15,10,5,3
7,7,42,79,37,7
6,5,293,77,248,7
4,0,1,0,0,0
3,6,8,11,9,6
6,5,38,39,52,14
6,0,0,5,0,0
1,4,1,1,1,1
55,5,3,1,3,8
1,1,6,0,0,0
6,9,168,145,122,7
9,17,158,258,252,7
2,2,2,3,1,4
10,12,14,13,9,652
5,4,3,1,3,85
2,1,2,0,1,1
3,14,20,6,5,30
0,0,0,0,1,0
2,1,0,0,0,0
1,1,1,1,1,1
5,1,0,0,1,0
1,6,1,3,2,2
6,1,0,0,0,0
2,0,0,0,0,0
1,0,9,0,0,1
4,1,5,0,0,1
19,16,40,1,2,28
11,0,23,0,3,2
2,4,8,4,6,2
4,1,11,1,1,1
1,0,2,2,0,0
2,1,1,0,0,1
1,2,2,3,1,13
5,1,0,0,0,0
1,4,1,1,1,1
216,6,12,13,10,103
0,0,2,1,0,15
10,16,112,251,276,12
3,6,27,29,16,1
1,2,1,1,0,0
3,6,3,2,3,22
4,2,1,1,2,11
3,1,0,1,2,0
2,11,2,0,1,4
1,0,0,0,1,12
8,0,0,1,0,0
2,1,7,5,5,3
1,3,1,1,3,3
4,7,12,41,85,3
4,4,19,42,35,5
1,1,3,1,1,1
8,8,27,68,16,4
5,3,34,54,4,7
1,2,1,7,1,1
6,6,18,35,7,3
7,4,24,9,5,1
6,54,68,77,70,5
1,2,5,1,1,2
3,5,7,9,30,3
6,4,64,12,85,1
2,1,1,1,1,0
4,6,8,9,8,2
1,2,1,1,3,1
4,2,1,4,2,2
2,6,45,11,9,15
6,3,13,16,23,9
4,7,5,17,3,10
9,11,22,55,41,6
4,2,30,18,29,6
4,5,18,9,4,4
5,11,32,50,30,26
2,2,2,2,1,3
3,9,7,6,12,10
2,6,1,8,6,4
1,1,0,0,0,3
4,6,10,28,18,3
3,4,29,19,11,5
1,4,1,1,0,0
4,27,61,2,1,5
4,9,24,33,6,7
2,4,1,1,1,2
3,8,17,18,3,6
4,2,6,3,6,2
15,2,17,11,31,1
1,1,0,1,0,0
4,6,4,5,3,2
8,17,11,3,13,4
1,1,7,0,0,0
1,2,2,1,2,1
0,0,1,0,0,0
1,1,1,1,1,1
15,6,7,37,26,13
17,17,22,19,13,4
7,19,3,34,10,3
10,6,11,11,5,88
2,4,5,2,3,23
3,5,10,1,1,6
11,7,36,1,2,14
0,0,4,0,0,3
4,1,4,3,1,10
4,2,4,2,10,9
1,1,0,0,0,4
2,4,6,3,3,4
1,15,3,0,0,1
1,1,1,3,1,2
1,14,3,0,1,2
14,0,17,0,1,2
0,5,0,0,0,0
5,8,1,2,3,11
1,3,2,2,1,2
1,1,1,1,0,0
0,1,0,1,0,0
3,2,3,2,0,1
1,4,1,1,2,1
1,2,0,0,0,0
0,8,0,0,0,0
1,2,0,0,0,0
3,1,0,0,0,0
5,21,26,90,46,3
2,4,10,7,3,4
7,1,8,3,2,1
6,19,8,5,6,38
2,5,2,1,1,20
3,3,34,1,2,0
6,69,5,6,3,5
13,0,1,0,1,1
0,12,37,2,5,0
9,12,15,384,85,6
10,4,25,161,16,5
100,122,308,1579,4181,94
15,19,19,123,1199,17
7,20,14,47,280,5
107,82,157,575,2439,48
27,22,31,501,375,14
46,13,17,100,417,11
48,83,69,210,605,28
1,1,3,1,1,4
1,1,0,0,0,1
18,3,15,19,22,6
6,20,24,23,20,1
2,18,35,116,16,11
7,19,65,100,31,5
10,8,13,38,23,5
14,28,34,81,632,15
20,12,9,232,28,13
3,5,13,11,8,5
1,1,2,1,2,6
6,32,59,37,168,18
31,23,208,600,408,24
7,7,28,28,33,18
21,34,134,415,406,14
36,40,132,2347,580,30
13,2,6,84,29,4
15,11,23,20,250,10
9,9,23,440,346,12
38,23,11,268,98,14
104,107,123,1292,1587,103
13,17,37,345,116,32
16,48,17,75,74,24
22,38,26,208,262,15
9,10,57,281,86,76
21,19,10,167,123,25
43,24,22,204,128,18
5,7,7,13,4,3
7,29,49,13,19,57
4,17,151,27,41,15
5,4,10,21,36,4
98,205,122,222,13,227
156,26,99,56,24,37
2,3,3,22,24,4
37,28,16,120,42,18
15,6,1,39,4,20
11,42,72,44,319,12
10,17,6,16,10,4
41,67,139,402,165,21
81,308,143,180,308,954
6,23,4,5,6,106
9,128,48,7,10,275
9,12,102,197,67,173
3,3,10,2,1,8
13,1,3,8,2,39
9,13,35,137,95,7
19,18,18,105,129,3
27,37,20,49,272,14
8,6,13,19,23,55
12,29,5,7,6,16
40,20,44,11,50,68
21,22,9,55,22,21
10,31,21,23,31,201
86,15,39,43,77,65
3,12,8,44,7,2
42,17,18,264,387,18
11,19,8,76,120,5
8,2,0,0,0,0
49,161,55,4,6,21
0,0,0,2,1,20
6,1,1,1,1,6
305,127,143,20,14,466
126,2,2,1,0,2
34,42,226,299,1238,19
16,19,19,33,51,1
33,24,192,176,36,10
67,32,9,6,4,127
2,38,1,0,1,11
0,1,107,2,0,3
34,19,185,13,13,6
2,2,45,0,3,0
3,43,5,2,5,44
1,3,6,2,2,1
4,1,2,3,3,2
77,38,181,138,120,14
2,16,14,18,26,1
2,4,40,6,4,2
39,20,76,80,51,11
10,3,11,20,64,2
53,97,219,216,43,13
34,2,19,167,10,8
39,27,1215,1206,133,19
129,473,4956,3420,4392,102
1,1,4,1,1,0
23,131,422,446,939,24
41,137,1732,1431,1214,54
2,6,2,23,1,0
10,8,104,61,141,4
17,18,117,131,87,9
11,2,26,50,9,4
12,45,64,36,72,8
53,99,123,293,711,11
1,0,13,1,0,2
29,76,581,879,770,62
39,377,268,379,986,44
2,2,49,1,3,0
28,307,1059,661,258,52
4,26,25,16,35,81
2,8,2,17,23,1
5,3,17,7,6,4
2,14,3,3,1,11
36,11,126,100,71,11
11,9,15,16,22,6
8,32,3,9,10,7
21,17,9,24,13,12
6,3,5,21,76,5
164,109,32,463,21,48
43,49,41,11,77,46
9,11,337,391,561,13
29,149,1011,847,2157,23
4,1,2,39,1,0
6,12,54,42,45,225
40,49,175,262,82,101
38,7,1,3,4,72
6,7,14,15,14,10
14,191,324,24,10,5
2,36,0,0,13,45
17,54,499,199,658,13
27,32,225,1395,769,19
4,4,13,4,4,5
39,62,24,24,22,2483
65,21,4,3,4,201
0,2,0,0,1,20
23,10,15,51,15,149
1,1,1,1,1,9
2,1,6,8,8,2
2,1,1,1,1,3
36,1,2,10,3,1
1,22,21,3,2,1
2,2,10,2,7,2
61,4,1,2,2,1
0,2,19,0,5,0
2,4,5,29,26,21
209,34,36,213,13,318
119,20,4,113,3,2
6,7,20,15,17,2
105,222,242,46,19,7
1,2,107,2,3,2
6,2,3,2,4,30
347,6,4,3,4,13
32,0,1,0,0,0
4,0,1,2,1,12
691,885,1245,50,45,2236
570,255,4,6,5,7
33,89,558,652,835,19
7,28,70,121,88,3
2,2,7,7,2,1
2,18,4,1,1,55
83,0,1,0,0,2
1,0,0,8,1,0
1,36,4,3,2,24
2,1,1,34,0,0
1,24,1,2,2,0
3,18,103,7,13,7
2,1,43,2,0,2
77,155,849,350,628,40
52,179,141,519,88,16
1,16,0,68,7,6
59,109,1130,289,130,26
71,91,295,589,158,17
4,11,22,26,43,5
15,69,514,141,15,24
32,156,3,42,61,4
73,716,771,218,1349,24
4,6,87,1,1,1
24,345,20,136,63,8
68,814,226,93,144,14
10,4,93,0,2,1
20,25,70,58,27,5
9,24,7,32,0,2
1,3,28,4,6,2
32,10,11,44,76,4
46,38,54,156,124,4
3,49,110,27,5,11
21,89,392,195,108,37
51,190,144,34,158,8
13,235,93,122,16,9
34,58,472,146,213,23
4,7,22,21,6,5
10,23,87,34,5,2
29,18,32,106,26,4
3,2,1,25,2,0
26,96,320,252,285,22
22,58,207,274,238,41
20,2,61,1,0,0
39,207,364,242,43,29
134,114,172,473,176,107
4,12,15,1,1,76
17,67,438,21,4,6
71,151,137,51,30,7
84,356,174,619,21,13
35,6,4,2,15,9
100,791,77,132,233,22
60,825,48,372,20,15
66,0,0,0,0,1
7,18,93,12,2,18
1,2,36,1,1,0
7,1,5,23,0,0
31,51,301,8,192,14
103,46,176,108,250,8
59,107,25,205,57,11
58,226,231,83,49,587
2,4,93,89,6,85
10,180,27,4,4,54
12,33,136,77,12,83
20,1,0,0,2,3
13,16,1,2,60,2
2,17,6,29,19,4
4,2,4,0,1,1
13,6,12,5,10,1
10,20,184,45,16,8
2,7,0,1,1,4
28,9,2,84,3,7
23,115,159,173,19,48
46,0,1,0,0,0
22,65,3,3,4,62
6,14,13,15,4,6
1,12,0,1,17,0
4,2,0,0,0,2
5,16,1,59,2,3
1,73,2,1,2,2
4,0,0,0,1,0
0,1,0,18,1,0
24,1,0,1,1,0
4,0,0,1,1,9
29,203,157,306,382,24
6,221,8,6,3,5
4,42,134,4,2,7
43,235,14,14,10,26
23,3,2,2,44,4
112,2,4,2,6,3
139,71,18,3,4,60
1,1,1,0,19,0
8,85,0,5,5,3
7,33,36,49,29,2
30,47,22,28,9,3
683,2791,1280,1081,535,77
86,125,142,85,60,7
102,256,41,51,16,6
712,1643,1165,1316,944,90
59,65,107,130,77,10
188,229,260,93,90,17
377,128,322,571,274,36
3,1,3,0,1,0
2,0,0,0,0,0
8,18,3,8,11,8
13,12,7,22,21,4
155,48,183,20,7,45
30,181,138,5,17,8
21,8,41,50,26,1
1155,427,344,752,40,24
87,345,120,88,17,12
11,7,3,1,3,6
4,0,5,0,1,0
13,14,70,30,4,5
46,116,177,88,46,6
10,12,1,1,1,2
51,205,126,57,12,12
82,253,815,467,66,15
15,21,5,1,2,6
81,48,97,22,8,11
26,68,68,36,89,10
265,71,196,167,17,5
1172,624,1095,1614,1081,92
24,57,9,17,30,26
134,41,123,78,34,17
123,212,231,329,26,28
5,54,29,43,34,10
29,58,104,15,73,28
112,75,38,188,72,14
1,17,1,1,2,0
194,36,11,7,3,13
20,145,185,13,6,24
17,5,2,4,11,2
604,503,280,83,10,213
248,130,180,13,15,115
4,3,1,13,19,3
68,87,92,140,20,70
32,106,1,1,3,0
36,56,73,50,42,13
19,2,6,3,3,4
42,207,141,125,34,12
56,68,158,39,13,427
38,1,2,0,0,0
17,281,8,4,6,18
25,85,48,17,12,144
17,0,0,0,0,0
1,40,1,1,1,0
42,10,63,12,19,5
111,353,267,67,23,5
354,261,137,82,66,22
5,39,2,2,1,0
30,3,1,4,2,33
48,131,101,22,11,13
28,4,3,5,1,22
55,29,1,18,12,44
74,21,135,32,14,57
21,37,13,16,4,1
728,390,764,331,52,21
293,53,75,96,9,8
4,0,0,0,1,0
1,50,248,5,2,1
30,0,0,1,0,0
9,0,0,0,0,1
5,118,144,3,4,3
34,0,0,2,1,0
173,174,404,72,62,16
16,15,7,21,6,2
84,76,94,82,25,7
25,54,3,3,4,3
0,0,0,1,0,7
3,0,0,1,3,54
5,74,2,2,1,2
1,2,25,2,0,0
62,2,4,3,4,3
8,3,12,3,2,1
1,72,7,92,1,2
7011,8548,9323,1434,245,218
1,4,29,1,30,2
302,139,238,25,4,9
8998,5394,6354,883,159,180
12,2,2,30,8,0
884,499,384,211,18,18
1427,1192,1824,294,47,47
14,69,21,19,15,4
87,183,157,57,123,7
0,19,1,0,2,1
11,31,117,33,23,1
409,734,1078,229,110,20
511,1115,16,265,26,20
17,14,11,8,9,1
4387,6450,6276,138,144,132
1273,1188,1899,39,42,31
4,13,8,2,2,3
8,25,15,9,19,1
2,1,9,0,0,0
39,51,20,37,56,5
13,51,11,17,19,15
1,1,65,0,1,1
48,62,31,56,78,8
6,5,4,3,13,4
0,0,25,18,1,1
4,6,12,6,20,2
310,285,541,6,8,11
4718,6581,8948,720,195,727
5,1,2,9,12,3
63,97,311,21,9,129
637,1177,666,26,23,121
9,2,1,17,2,1
171,183,249,2,6,21
142,181,315,9,7,19
4,30,21,41,48,1
525,330,225,416,223,11
941,412,194,16,17,202
7,5,26,9,10,9
2951,1929,4095,99,96,989
616,1385,1764,35,24,422
1,1,1,1,1,2
418,329,308,23,24,760
440,26,3,3,8,116
9,48,25,47,16,4
5,57,29,22,61,4
4,0,1,2,44,0
16,60,45,21,16,96
1,2,20,1,4,3
25,0,0,2,0,0
25,1,8,1,1,7
1,1,0,0,1,0
2,4,0,0,0,0
1,0,0,0,28,5
276,380,384,133,11,5
505,1153,920,23,30,19
5,0,0,6,0,0
131,1,2,2,4,0
1,0,1,0,0,71
6,4,1,0,0,0
67,71,186,8,5,27
107,3,0,5,1,2
1,8,1,1,4,0
6399,4673,6895,124,156,144
1588,1978,555,23,37,38
3,0,0,0,0,0
536,357,652,22,20,16
158,5,1,35,1,1
1,3,1,0,0,0
777,307,952,26,31,328
624,2,0,6,5,4
42,41,37,66,56,4
10,10,22,2,2,2
22,29,0,0,0,0
3,2,21,4,2,2
1,15,2,1,4,1
1,11,1,1,0,0
1,13,1,0,0,0
2,1,30,7,1,2
9,0,0,0,0,1
46,425,32,11,4,1
0,1,273,3,7,0
3027,6736,2708,310,164,145
133,900,345,33,26,19
41,59,369,5,4,4
3132,5391,2153,281,180,117
120,435,374,23,28,17
263,13,5,3,5,4
547,1106,1281,83,32,46
7,179,4,6,3,3
425,1161,27,8,16,14
3,375,8,5,1,1
311,63,41,7,5,10
152,636,31,22,24,21
5,751,12,12,5,12
6,114,0,18,11,3
459,30,385,8,6,10
342,4,6,8,3,6
10,38,125,11,10,4
2,223,4,2,2,0
10,327,62,3,3,8
168,462,319,199,40,23
101,401,10,6,4,7
171,811,331,29,27,20
366,1208,321,96,80,36
75,3,1,1,53,3
177,614,5,10,9,19
388,320,243,9,23,8
185,1,2,2,0,5
1282,4015,2408,271,131,184
164,502,146,55,24,14
4,281,3,3,1,3
153,2303,92,31,22,26
109,176,83,9,16,6
1,1,121,2,2,3
714,15,162,35,19,6
230,286,15,26,30,7
39,908,9,17,15,11
330,3,66,5,4,7
5,486,1,6,10,6
113,904,2,15,4,10
0,2,296,1,3,18
1,83,1,21,0,1
100,1,2,0,3,2
60,2,2,1,1,0
185,624,271,115,32,22
235,256,7,7,8,6
328,1121,66,21,19,21
290,1236,137,69,47,656
356,3,19,2,2,5
428,819,17,13,16,12
104,196,25,15,71,26
5,14,8,1,0,1
103,0,1,1,2,1
3,243,5,13,9,4
97,1,0,1,2,1
113,261,91,2,10,9
9,180,3,4,2,11
28,1,1,0,0,1
13,208,8,3,5,5
60,20,49,2,3,4
2,0,0,8,1,1
6,155,7,10,12,12
11,77,2,3,4,4
165,2,0,153,4,2
182,6,2,1,2,3
1,74,2,3,2,2
1,50,1,3,5,2
9,0,0,1,0,0
1,13,0,1,0,1
0,1,1,9,0,0
1,8,1,2,0,1
728,1524,492,99,77,47
228,4,7,5,8,5
221,913,99,12,10,16
417,136,35,19,22,116
3,5,1,66,1,3
5,2,162,6,9,6
12,248,21,12,15,8
27,0,0,1,0,0
3,98,7,1,1,4
