-544.52,-249.62,-249.44,-159.04,-52.149,-301.13
-90.146,-197.25,-71.995,-50.898,-222.29,-214.35
-805,-887.7,-610.03,-674.78,-410.43,-706.05
-578.85,-475.7,-540.56,-40.257,-237.91,-800.33
-457.85,-644.22,-424.09,-427.73,-339.65,-584.37
-666.44,-624.41,-843.76,-576.59,-111.41,-783.14
-757.02,-424.61,-514.99,-411.57,-51.368,-696.27
-709.36,-526.59,-632.93,-523.51,-230.95,-696.09
-532.59,-493.16,-559.62,-473.83,-155.87,-751.44
-21.909,-85.497,-33.711,-8.2015,-4.9348,-79.804
-26.559,-1.6706,-6.2592,0,0,0
-26.338,-207.86,-31.98,-26.185,-16.813,-67.37
-223.04,-72.374,-198.39,-201.4,-39.702,-209.9
-317.12,-389.02,-361.04,-360.72,-350.67,-87.367
-252.31,-541.53,-358.19,-162.97,-281.52,-324.87
-226.13,-437.09,-301.12,-140.31,-202.87,-491.69
-667.7,-625.32,-650.69,-632.09,-485.58,-663.46
-358.86,-423.16,-387.52,-135.68,-365.01,-355.32
-50.252,-204.34,-33.736,-37.125,-34.404,-201.21
-7.7075,-200.58,-0.15093,-0.82401,-7.7571,0.98374
-166.53,-143.64,-271.6,-35.407,-207.72,-168.78
-422.46,-342.94,-236.61,-273.46,-8.4986,-267.17
-0.6,-200.4,-141.35,-1.0533,-3.1297,17.385
-360.88,-291.65,-238.68,-219.32,-62.189,-214.65
-310.28,-279.34,-477.16,-189.88,-14.392,-208.2
-79.916,-229.55,-66.024,-225.36,-37.538,-195.17
-400.09,-353.25,-326.6,-82.683,-268.04,-322.92
-525.65,-258.12,-119.31,-169.63,-259.49,-434.88
-492.54,-322.95,-419.49,-386.64,-103.87,-305.57
-651.79,-673.82,-718.52,-654.74,-231.02,-608
-413.06,-265.84,-143,-233.52,-158.77,-68.303
-198.2,-398.46,-311.01,-338.9,-206.11,-67.271
-535.36,-428.29,-283.25,-127.33,-74.841,-104.11
-165.79,-437.27,-147.82,-168.73,-200.98,-62.156
-365.96,-192.98,-410.17,-305.8,-260.5,-70.06
-135.1,-162.29,-245.26,-118.14,-249.71,-60.09
-222.44,-207.09,-7.2397,-7.909,-13.684,-199.23
-196.5,-354.93,-259.18,-202.23,-219.59,-3.1312
-219.96,-370.57,-246.2,-178.27,-60.544,-255.7
-197.88,-198.23,-1.5851,-2.5963,-10.806,8.087
-350.96,-359.4,-582.34,-282.54,-153.31,16.892
-163.14,-502.59,-196.76,-318.83,-199.1,30.2
-206.46,-214.64,-7.4738,0,-0.28887,0
-150.37,-359.85,-195.6,-277.55,-200.59,-3.5337
-198.2,-6.1268,-191.44,-196.64,-151.58,29.752
-441.7,-482.29,-266.2,-88.523,-248.41,-440.08
-292.13,-205.25,-17.309,-16.852,-18.459,-172.96
-437.86,-454.16,-320.89,-166.01,-42.779,-397.3
-502.82,-180.17,-125.9,-23.416,-12.443,8.1586
-280.95,-200.4,-154.25,-0.87022,-1.1439,24.148
-253.4,-203.14,-331.24,-128.88,-3.7159,9.4719
-76.116,-482.37,-50.457,-5.1419,-155.48,23.326
-1.6238,-2.2513,-194.84,2.0284,0,0
-200,-195.87,-155.19,-187.11,-0.85766,27.191
-557.44,-380.09,-291.06,-313.26,-61.046,-451.29
-198.2,-196.76,-199.2,-251.14,-55.415,-146.89
-542.35,-474.32,-475.03,-440.64,-44.077,-358.7
-198.2,-157.64,-167.56,-210.94,-201.22,-3.729
-196.76,-155.15,-197.77,-158.77,-202.19,-1.2702
-153.83,-249.97,-91.765,-80.585,-205.11,-3.8696
-199.2,-131.82,-358.1,-128.28,-13.476,16.345
-338.45,-261.34,-393.28,-100.28,-245.47,12.302
-90.222,-40.592,-320.91,-198.92,-157.93,3.7497
-46.075,-196.67,-33.466,-201.03,-40.469,-352.46
-616.71,-653.28,-607.98,-575.43,-457.44,-556.86
-391.67,-412.14,-391.38,-325.35,-214.26,-351.56
-29.221,-200.48,0,0,0,6.1903
-155.74,-243.65,-145.51,-117.62,-2.2937,60.081
-198.2,-195.66,-285.12,-188.03,-179.5,62.498
-195.06,-191.11,2.5057,0,0,0
-549.95,-298.58,-615.01,-314.55,-227.01,56.086
-462.12,-101.55,-230.43,-268.23,-192.33,69.096
-363.19,-453.81,-268.97,-316.24,-191.11,-550.89
-200.14,-244.42,-183.76,-385.35,-45.387,-142.06
-487.46,-344.8,-280.2,-375.33,-104.53,-471.78
-157.2,-113.87,-126.99,-7.2436,-1.3428,45.391
-166.31,-0.4,-12.062,-176.78,0.80491,0
-215.88,-309.32,-240.26,3.2723,-3.3627,49.935
-320.09,-264.73,-162.04,-109.42,-196.03,51.525
1.8,-295.03,8.6716,15.518,0,57.514
-233.08,-111.15,-469.44,-268.3,0.42516,50.911
-105.22,-34.24,0,-6.82,-3.7719,0
-12.34,-6.1279,5.7144,0,0,-12.735
-203.22,-19.076,-5.9041,-34.056,-0.88001,-232.41
-22.377,-13.792,-61.975,-12.436,-10.784,-11.458
-34.247,-27.13,-14.952,-19.927,-2.8963,-49.951
-13.603,-15.042,-25.286,7.0829,-4.1816,-227.49
-207.22,-29.11,-40.847,-10.764,-8.8288,-214.17
-20.85,-29.767,-33.802,-9.4039,-0.81053,-223.57
-43.107,-19.479,-64.005,-5.4497,-5.3822,-170.86
-337.05,-229.73,-56.785,-51.391,-56.97,-470.78
-108.49,-65.326,-46.282,-56.705,-57.278,-143.47
-0.6,0,0,0,-1.6,8.2942
-432.36,-219.98,-57.366,-56.914,-47.685,-236.81
-184.49,-259.57,-46.934,-47.797,-35.015,-239.36
-59.164,-14.318,0,0,0,0
-500.28,-62.914,-49.147,-37.561,-48.707,-347.89
-150.22,-27.775,-209.07,-25.376,-24.032,-132.96
-26.041,-28.953,-15.903,-47.731,-16.129,-23.432
-177.95,-121.21,-44.645,-44.754,-43.782,-296.33
-117.5,-60.655,-42.002,-50.825,-51.221,-226.97
-17.632,-39.998,-4.0848,-2.8465,-4.2061,0
-322.93,-48.054,-28.848,-19.443,-28.907,-195.77
-408.5,-83.813,-26.632,-25.986,-8.029,-88.633
-3.157,-1.552,-2.6219,-4.827,-3.2893,1.6965
-504.6,-112.42,-31.773,-37.041,-18.881,-276.95
-218.17,-202.69,-27.362,-21.897,-26.969,-211.59
-164.19,-41.808,-16.216,-13.957,-13.377,-21.465
-11.109,-7.7137,0,0,0,0
-54.043,-31.75,-20.11,0,0,0
-191.13,-19.42,-12.009,-4.5714,-8.4002,-144.5
-7.3953,-207.55,-9.8345,0,0,0
9.6806,0,0,0,0,0
-10.95,-219.11,6.0735,0,0,-2.0131
-6.7564,-58.974,-23.015,-6.379,-6.869,-14.969
-15.307,-7.8646,-124.79,7.0513,0.45544,-63.828
-115.81,-0.90133,0,8.8736,-0.10944,-29.835
-177.89,-148.3,-37.462,-53.722,-53.914,-302.12
-201.32,-144.71,-59.383,-54.048,-41.989,-418.38
-10.109,0,0,0,0,0
-204.81,-222.23,-40.058,-38.81,-37.71,-37.681
-283.59,-361.34,-20.165,-31.441,-33.111,-33.503
-7.8001,0,0,0,-0.59398,0
-36.567,-9.3223,-8.785,-9.4984,-12.326,-12.991
38.15,19.865,15.57,1.7372,15.05,15.704
-27.269,11.938,0,0,0,0
-114.03,-107.05,-47.386,-38.737,-32.457,-234.95
-201.94,-96.761,-46.846,-39.303,-44.629,-260.03
-52.499,-37.239,-9.454,-3.2801,-5.7103,-185.53
-26.848,-63.522,-22.776,-14.979,-29.835,8.1041
-157,-192.64,-12.285,-10.245,-9.4654,12.622
-14.5,-4.5606,0,0,0,0
-133.78,-203.49,-197.94,-8.5151,-7.7117,9.5516
-3.2845,-0.2,0.42364,0,0,0
-204.5,-201.4,-2.2,-2.2,-3.2987,3.8925
-38.295,-213.1,-1,-2.529,-3.6904,-198.91
-70.774,0,0,0,0,0
-6.2021,-25.637,-26.37,-0.51632,-1.1118,-185.76
-10.185,0,0,0,0,0
-199.6,6.0238,0,0,0,0
-15.236,0,1.2,0,0,12.32
-195.54,-207.99,0,-1.4,0,0
-162.48,4.0182,-147.43,6.8859,2.7281,1.8432
-166.32,-17.225,24.98,0,0,-4.4045
-30.828,-18.763,-18.235,-14.845,-14.778,-364.69
-181.6,2.4415,0,-0.29208,0,10.133
-46.483,-10.885,0,0,0,0
-201.69,-21.083,-6.4689,-6.4655,-6.4503,-6.8664
-179.67,-198.34,-2.9366,-3.96,7.1698,-6.5018
0,0,0,0,0,41.617
-0.53406,-201.8,0,0,0,0
22.622,36.357,56.757,34.304,22.102,58.625
67.749,0,21.63,0,12.773,13.692
-101.78,-180.28,-33.007,-22.376,-32.573,-770.35
-73.022,-162.89,-37.507,-31.535,-35.878,-355.46
-0.009536,-4.5581,0.63562,0,0,14.768
-229.53,-183.13,-2.2,-1.8797,-8.2539,29.708
0,1.1875,0,0,0,30.106
-173.68,-179.05,0,0,0,0
-197.88,-1.4,-2.2,5.3122,-2.2,33.462
-174.29,31.786,4.2663,9.7802,2.3763,8.9039
3.5163,27.371,0,0,0,0
-44.317,-34.35,-40.009,-4.7833,-9.2982,-197.7
-29.151,-29.738,1.5532,-0.10217,0,0
-220.91,-8.3576,-37.657,5.5022,-3.9525,-199.45
-44.519,-92.604,-41.352,-12.861,-3.4069,-121.16
-252.49,-10.999,5.5276,0,-1.3043,0
-26.924,-13.389,-24.018,-2.8196,10.115,-342.92
-51.559,-50.664,-8.6226,-14.686,-13.538,-238.72
-53.881,-77.737,0,1.8931,0,0
-75.118,-30.3,-15.167,-11.83,-3.1448,-206.8
-55.237,-32.941,-10.685,-6.501,2.5063,-314.94
-41.776,-14.943,6.5881,-3.6776,-4.011,-329.35
-43.935,0,0,0,-3.1813,0
-11.002,-83.912,5.7776,-11.394,-18.973,-294.34
-1.2029,-24.273,4.7865,0.11785,-8.8078,-174.64
-4.3239,-14.565,-3.6106,4.8096,-2.9568,-198.31
-32.607,-7.5368,-11.946,-15.055,-9.4804,-7.8085
-23.596,-18.964,-2.2,-1.8,-1.4819,-7.6854
-48.136,-49.743,-2.1967,-2.4393,-1.5505,0
-12.064,-36.772,-16.699,-15.411,-14.587,-5.559
-37.03,-7.1395,-16.079,-16.632,-16.709,-162.27
-6.7663,-24.517,-0.13917,-3.9856,-4.8684,-18.966
-24.52,-37.478,-29.952,-21.371,-0.16077,-131.76
-16.501,-27.465,0.72362,-1.3763,-3.2419,-199.47
-36.236,-38.893,-19.526,-28.979,-7.4964,-159.15
-65.121,-26.105,-15.174,-8.5077,-14.049,-119.12
-16.633,-53.743,-3.4059,-2.7626,-4.3136,-5.4176
-43.898,-18.192,-6.3215,-8.0941,-3.1954,-3.7154
-34.314,-63.247,-3.1429,-4.5089,-11.046,-66.433
-3.4206,-82.276,0,0,0,0
-150.59,-14.907,-80.93,0.63867,-11.358,-201.35
-21.356,-166.14,-10.812,-12.187,-2.5042,-22.741
7.5593,0,0,0,0,0
-43.219,1.3626,-1.2,3.2879,7.5673,-10.045
-4.6686,-23.583,-4.0293,0.68527,-2.8127,-15.598
-19.548,-1.454,-22.348,6.0472,-1.1541,0
-9.1871,-1.1194,0.67871,8.9789,1.4644,-50.569
-43.85,-6.2188,-3.9686,-2.6605,-3.2069,-6.8743
-107.03,-4.4151,-0.51278,0.31266,-5.0104,-4.7524
-6.212,-6.0722,11.182,-0.88107,0,0
-4.1632,-8.2379,0.92149,-4.2492,-9.5686,-6.5763
-2.7071,6.2707,-0.44139,10.631,4.5087,-3.6848
-4.5618,-1.6989,6.382,0,0,0
-5.6377,-3.7799,-1.3893,-1.982,-1.4981,-7.6946
-29.134,14.068,0,0,0,0
-1.1421,-0.46881,0.58345,0,0,0
-52.116,-36.027,-25.3,-21.249,-9.9445,-351.29
-31.92,-11.292,-7.8453,-8.0224,4.4066,-197.97
-49.768,-15.719,-17.702,-2.7599,-9.1952,-354.28
-0.70104,6.9481,-0.27363,-5.3467,-3.8474,-1.6219
0.5085,-133.95,-4.3475,-0.59889,-1.7863,10.91
-175.17,-1.4741,-0.3131,0,0.64333,0
-4.412,-18.331,7.7909,-15.45,3.1062,-2.3852
-42.039,-0.4,10.822,0,0,0
-25.337,-1.7716,13.592,0,0,0
-33.358,-62.921,-25.133,-8.6421,-7.9266,-200.9
-46.86,0,0,0,0,0
-44.358,-27.595,11.007,-2.8741,-11.291,-194.19
-206.66,-2.4662,-1.865,-2.9275,-2.488,7.6439
4.0598,0,0,0,0,0
-9.1541,0,0,0,0,5.5155
-191.83,13.084,0,0.56572,-0.50713,0
8.274,0,0,0,0,0
-6.1431,12.033,2.6442,0,0,0
-2.88,-65.334,-2.8624,-4.0157,-2.8461,-201.58
-33.536,-0.4704,0,0,0,0
-56.87,0.2,0,0,0,-196.08
0.42194,0,0,0,0,0
-0.22973,5.9494,0,0,0,0
3.9923,0,0,0,0,0
-0.89461,0,0,0,0,0
10.567,0.50719,0,0,0,0
13.678,0,0,10.406,0,0
-19.55,-25.726,-22.17,-11.185,-21.032,-357.61
-9.7858,6.6315,-10.117,-24.308,-6.6553,-187.56
-5.4547,-92.109,-4.019,-3.4197,-1.1351,-169.09
-151.26,-8.4929,-3.4373,4.9333,0,0
1.3851,1.8695,1.2246,16.518,0,6.1427
-165.1,32.781,0,0,0,11.14
-0.39924,49.358,6.5128,1.2488,0,-0.53652
-0.4,0,0,0,1.0547,36.987
-159.14,41.953,-1,26.145,0,0
-56.837,-56.769,-53.285,-44.144,-50.029,-354.72
-62.609,-46.982,-70.227,-31.633,-64.733,-306.66
-160.23,-82.504,-81.032,-127.58,-17.75,-399.53
-129.54,-58.492,-90.176,-55.151,-36.341,-471.65
-57.61,-155.14,-72.705,-26.679,-87.735,-887.74
-76.419,-119.27,-73.122,-66.307,-14.887,-982.09
-91.198,-146.62,-111.16,-73.244,-46.226,-640.22
-87.239,-102.9,-103.39,-150.53,-34.212,-567.89
-50.094,-47.232,-114.77,-69.264,-15.362,-598.37
-5.6458,-6.4723,-7.0661,-8.634,-7.0499,-18.079
-6.6307,-20.33,-0.81127,-7.7474,-4.4874,0
-50.655,-32.417,-29.015,-29.613,-25.285,-106.97
-51.451,-93.692,-51.508,-17.57,-29.111,-224.04
-71.646,-21.292,-19.741,-26.932,-1.524,-196.81
-49.062,-51.657,-24.685,0.55884,-23.494,-58.241
-61.016,-93.477,-60.293,-30.347,-25.371,-386.05
-52.554,-33.3,-39.947,0.39876,-21.052,-486.92
-39.246,-45.359,-57.511,-0.97761,-25.514,-582.87
-106.62,-92.137,-25.195,-32.632,-32.771,-164.95
-6.1985,-2.0768,-1.695,-6.6388,-5.9051,7.2905
-42.968,-40.696,-38.332,-51.777,-21.014,-101.76
-40.563,-20.071,-11.134,-30.741,-26.577,-76.509
-44.189,-35.345,-26.498,-8.9264,-13.475,-125.47
-25.067,-27.826,-32.241,-25.7,-17.89,5.9151
-103.54,-32.04,-36.632,-24.007,-23.022,-92.736
-59.585,-20.492,-16.23,-15.446,-7.9652,-227.16
-31.083,-86.191,-26.757,-36.885,-9.7694,-179.99
-67.741,-46.806,-44.427,-41.834,-24.708,-374.27
-105.47,-56.715,-53.756,-25.059,-32.015,-187.29
-112.97,-92.892,-127.78,-99.914,-40.536,-88.054
-53.705,-50.639,-41.187,-43.793,-39.623,-54.512
-103.9,-57.238,-64.059,-158.18,-14.577,-58.755
-33.073,-7.349,-104.25,-51.458,-34.498,-47.38
-70.927,-45.991,-63.125,-25.401,-59.878,-51.771
-64.543,-107.92,-91.676,-25.582,-73.701,-81.751
-33.172,-24.632,-57.515,-33.745,-6.7987,-37.292
-30.057,-34.061,-25.783,-36.533,-24.331,-205.19
-51.673,-71.735,-42.934,-41.519,-36.188,-168.55
-38.793,-32.518,7.4957,-21.582,-28.742,-333.14
-64.516,-14.409,-27.561,-21.89,-14.613,-5.2436
-44.429,-2.114,1.3173,-0.9658,-0.21309,-5.5247
25.26,15.055,13.156,9.6288,2.0312,3.462
-9.1425,-7.4234,-4.9937,-6.6449,10.143,-23.241
6.6325,8.162,8.335,7.584,8.5991,9.0948
-55.7,0,12.888,28.628,4.4473,12.79
-43.698,-42.915,-37.19,-29.104,-38.452,-272.73
-34.812,-29.022,-25.401,-26.898,-26.882,-78.16
-45.327,-32.721,-33.323,-53.91,-26.972,-60.784
-1.7382,-7.8191,-3.9972,-8.5032,-5.219,19.47
1.7794,8.1623,-5.0074,3.0437,0,15.008
7.8394,-10.747,16.506,5.6417,-8.7849,4.1364
-1.5993,1.1184,2.6987,7.3666,3.4068,0.36649
26.369,0,13.185,0,0,0
3.9781,-2.2041,7.4042,2.81,0,13.441
-37.393,-42.312,-56.033,-36.786,-17.225,-360.27
-43.446,-47.612,-54.272,-12.486,-45.623,-480.12
-51.461,-48.847,-21.656,-52.794,-54.965,-345.64
13.354,-6.9409,-3.4765,-6.814,-3.0272,-2.0917
3.2465,-3.5228,-4.3821,-9.185,-1.0246,6.4471
-0.92224,-5.7882,-1.0531,-20.819,-1.8705,-0.057905
-15.549,-2.0124,-0.65133,5.8963,-1.9139,-4.1489
-8.5482,-4.2439,-11.446,-11.719,-1.5697,-3.5006
0.84011,0.4359,2.1067,2.7077,1.0184,12.704
-39.739,-44.26,-36.806,-22.431,-26.799,-150.08
-108.63,-23.454,-75.185,-15.89,-42.089,-253.94
-49.875,-68.995,-63.486,-54.349,-18.893,-454.66
-3.7981,-6.7838,0,0,0,-2.5626
63.72,30.029,35.071,-0.47589,3.3445,10.434
59.975,0,0,0,6.3739,0
2.5679,0,2.2185,0,0,10.031
50.201,57.356,59.839,35.927,41.427,52.016
33.643,71.368,46.866,0,12.885,24.039
-132.27,-81.431,-40.852,-46.394,-20.644,-519.29
-28.787,-32.954,-27.512,-23.469,-26.073,-340.71
-51.316,-65.908,-45.378,-30.658,-8.7513,-560.32
13.073,-6.8362,5.29,2.9032,11.093,31.069
35.767,0,10.723,0,0,0
29.203,38.978,0,4.4177,0,41.451
12.909,16.234,26.298,16.221,10.557,0
62.385,13.726,13.988,5.2036,2.1429,9.7718
59.881,27.497,0,13.398,0,13.73
-9.212,-7.9971,-10.35,-7.8944,-4.4729,-191.75
13.509,0,0,0,0,-191.83
7.8208,-41.406,37.355,9.1415,14.862,-816.87
-28.32,-21.639,-20.125,-21.232,-19.195,-37.279
-16.113,11.189,0,3.0032,8.5338,-353.2
-22.274,3.9884,18.906,5.3839,12.343,-560.34
-11.266,-75.031,-55.903,-8.4318,-0.30152,-32.222
5.0942,-41.86,-1.7518,27.827,10.485,-638.11
-39.52,8.4353,3.1559,16.642,9.0694,-615.6
-72.173,-46.735,-30.911,-44.356,-44.193,-424.99
-56.456,-71.698,-50.983,-29.465,-50.253,-210.42
-28.58,-3.0027,-5.852,5.2619,0,0
-71.263,-58.562,-43.719,-48.091,-47.837,-238.6
-72.687,-58.559,-30.43,-31.128,-25.634,-653.87
9.9082,0,3.7333,1.8417,19.125,-151.14
-47.403,-63.793,-32.721,-44.617,-45.333,-148.5
-56.283,-82.489,-21.121,-18.68,-21.592,-418.29
-15.569,-42.985,-10.733,0.27969,-7.544,-417.95
-40.459,-38.545,-33.805,-23.302,-34.966,-194.24
-45.03,-51.107,-35.862,-41.066,-40.01,-56.054
-1.8629,-5.8864,18.104,-5.0164,-1.1529,-1.02
-39.878,-31.502,-31.082,-22.057,-26.662,-168.44
-44.823,-27.289,-18.927,-19.096,-9.1495,-204.38
-6.0757,-1.385,-0.17888,-1.1084,3.5548,-0.66256
-24.654,-27.91,-24.522,-26.514,-32.578,-105.74
-41.253,-23.883,-21.236,-22.476,-23.071,-83.13
-11.193,-14.215,-9.5515,-9.4901,-2.6796,-10.24
-12.125,-2.034,-14.306,-13.15,-12.198,-14.339
-57.84,-0.53294,5.5067,5.3772,0,4.4926
3.5036,-23.228,18.446,10.541,23.544,-130.41
-16.96,-22.327,-18.706,-21.338,-18.266,-18.217
-1.5758,2.7388,20.53,-1.4386,-2.2928,-6.9047
0,-0.65255,0.26572,18.298,2.6819,-3.4797
-10.387,-1.5536,-14.937,-2.4006,7.3218,-24.673
-7.9514,-1.6218,8.541,17.907,12.657,7.2843
15.605,15.869,21.48,32.271,22.782,18.989
-80.391,-69.089,-47.568,-27.47,-39.802,-435.61
-46.159,-45.041,-32.684,-40.231,-40.522,-781.02
29.765,33.441,16.076,16.28,6.9116,-183.41
-51.61,-49.102,-41.079,-40.809,-41.272,-34.714
-1.6608,-0.91525,-189.45,-5.1246,12.558,-13.298
28.88,37.572,11.806,6.4642,9.5231,26.507
-25.777,-27.427,-28.383,-28.526,-27.753,-27.55
30.501,30.864,16.044,29.437,28.52,23.026
26.246,36.932,35.657,29.142,19.397,61.003
-95.255,-37.427,-36.853,-31.796,-25.834,-379.63
-33.255,-25.582,-35.893,-33.285,-32.138,-466.88
-8.0151,-9.8177,22.638,0,1.8228,0
-3.7667,4.0636,-22.108,-18.205,-7.7398,-6.5885
9.6023,5.8014,-1.0782,-7.6275,6.3019,0.4317
3.8466,0,0,0,0,7.3746
-2.0845,-2.7252,-3.5542,-1.9644,-1.288,15.723
0,0,18.755,0,0,0
-1.0826,3.3917,0,0,0,-1.1033
-31.058,-4.313,-4.1192,-6.3295,8.374,-193.27
-21.374,4.1409,0,18.892,0.45344,0
-22.032,4.5436,0.15272,27.071,-0.6,-153.86
12.671,0,-3.7044,0,0,0
4.0997,4.7361,2.6362,8.5933,0,26.062
19.75,4.0588,0,8.5202,0,0
-8.1644,-13.272,0,0,0.82672,0
32.596,-2.453,24.111,19.374,18.926,18.011
13.396,42.102,13.688,6.714,14.634,14.231
-42.866,-25.406,-14.81,-14.077,-13.855,-194.95
58.859,29.047,42.257,31.186,20.164,-375.69
42.85,31.423,35.003,16.183,17.817,-130.04
-8.0091,-0.98706,-2,-2,-5.2615,22.858
42.368,45.008,38.075,13.552,13.357,40.594
66.6,33.543,9.4508,9.1582,16.023,14.069
-1.9673,-10.886,0,-2,0,0
63.849,61.88,68.157,49.261,48.448,62.876
61.079,54.245,49.26,45.829,30.518,71.733
-29.942,-28.021,-23.789,-223.89,-28.57,-549.83
-44.16,-26.832,-28.728,6.0144,-25.2,-476.29
-2.7295,-2.4743,-0.031525,-0.11522,10.777,-345.66
2.6547,-3.6045,0,6.7486,0,25.6
-1.4,-0.876,-8.6927,-0.34054,0,25.928
0,0,21.538,6.7317,0,0
36.375,0,0,-1.6,10.222,0
64.875,32.539,13.445,18.374,14.91,11.184
49.909,0,0,0,9.1291,0
-24.661,-0.83675,27.009,3.3727,3.0344,-127.2
4.6062,0,27.843,7.0454,0,10.27
2.8752,33.673,21.317,12.012,2.0846,-852.67
-0.88807,-4.671,9.6731,1.4255,-3.7052,-511.11
11.178,-29.138,22.906,5.9085,-0.25997,3.8794
12.61,17.909,30.877,19.177,8.3972,-699.32
-5.5945,-6.7327,1.9448,16.526,-0.84199,-404.49
-34.982,27.349,6.6822,4.3182,11.023,-506.48
13.52,11.628,40.784,13.713,18.905,-594.26
6.3455,2.2538,0.08794,-2.9761,-1.8308,-92.63
19.287,6.0315,8.526,11.105,12.268,-234.58
-4.1433,22.079,3.562,4.3652,6.0701,7.1133
0.1326,17.531,3.5775,1.361,10.261,-71.004
29.249,15.636,19.535,16.614,15.026,-467.81
5.4361,35.303,9.2951,2.1364,13.192,5.0155
-5.6656,-17.001,-11.367,0.52203,-4.2072,-359.9
7.2463,36.307,8.2638,0,0,3.5923
5.657,12.146,14.199,0.26416,0,-0.62
-11.285,-25.807,-18.973,-12.975,-1.2639,-194.16
12.986,5.4479,-0.31359,1.9493,0.014271,-192.44
-2.9294,4.9703,-1.0731,3.9571,-0.037355,-126.74
-3.1064,26.707,1.7019,-1.7351,2.6563,-19.132
18.713,10.907,10.932,13.597,9.7257,6.3318
-7.3375,2.5918,26.18,10.679,14.968,-31.391
-2.699,2.1855,2.6446,15.634,-1.4099,-12.301
-41.887,1.8577,-3.0611,0.63405,9.2734,2.0776
-26.196,1.1514,-2.927,-8.9281,15.72,-280.44
-18.726,-0.46298,-0.11882,4.9629,-6.2104,-294.12
-7.5569,36.319,0,0,0,-7.1973
14.23,14.595,-47.895,20.744,21.606,-139.75
-2.9159,-9.3542,4.0163,3.4679,-4.5555,1.4065
-42.738,30.614,-1,0,0,7.5478
8.7143,19.474,20.209,26.573,15.989,-2.4748
-24.108,-11.104,1.9889,-4.9767,2.0491,2.1709
11.861,34.35,4.7336,0,7.012,0.061011
9.9614,23.509,36.613,22.276,21.584,7.5425
-4.8845,13.553,-8.6194,-36.609,-5.9042,-289.32
-11.556,-0.49304,9.6582,6.6443,24.746,-211.74
19.488,16.532,9.1391,1.5121,0,12.434
16.242,-9.4809,-9.8569,-4.1539,-6.0405,-11.332
22.824,33.577,20.896,22.644,22.458,-10.694
7.3105,6.7452,0,6.2921,14.627,5.7227
-5.2224,4.9976,23.436,1.1508,-0.27334,3.2977
16.061,0,2.4038,0,0,-4.9616
28.47,0,6.8377,0,2.2034,2.1363
-10.549,24.872,-2.1775,-11.809,-3.4815,-151.83
22.343,1.4625,-3.5029,-21.884,4.8559,-318.08
3.4262,10.568,22.179,12.853,4.6134,1.7781
10.505,0.96389,19.941,4.3387,-1.0701,10.352
32.264,0.30116,13.791,14.256,-77.758,13.429
24.565,37.988,17.737,24.354,19.046,25.12
12.117,11.013,14.143,15.175,11.529,22.672
-1.4738,-0.2,21.949,0,0,2.5387
46.159,24.981,17.663,20.251,14.767,19.803
-21.11,-15.693,0.011065,-2.9267,-2.7432,-195.54
-47.018,-5.828,6.7252,0,0,0
-32.935,-0.47295,22.244,0,2.2841,7.5754
5.5686,14.386,0,2.1543,3.4973,0
0,28.878,0.84,0,0,0
8.9577,0,33.588,0,0,-6.5528
2.6375,13.697,14.52,16.461,8.8502,10.501
22.649,0,6.5643,0,0,0
0,0,6.9296,0,0,21.824
-25.697,-0.8172,-2,7.0778,0,0
6.5397,0,0,4.4503,0,0
2.8841,2.9634,0,0,15.505,0
20.865,0,0,0,0,0
21.365,0,0,3.6398,0,0
8.4287,0,0,0,0,0
-0.053968,25.284,0,4.8538,8.8502,0
18.688,0,0,0,0,0
0,15.249,0,0,0,0
-0.19146,36.246,5.7923,-1.4661,3.4628,-599
-35.853,17.144,2.3165,1.4613,5.25,-191.8
2.2323,15.045,36.714,14.275,6.4166,-81.396
22.632,16.107,12.392,21.506,15.515,39.241
21.466,32.052,1.2884,19.807,4.7391,9.6206
34.729,33.287,14.637,0,10.37,9.4947
38.744,44.085,32.192,37.062,28.63,42.906
12.352,64.746,0,5.3068,0,0
65.76,35.211,19.478,6.2689,7.5171,23.441
-20.34,-6.0318,-14.545,-14.034,-21.696,-406.05
-18.201,-18.684,4.9506,-12.478,-9.9343,-154.82
-12.413,-15.161,-12.013,-10.832,-4.6441,-699.87
-20.104,-17.711,-13.426,-12.842,-13.349,-360.99
14.672,-0.66249,-2.0405,-6.0723,-11.823,-226.6
-3.324,7.0729,-1.7817,1.1867,4.7212,-764.07
-14.603,-17.489,-7.9873,-15.791,-16.454,-671.9
-31.218,-3.5551,-15.734,-18.639,-9.8787,-541.94
2.1472,2.4128,-3.04,-0.5491,9.3041,-554.8
-3.1878,-0.1,-4.576,0,0,0
14.266,0,0,0,0,0
8.8822,-0.23715,-0.7672,-3.2396,-2.0082,0
-5.8473,-1.3062,-6.5799,-2.3152,-4.4387,-16.584
12.523,2.5207,14.556,10.52,5.2307,11.163
4.2455,8.5614,2.6792,3.546,8.6345,2.3
-7.8803,-7.2594,-8.074,-8.3807,-5.3777,-3.4596
2.264,-0.60711,12.923,-2.0331,0.85267,-60.421
20.344,7.953,12.343,6.5672,1.7791,-685.57
-3.4072,0,0,6.8313,0.55226,0
9.5691,0,0,0,-0.55583,0
15.872,-7.8913,-2.4306,0.46306,-0.34489,-126.03
-6.8163,-10.852,-7.1144,-6.4099,-4.2282,-162.85
-2.352,0,-5.687,0,0.33434,-195.68
-2.0682,-4.5858,18.048,11.493,2.0534,-32.891
-6.4072,-8.5072,-5.1305,0.96423,-6.4286,-305.87
6.8997,6.6911,0,0,-0.10805,0
0.35631,-5.4177,8.3507,1.2519,-0.64512,-151.52
-15.085,-12.66,-7.0595,-5.5884,-5.4531,-269.04
-11.428,-2.0605,13.864,-9.4707,-8.809,-56.235
-1.9046,1.159,4.6004,5.5057,3.8731,-225.04
7.1506,-11.915,-15.828,-12.236,-10.762,-21.562
0.84516,18.607,-3.0917,-2.8438,0.74121,-18.199
19.143,10.215,15.883,10.279,-7.652,-5.217
-6.6768,-5.5092,-8.6039,-6.8526,-7.9192,-52.573
-16.128,-17.274,-16.379,3.2782,-16.416,-26.825
3.8654,17.564,8.0909,1.9135,5.5187,-0.081313
-0.46018,2.6337,0.60845,0,0,0
14.055,5.6822,14.305,1.9575,-1.0076,-178.86
12.355,7.8628,29.585,12.463,4.4261,10.359
-1.7119,0,0,0,0.047801,0
20.82,22.283,13.715,16.659,13.014,35.665
25.716,23.235,25.055,24.665,16.66,32.395
-0.00063458,0,-2.4787,3.8432,-1.9611,0
23.413,19.551,10.262,14.13,18.897,18.67
5.577,31.493,10.096,8.8277,0,17.94
-5.2038,-3.9982,-4.813,-4.2729,2.588,-288.55
4.7809,0,0,-1.2665,0,0
-2.0991,16.093,-12.005,-6.3117,-2.9482,-66.432
6.8355,9.2328,4.7956,-0.60906,-0.61072,22.056
31.541,0,0,-2.5119,0,4.9404
23.283,15.253,11.233,11.551,15.79,11.423
5.6963,0,9.8271,10.203,6.1762,20.021
13.295,0,0,0,0,0
24.827,11.232,0,0,0,5.076
-4.5139,-9.675,6.8118,1.9165,-6.3659,-291.64
-4.0774,-5.5098,-4.3465,-3.3551,-4.0973,-288.5
-0.47466,9.8036,8.9748,16.002,6.7459,-422.43
14.077,0,0,0,0,2.4823
7.6005,0,2.5866,9.5091,0,10.082
30.788,18.209,16.836,20.419,15.11,14.371
24.951,0,3.5416,0,1.4133,0
5.113,10.519,5.9062,5.8627,-2.8263,1.2151
27.209,25.608,28.033,22.133,14.09,23.575
3.6935,0,1.2048,1.7235,0,-197.85
7.2426,7.326,6.0576,2.1373,-1.951,-527.39
11.515,2.0911,7.2353,5.2002,3.6311,-56.917
16.619,0,0,0,0,0
36.858,25.56,16.276,7.2851,11.334,11.341
0,57.216,15.096,0,0,7.1261
9.6714,0,2.7873,0,0,0
58.661,33.857,36.383,24.005,10.729,28.337
52.196,0,0,6.1393,0,16.365
-4.5827,1.6501,1.9825,-9.2355,-6.6817,-799.28
-1.1751,0.75981,0.29803,4.7128,-6.1895,0
0.037379,4.7751,3.9114,0.31011,2.1466,-133.93
28.613,0.61259,14.748,7.3863,2.0206,8.9268
31.986,0,0,0,6.2077,0
11.217,41.411,0,0,2.6708,6.2991
47.309,0,6.0623,5.7255,0,0
41.567,0,0,0,4.5135,0
41.427,10.462,0,12.502,0,18.164
-1.2823,4.8572,0,0,0,0
49.31,62.884,30.412,12.042,20.558,-349.64
41.48,67.709,53.704,50.463,48.548,-815.86
0.76366,-4.7555,-2.1106,-1.3234,20.127,0
49.01,72.749,59.343,41.871,37.128,-844.88
69.593,50.921,53.607,50.779,46.603,-728.76
0.62005,-7.3242,-1.4157,10.667,0,0
44.222,56.649,40.072,40.501,43.165,-451.12
54.53,67.537,54.29,56.433,42.285,-575.53
-25.263,-14.486,-8.0901,-14.586,-13.631,-203.82
-19.327,-4.7664,-19.952,-23.302,-20.478,-180.78
28.369,0,0,0,0,0
-19.142,-12.955,-13.674,-13.067,-10.91,-136.49
5.7431,10.891,11.07,11.574,8.8967,-525.52
67.326,55.378,54.053,47.676,44.867,-26.579
-13.854,-13.595,-12.882,-12.48,-12.905,-201.05
61.896,48.859,54.726,36.032,31.188,-340.04
58.528,67.808,58.608,40.852,35.944,-370.54
-0.68226,6.6241,0,0,0,0
2.2038,-4.2003,-5.1925,-5.1495,-3.7156,-3.816
0.73011,6.7748,0,0,0,0
-7.4499,-1.7674,-2.4281,-2.3507,-3.4451,-3.0199
-1.1458,-1.1186,-0.55981,-1.7569,-1.9,-0.88073
15.066,0,3.7257,0,0,0
-6.1157,-4.0728,-7.202,-6.423,-6.4263,-5.9656
10.52,0,0,0,0,0
18.692,0,-0.76525,8.8535,0,0
3.5843,0,0,0.92543,7.737,-199.12
45.029,71.759,61.279,46.059,37.125,-59.207
57.154,55.107,56.148,57.438,53.648,65.602
-1.1367,3.1347,0,0,0,3.5461
54.586,72.447,49.769,39.786,36.093,53.762
62.472,60.372,68.386,57.137,40.622,61.622
3.0581,0,0,0,0,0
40.39,48.033,52.646,37.759,25.079,43.043
59.3,54.775,75.79,32.466,29.958,53.222
-8.0804,-7.8098,-8.372,-8.7838,-5.0546,-191.77
6.9391,37.14,7.2651,-1.2864,10.503,-26.366
78.605,66.28,63.103,52.611,48.303,67.523
-5.3115,-1.8187,-1.4146,-0.30918,-0.4015,-0.44154
63.37,66.654,65.57,50.328,43.365,71.277
68.889,72.97,78.156,50.095,47.428,69.109
-1.0164,-7.8642,-0.49111,0,0,0
64.945,77.81,65.437,45.152,39.733,63.28
66.943,57.132,64.498,42.058,38.184,63.529
-5.1448,-2.3376,-2.715,4.1624,-2.4847,-362.91
-3.7063,-5.5092,-3.3405,-5.2714,-2.3961,-402.38
2.9996,0,10.674,4.0371,0,0
0,19.781,3.1475,0.27593,4.9764,-1.4037
25.414,2.6402,0,0,0,0
33.043,0,0,0,0,1.6902
-1.3,15.148,0,5.2644,0,0
0,0,0,0,0,0
12.976,0,0,0,0,0
19.737,0,-4.5381,0,0,0
38.206,41.426,46.309,41.907,36.318,-560.14
67.33,69.871,65.814,60.823,40.807,-59.232
18.803,0,0,0,0,0
43.779,39.995,13.051,0,25.87,12.394
61.005,0,0,9.8834,22.108,0
11.716,0,0,0,0,0
41.694,32.154,47.462,34.203,32.016,29.432
28.678,25.455,70.472,1.3588,12.606,15.718
7.5158,0,0,0,0,0
67.103,57.452,79.393,49.809,42.686,-406.12
60.766,70.506,60.888,61.863,47.475,-71.057
2.5717,0,0,0,0,0
65.986,70.231,64.432,51.197,42.812,79.691
74.761,37.311,51.393,34.791,10.148,52.391
0,0,0,0,0,0
59.9,60.555,71.88,55.273,48.444,64.232
76.626,62.263,52.332,10.921,21.46,61.882
-1.1071,-2.68,-0.83364,0.83587,1.2146,-351.01
5.3887,34.585,4.19,7.0267,1.7082,0
18.933,4.6483,6.2596,10.375,0,0
36.773,2.5506,0,5.4427,0,0
20.705,0,0,0,0,0
6.3874,0,0,0,0,0
30.046,0,0,0,0,0
75.779,25.063,20.193,19.329,14.918,21.453
42.773,0,-0.3,11.44,0,0
21.925,25.476,26.261,22.426,19.172,-13.35
54.611,23.856,29.237,12.089,10.339,-305.54
29.967,42.559,36.74,31.216,36.196,-427.99
20.55,40.016,36.29,20.939,20.747,-417.94
69.741,22.526,20.956,24.971,22.062,-187.28
55.124,42.019,37.33,41.406,31.086,-524.41
31.737,46.243,17.173,22.44,21.218,-478.27
63.657,23.706,17.962,21.591,27.056,-343.84
41.484,59.704,40.395,41.877,36.738,-344.27
23.422,20.474,-2.6659,11.934,18.687,-207.17
19.673,38.778,18.156,15.868,19.427,-289.63
47.247,27.628,17.978,10.508,4.729,2.2611
30.915,23.804,21.139,19.696,14.557,-90.706
18.36,42.223,21.443,31.036,28.756,-495.62
62.592,35.527,31.476,34.515,22.132,-108.23
12.87,0,15.758,0.066044,5.9815,-195.18
45.586,61.606,44.761,32.162,28.76,-213.52
46.201,0,62.971,34.19,20.473,-297.36
10.427,24.856,0,13.242,1.4675,-115.68
35.272,19.715,9.4702,8.3488,8.3922,-200.83
42.486,23.527,8.5179,10.585,21.531,18.822
28.982,36.158,20.827,21.142,13.806,14.033
36.519,27.577,22.584,14.391,22.292,14.937
27.007,46.712,31.741,20.601,26.366,-173.02
54.903,20.172,23.184,18.574,19.629,-96.822
56.346,0,18.449,8.4702,28.161,0
43.859,55.954,28.624,31.514,23.587,-237.63
44.624,26.264,24.059,26.281,21.967,-387.47
48.059,52.475,30.554,7.293,15.044,-480.85
54.753,47.33,47.596,42.713,40.785,-116.21
27.684,45.816,24.301,26.332,21.166,31.136
15.205,49.125,21.186,16.049,7.9143,33.898
40.699,50.043,42.992,39.808,30.751,26.76
19.069,39.615,14.992,21.341,12.731,13.483
9.3131,47.912,0,3.5839,0,8.9108
59.468,39.024,41.155,30.213,15.268,38.356
36.241,13.75,6.7678,14.403,18.458,-14.402
36.688,44.743,24.637,25.048,30.974,-300.98
43.106,27.79,35.417,7.7027,30.698,-132.29
29.062,26.521,14.314,17.299,21.504,-8.0649
43.538,54.471,43.385,35.925,37.428,49.356
50.179,30.903,31.252,10.741,15.289,25.673
41.838,11.131,0,4.7102,7.188,0.86849
50.277,0,0,1.9042,9.7225,0
54.378,9.6355,3.9569,4.7063,0,0
10.474,14.949,23.436,25.166,18.671,-89.987
39.1,0,17.738,7.4376,24.228,-267.14
58.737,39.145,34.749,35.989,29.029,-6.9011
55.225,26.029,32.071,28.135,25.965,29.469
60.423,22.701,25.862,10.106,18.48,15.737
49.778,66.335,47.699,39.949,31.971,49.56
22.18,22.676,23.558,29.237,25.29,40.174
47.406,13.112,6.0914,0,0,0
56.138,14.674,11.832,12.387,9.2983,23.531
54.076,11.711,21.293,6.3791,0,-347.18
62.225,20.14,18.613,0,0,7.2542
51.163,70.651,52.769,44.346,25.656,-308.19
39.3,8.0408,0,5.1388,0,0
49.794,0,0,0,0,0
49.803,30.277,25.478,24.861,12.282,13.012
43.927,15.526,11.338,8.2149,6.9201,12.35
32.66,0,0,0,0,0
49.322,14.125,11.922,18.858,0,0
50.486,0,0,8.5183,0,-199.35
59.844,71.953,64.349,23.817,31.768,-238.19
74.097,0,49.107,1.3343,12.813,16.292
30.913,0,0,2.2212,0,0
37.643,0,0,1.5104,0,0.8095
39.314,0,0,0,0,0
36.646,0,0,0,0,0
34.586,0,0,0,0,0
30.668,0,0,0,0,0
60.996,16.549,33.221,26.955,30.686,-217.17
10.57,65.58,19.235,8.3341,26.487,-138.68
42.148,46.111,43.055,43.112,29.891,-274.32
28.525,39.559,32.595,25.761,28.791,32.362
0.3,7.4849,16.547,15.59,10.179,38.689
52.893,32.492,23.758,8.9671,8.4683,13.377
35.437,63.896,33.234,37.556,23.51,24.948
59.465,1.7525,0,0,0,-0.1456
58.229,25.479,0,17.3,1.8988,10.405
-279.69,-348.64,-301.66,-82.738,-252.44,-360.55
-138.28,-232.8,-36.505,-166.89,-53.407,-212.14
-734.8,-605.37,-552.2,-450.54,-53.516,-733.9
-292.34,-554.91,-311.34,-299.4,-53.608,-559.18
-678.31,-443.61,-559.54,-92.677,-529.79,-618.25
-574.69,-668.45,-707.26,-593.66,-38.174,-795.77
-348.15,-459.32,-412.71,-369.5,-55.332,-553.78
-637.72,-632.92,-518.41,-588.87,-139.13,-876.49
-552.35,-788.28,-549.78,-266.52,-456.49,-594.04
-8.7351,-12.861,-3.5856,-7.2454,0,0
-4.4152,-0.70865,-79.909,-4.1153,-3.2858,0
-71.642,-161.52,-207.39,-41.364,-40.647,-162.01
-264.16,-179.62,-283.25,-227.14,-31.72,-41.208
-212.31,-338.75,-198.22,-105.59,-204.82,-208.11
-231.43,-216.05,-384.64,-259.03,-32.96,-357.79
-199.22,-233.38,-66.238,-48.851,-231.22,-276.48
-437.91,-535.5,-685.2,-515.06,-256.9,-546.01
-356.86,-531.08,-455.19,-395.42,-374.4,-422.3
-220.86,-201.22,-54.097,-37.455,-37.029,-201.52
-63.744,-36.442,-12.59,0,0,0
-188.57,-299.46,-99.571,-206.33,-45.665,-72.396
-168.54,-432.66,-163,-17.426,-145.53,-439.02
-3.8623,-64.575,-13.466,-3.7195,-4.8081,-36.854
-215.67,-505.36,-312.03,-13.964,-262.27,-204.45
-469.32,-534.09,-488.35,-289.45,-17.986,-366.03
-201.17,-60.047,-70.076,-219.31,-40.398,-197.55
-480.12,-273.95,-295.9,-383.84,-28.593,-359.44
-760.15,-433.61,-754.68,-74.635,-276.14,-481.12
-552.98,-568,-391.3,-456.42,-542.39,-243.52
-704.61,-715,-457.95,-378.31,-71.754,-370.53
-267.7,-168.25,-167.49,-249.41,-224.62,-31.921
-194.7,-374.35,-360.11,-197.99,-230.13,-178.83
-167.4,-322.39,-178.48,-355.56,-360.15,-53.05
-393.08,-261.23,-216.88,-160.52,-152.61,-74.752
-399.86,-309.07,-641.38,-477.2,-216.34,-105.59
-434.68,-270.49,-322.6,-252.35,-374.72,-52.14
-182.77,-196.46,-11.092,-12.923,-40.304,-201.81
-412.47,-209.14,-352.86,-170.4,-226.95,30.829
-374.21,-490.34,-474.91,-604.18,-108.73,-431.04
-237.09,-188.98,-7.1914,-4.1555,-8.4273,-9.4758
-534.05,-479.33,-575.21,-661.04,-193.9,23.268
-400.61,-190.53,-446.25,-4.427,-10.984,28.78
-196.81,-15.081,-1.7756,-4.6132,0.44064,0
-473.07,-250.02,-512.11,-126.14,-201.71,31.626
-198.22,-272.91,-191.43,-199.42,-0.82,23.766
-593.62,-606.88,-380.7,-363.8,-77.34,-271.94
-176.56,-198.32,-167.06,-13.691,-11.228,11.972
-444.51,-362.6,-299.96,-300.5,-65.935,-215.39
-792.07,-258.46,-132.62,-140.33,-12.608,17.173
-199.33,-359.65,-197.82,-164.56,-37.195,15.627
-378.93,-295.05,-153.69,-210.12,-355.95,10.888
-307.12,-549.18,-159.5,-36.543,-154.9,17.349
-199.96,-191.95,-198.01,-150.56,-194.02,0
-198.22,-186.81,-197.88,-196.78,-323.15,18.865
-400.71,-418.81,-162.52,-44.578,-172.1,-192.52
-199.62,-173.89,-365.86,-240.03,-284,-505.92
-333.23,-505.48,-388.06,-312.83,-340.93,-96.421
-355.38,-172.3,-197.39,-5.2197,-2.82,-8.5218
-153.21,-189.29,-198.22,-73.218,-200.59,-13.675
-118.13,-353.18,-353.81,-158.43,-200.82,36.975
-120,-361.9,-157.32,-205.25,-206.4,2.7225
-152.44,-328.7,-250.06,-323.59,-126.59,16.551
-459.53,-119.9,-268.97,-41.76,-115.99,6.499
-224.96,-225,-206.19,-35.412,-22.799,-202.19
-582.85,-514.57,-582.85,-524.22,-635.12,-564.76
-461.29,-522.64,-364.21,-356.21,-351.44,-435.89
-198.12,-1.2322,-198.99,4.0867,8.9818,0
-351.24,-196.44,-66.33,-376.18,-521.74,66.283
-198.22,-190.8,-176.33,-177.67,-191.75,36.62
-3.3004,-157.3,-197.9,-0.42,17.288,0
-534.67,-605.17,-738.57,-322.01,-225.65,62.533
-445.57,-223.16,-30.792,-464.97,-336.69,69.987
-688.18,-416.8,-475.58,-57.928,-383.09,-627.43
-211.96,-120.56,-198.25,-68.697,-90.818,-164.33
-563.67,-336.22,-265.06,-277.03,-413,-364.92
-181.61,-150.74,-0.97007,-0.10195,-1.8996,43.236
-196.48,-198.22,-1.1638,-192.58,-3.3118,39.614
-356.8,-456.38,-326.9,-157.18,-225.92,46.2
-198.22,-190.35,-142.78,9.0643,10.348,42.119
-342.67,-271.26,-430.15,-144.93,-149.02,46.794
-308.91,-182.48,-188.84,9.5737,-1.9533,56.002
-37.789,-1.7013,-6.2032,0.15569,0,0
0,0,0,0,0,0
-38.849,-72.372,-70.105,-7.5238,-12.387,-53.437
-13.269,-49.158,-8.153,-11.354,-4.5297,-36.128
-32.041,0.86627,0,0,-1.86,0
-43.165,-157.58,-13.451,-8.8241,-7.6286,-197.12
-203.37,-213.24,-40.032,-9.8591,-8.5422,-172.15
-183.1,0,0,1.507,3.3305,-236.13
-156.01,-19.39,-12.446,1.3955,0,-197.78
-180.43,-105.43,-51.677,-64.148,-63.72,-418.88
-169.49,-137.69,-61.387,-62.969,-51.823,-676.95
-11.034,-3.439,0.34861,0,0,0
-141.15,-84.347,-59.921,-58.571,-43.998,-289.6
-609.01,-474.28,-51.272,-36.819,-50.341,-289.56
-54.381,0,0,1.1536,0,0
-276.93,-203.92,-57.482,-49.84,-43.314,-470.37
-49.131,-47.299,-38.225,-38.47,-34.189,-200.31
-190.73,-25.107,-29.167,-24.185,-24.782,-309.98
-178.84,-244.48,-48.314,-43.133,-45.457,-161.58
-567.85,-73.69,-50.844,-44.171,-50.937,-84.315
-15.76,-0.1022,-1.02,-3.8005,-0.35693,-0.31465
-304.53,-153.89,-19.768,-35.05,-39.551,-88.369
-164.96,-53.759,-23.492,-22.145,-23.438,-54.109
-23.644,-204.06,-2.5698,-1.3427,-2.8308,-158.32
-156.77,-139.1,-28.646,-12.611,-30.209,-76.395
-147.02,-24.801,-26.044,-23.755,-26.88,-166.75
-13.161,-24.079,-12.784,-13.413,-14.732,-11.679
-222.08,-21.04,0,0,0,0
14.822,0,0,0,0,0
-195.4,-240.63,-22.047,-33.426,5.3497,-33.652
-206.96,-20.062,-13.475,-2.718,-2.8559,-21.948
-6.4655,-16.837,-41.473,0,0,-0.5086
-16.443,-7.9025,-20.785,-1.2375,-3.7135,5.608
-12.911,-60.108,-5.8022,-0.42,0.13131,0
-200.2,-31.865,-59.065,4.0367,-2.535,-10.406
-9.2758,-0.75007,-3.1407,3.3759,-0.78463,0
-116.92,-204.75,-47.032,-42.013,-47.874,-741.12
-265.91,-403.82,-37.303,-55.116,-55.131,-702.89
-36.213,0,0,0,-0.82,0
-158.66,-226.42,-40.506,-39.046,-30.726,-39.347
-49.744,-61.66,-39.795,-39.856,-39.46,-31.723
-2.0647,-2.008,-0.48389,0,0,0
-19.439,-212.07,-1.685,0,0,-6.4802
27.387,10.588,8.2386,5.3089,0.67403,10.528
-5.182,-1.4783,7.0407,0,0,0
-291.5,-308.16,-40.491,-37.168,-40.522,-447.35
-236.93,-245.08,-46.056,-44.139,-35.232,-317.77
-180.63,-8.096,-7.0013,-12.569,-5.0885,-198.53
-464.8,-8.5964,-15.739,-10.076,-12.279,9.3255
-229.11,-277.96,-9.0904,-7.7318,-2.5759,12.913
-220.4,3.6412,0,0,0,0
-368.2,-18.767,-2.0381,-1.2933,-2.22,5.6733
-5.7901,-11.342,0,0,0,0
-4.2216,-199.93,-0.56404,-2.22,-3.7937,9.5635
-39.768,0,0,0,0,0
4.5702,0,0,0,0,0
-49.404,-51.658,-4.0612,-6.6659,-3.9488,4.1877
-11.989,0,0,0,0,0
1.8844,0,0,0,0,0
-4.5338,0,0,-1.42,0,0
0,1.9372,-11.657,0,0,0
3.7192,0,0,14.727,4.2679,8.1744
-0.10094,-25.099,-0.001647,-0.53828,18.34,0
-212.59,-26.635,-22.874,-23.033,-22.289,-363.68
42.667,0,0,2.5665,1.1784,0
20.566,4.3577,0,0,0,0
-201.39,-208.45,-9.2203,-12.937,-13.207,-10.485
-213.1,-197.38,-4.3956,-4.3956,-4.3956,0.30332
7.786,0,0,0,0,0
-5.3329,-0.40762,1.6393,0,0,0
2.7372,46.272,-40.58,27.184,30.856,58.997
59.472,0,31.487,8.4924,7.7745,34.449
-50.571,-135.14,-34.828,-33.586,-32.477,-678.07
-36.822,-35.716,-32.377,-33.507,-33.868,-475.46
-22.635,-42.15,-3.4046,-3.7573,-3.0746,0
-198.5,-29.56,-3.6839,-7.2353,-10.307,38.943
-1.62,0,0,0,0,27.855
-5.8562,-190.56,-191.03,-2.0737,-1.0321,6.2217
-147.78,22.442,0,0,0,0
-190.75,1.78,0,0,26.782,0
-180.29,20.3,0,0,0,0
-26.826,-18.144,-20.263,-25.353,-13.945,-213.76
-4.1717,-4.1183,-20.996,4.9128,0,0
-68.024,-16.164,-36.778,-47.811,-4.898,-405.72
-16.873,-49.977,-19.359,-10.147,-16.081,-196.88
-40.281,-1.9245,-23.712,-1.9665,-1.7746,-203.63
-20.757,-2.0178,-1.1592,7.7664,-4.8471,-200.93
-181.04,-19.44,-27.693,1.9867,-19.707,-206.87
-44.342,-42.169,-0.41662,5.9394,0,0
-51.447,-289.89,-21.966,-5.9697,-7.8512,-201.36
-7.6502,-18.48,-4.0674,-5.7542,-4.3722,-27.902
-5.3946,-6.2381,2.727,-1.5856,-1.682,-163.42
-0.67542,-0.42,-33.203,-1.0485,-2.8552,-0.6966
-35.035,-15.919,-9.0847,-16.788,-19.304,-163.26
-3.9375,-7.0165,0.059711,9.9626,-0.46199,-209.63
-14.92,-72.094,4.6199,0,1.8888,0
-15.822,-38.548,-13.78,-5.2568,-14.63,-52.51
5.8449,0,0,0,0,-2.6492
-11.121,-9.6004,-1.0595,-7.1579,-2.5364,0
-52.019,-22.299,-24.858,-27.201,-23.639,-26.818
-39.458,-49.991,-12.685,-17.555,-19.559,-211.13
-39.817,-56.822,-42.712,-9.2124,-17.701,-23.951
-16.058,-53.639,-8.5756,-12.728,-15.053,-159.82
-1.62,8.5344,-2.7914,-1.1225,-0.14494,-1.2617
-53.519,-134.49,-5.9099,-4.9251,-2.4123,-123.65
-34.76,-21.623,-19.751,-18.375,-7.6418,-16.8
-13.917,-1.42,-1.5357,-2.9443,-3.3391,-2.1895
-52.416,-13.747,-9.1194,-5.4122,-9.3465,-199.84
-38.508,0.27961,-40.938,-5.6709,-5.9009,-204.43
-14.045,-19.037,-33.031,-1.2205,-2.5378,0
-27.28,-46.886,-39.784,6.7654,-11.314,-2.9818
-72.567,-10.244,-10.044,-11.658,-4.0515,-11.823
-8.3502,-18.389,8.3436,0,0,0
-3.2436,-41.202,-2.2115,9.3502,0,-2.6732
-133.63,-42.123,2.8739,-0.44695,-6.3642,-5.6179
-0.62,-14.728,13.27,0,0,-32.021
0.39129,-2.5035,-14.758,-2.42,6.2173,-4.3447
-10.916,-9.4232,-8.0744,-10.929,-8.3598,-205.33
-26.449,-2.7006,-1.8956,6.1042,-3.2695,-171.76
-17.991,-8.6924,4.3741,0,0,0
-37.905,-13.359,-4.9498,-8.292,-8.8865,-10.021
-15.461,3.3493,1.8415,10.26,-0.35292,-0.02888
-0.30589,-0.42,5.6264,0,0.94601,0
-2.3549,-6.1852,-2.22,-2.4822,-1.3178,-3.4802
-19.392,0,0,0,0,0
-3.273,2.9038,0,0,0,0
-96.661,-47.944,-46.126,-11.88,-20.041,-296.27
-12.664,-45.473,-11.674,-15.587,-12.629,-380.25
-199.22,-28.685,-22.44,-14.201,-11.547,-88.063
-104.53,-124.64,-5.6338,-3.5955,-1.9227,6.7092
6.306,1.7322,4.4857,0.60224,3.6278,15.362
-16.558,-0.42,-4.775,-1.8188,-1.5652,23.888
1.3982,-0.035436,-0.16833,2.9491,6.4008,0.84131
-4.6968,-50.43,0,0,0,0
-5.7162,-12.515,-1.4404,3.0969,-2.22,21.952
-16.811,-39.559,-8.9981,-11.077,-5.4573,-198.6
-32.609,-26.031,-5.759,0,0,0
-36.313,-18.855,-8.3725,-3.8705,-2.932,-1.7672
-1.22,-199.49,-0.82,4.261,-3.1982,-6.787
3.6085,0,0,0,0,0
11.854,0,1.7302,0,0,-2.5032
11.74,0,0,0,3.8429,2.0755
-6.4167,6.5368,0,0,0,0
14.646,0,0,0,0,0
-4.1352,-10.274,-2.22,-3.107,-2.6233,5.2522
0,0,0,0,-1.3305,0
-25.971,-10.545,0,0,0,1.4018
-9.1811,-1.0737,-0.52632,-0.15282,-0.40706,-0.64704
-1.1892,-0.82495,-0.62,-1.7559,0.16938,0
2.0666,0,0,0,4.3028,0
20.175,0,0,0,0,1.7112
0,0,0,0,0,0
5.6248,0,0,0,0,0
-24.916,-24.22,-15.599,-8.6116,-13.08,-357.42
-27.688,-6.1593,-5.9549,-4.2753,-6.3869,-192
-34.08,-12.473,-0.74032,-0.10227,-0.80747,-129.98
6.1253,-0.0436,5.2315,-0.032213,9.4522,34.858
-0.42,18.669,4.3514,3.2426,0,0
-0.02,-0.31844,-0.71129,23.911,2.8136,0
-0.42,31.356,7.3113,7.1868,6.3765,10.864
0,0,19.771,0,3.927,0
32.138,0,0,4.2628,4.5998,0
-90.627,-60.113,-50.404,-52.039,-40.109,-571.67
-57.258,-96.57,-83.193,-68.213,-40.165,-454.5
-115.69,-54.826,-55,-42.794,-32.534,-839.24
-84.127,-105.12,-33.004,-54.65,-47.053,-429.52
-51.923,-62.871,-65.703,-47.396,-37.786,-185.58
-55.71,-48.296,-75.991,-44.573,-18.872,-685.74
-90.777,-93.823,-63.752,-34.855,-73.153,-702.16
-84.774,-58.738,-89.179,-22.917,-50.748,-794.82
-96.291,-92.36,-82.202,-82.748,-36.967,-877.72
-7.9623,-7.9202,-9.2091,-10.873,-5.4416,-9.3454
-3.708,-7.5182,-5.1526,-6.6852,0,0
-58.652,-26.789,-26.152,-22.739,-28.702,-156.07
-50.625,-48.768,-53.274,-36.576,-27.176,-186.74
-56.026,-30.447,-14.089,-14.161,-1.069,-69.255
-31.842,-62.038,-24.684,-16.755,-13.611,-99.861
-103.53,-42.362,-42.843,-27.548,-18.173,-419
-35.103,-31.637,-43.089,-52.666,-13.926,-518.27
-57.672,-21.176,-20.992,-23.41,-4.9135,-214.53
-48.052,-39.282,-28.315,-28.435,-26.768,-261.19
-7.6822,-29.281,-7.1855,-7.0338,-7.1877,5.5447
-41.582,-50.217,-40.738,-30.337,-38.884,-116.49
-31.835,-27.354,-32.39,-21.503,-12.705,-63.973
-57.5,-17.255,-11.273,-12.963,-8.7745,-43.385
-21.7,-18.847,-22.258,-12.892,-15.196,-129.42
-36.585,-95.35,-33.589,-18.734,-43.527,-89.149
-49.106,-59.846,-24.317,-13.892,-21.428,-327
-48.488,-40.693,-51.349,-39.015,-16.127,-234.66
-96.344,-86.711,-67.164,-43.555,-73.217,-493.94
-127.9,-121.06,-102.4,-48.656,-84.344,-288.62
-90.966,-76.34,-43.178,-56.709,-4.4236,-385.09
-73.058,-37.725,-43.688,-41.972,-32.435,-59.132
-42.982,-83.875,-31.69,-38.295,-32.683,-77.466
-44.309,-31.434,-45.705,-4.4382,-27.762,-22.777
-59.767,-37.221,-36.3,-35.482,-19.327,-50.184
-64.443,-65.828,-33.018,-36.112,-25.988,-56.861
-26.344,-26.593,-40.828,-27.396,1.6281,-46.262
-18.399,-67.979,-34.223,-18.33,-19.98,-198.34
33.263,-33.005,-13.67,-9.0995,-17.003,-187.41
-77.605,-1.0239,-49.973,-46.246,-22.679,-60.896
-8.6147,-6.6329,-17.767,-5.0779,-8.1282,-8.5594
-3.5193,0.8157,1.0992,-27.805,-5.3138,21.184
30.402,-36.24,20.962,13.124,6.9169,17.337
-17.777,0,-7.881,0.014365,8.7744,0
0.2879,7.1722,-3.4258,19.767,11.685,7.5341
-20.36,0,19.05,10.566,12.421,6.2238
-38.277,-39.772,-73.441,-33.163,-31.764,-542.52
-35.606,-68.451,-21.056,-30.92,-29.625,-151.82
-41.041,-38.382,-37.622,-38.294,-37.776,-505.16
-3.0555,-9.0369,-14.152,-10.794,-16.7,4.944
7.5063,10.136,0.86164,-5.0708,-0.079802,22.784
-4.9033,-3.8382,11.66,2.0827,-6.1248,16.302
3.9013,-6.7387,5.5516,-3.0032,-3.2906,-9.4938
-0.96348,-0.71034,-4.5513,10.286,0,0
-24.343,1.9484,8.3054,0,3.6413,0
-54.004,-102.82,-59.451,-16.067,-50.076,-164.88
-64.318,-67.519,-53.762,-24.133,-41.957,-351.47
-33.518,-35.799,-43.446,-39.887,-17.104,-138.88
-13.02,-12.13,-11.118,0.97306,-9.5664,-12.498
-6.8412,-16.39,-5.959,-1.5657,6.5504,3.5587
-7.9038,-5.3114,-1.6503,1.3956,17.698,1.3969
1.6579,-3.1285,-7.3686,-1.02,4.8964,9.1509
-22.675,-11.551,-4.4264,-6.6179,-10.436,-2.1098
12.4,1.5806,0.12411,-5.3864,7.6864,5.8202
-88.969,-62.024,-31.983,-62.199,-27.43,-149.86
-109.19,-69.928,-66.373,-93.721,-21.508,-114.76
-26.272,-46.586,-82.002,-17.575,-20.746,-211.17
13.527,0,0,0,0,0
42.586,56.798,33.665,13.206,-6.9765,7.0726
57.275,16.613,0,0,0,13.733
16.119,0,0,0,0,0
55.148,43.811,36.322,40.802,36.32,45.717
68.801,43.679,29.025,20.437,0,25.488
-146.72,-51.434,-51.019,-63.323,-23.184,-827.6
-34.341,-33.132,-25.494,-37.548,-34.123,-471.46
-60.988,-74.596,-61.953,-58.719,-61.08,-578.04
-1.3145,-3.7071,5.1622,-1.4279,-6.174,42.036
39.16,0,0,0,0,0
39.918,15.511,7.8384,3.895,11.392,10.129
-5.365,36.608,24.026,13.598,19.203,44.717
52.351,27.241,13.544,0,12.655,13.679
60.807,0,18.327,0,18.962,19.914
-53.467,-9.0053,-5.6931,-8.9874,-6.2295,-3.8317
-2.1385,-6.3914,-0.06913,0,0,-188.22
-12.253,-0.65047,4.7441,10.852,18.946,-378.38
-53.713,-49.696,-28.35,-29.517,-9.1659,-207.74
-13.246,15.584,1.6625,-0.41812,-0.9292,-192.18
-61.176,-8.4225,-43.132,-8.2443,22.86,-526.17
-29.774,-20.501,-23.116,-12.756,-5.7162,-175.87
8.9594,-16.343,14.718,20.547,13.149,-888.37
22.682,-20.529,21.136,25.445,17.28,-354.28
-56.424,-74.54,-51.198,-50.591,-35.644,-530.8
-56.138,-30.839,-50.157,-42.944,-38.892,-710.58
-2.1645,-7.9159,-1.5043,-4.7474,-1.6779,-0.81726
-65.064,-52.607,-47.321,-27.307,-48.805,-467.87
-39.921,-44.391,-44.321,-43.187,-44.081,-605.75
12.39,17.591,16.468,13.936,5.1435,21.626
-73.751,-54.492,-50.276,-50.551,-44.262,-391.75
-21.394,-46.424,-13.811,-14.108,-5.6535,-271.42
-6.7581,-4.9438,-4.5117,-4.0993,-7.5646,-267.28
-53.232,-66.413,-32.674,-34.254,-33.812,-124.51
-40.226,-24.145,-36.58,-37.479,-37.861,-355.93
-2.7476,-42.792,8.9934,0,0,2.3828
-55.256,-28.909,-26.491,-26.346,-27.086,-113.91
-19.587,-7.0673,-16.998,-14.8,-17.292,-23.047
-40.44,-31.074,18.431,0,0,-194.56
-29.251,-26.609,-24.12,-18.732,-24.065,-411.51
-21.917,-20.122,-21.182,-23.284,-21.32,-100.81
-13.944,-12.069,-7.9043,-8.4674,0.58646,-158.93
-28.477,-11.823,-55.423,-13.317,-6.7164,-206.79
-4.0947,5.4869,2.6228,12.155,8.4892,-193.73
5.9522,8.3614,-3.9899,39.024,16.344,-51.766
-59.531,-17.518,-37.648,-20.504,-12.078,-20.456
9.443,16.956,6.4601,9.958,0.36607,-2.5143
15.044,5.0322,-1.7218,-3.0375,-0.4256,0
-47.281,-87.546,-9.7034,-8.8619,-4.2731,-7.7633
-13.385,-27.947,6.8198,14.627,8.1919,7.7082
15.877,21.994,20.8,16.886,22.272,18.267
-74.292,-55.465,-31.434,-188.95,-45.294,-788.99
-51.846,-85.455,-33.293,-86.518,-47.437,-790
13.519,14.709,24.088,5.9794,11.154,-159.32
-51.006,-54.727,-42.217,-39.685,-39.982,-27.298
-25.448,-27.611,-120.42,-22.434,-17.676,-24.777
29.044,29.08,25.784,28.449,11.353,58.266
-29.136,-23.113,-23.058,-23.38,-23.973,-21.772
47.688,40.195,48.625,27.147,24.351,41.349
47.181,37.785,39.905,14.374,8.5873,30.89
-38.628,-49.262,-37.03,-32.538,-29.273,-592.51
-43.608,-46.051,-34.184,-37.698,-37.385,-405.26
-24.853,16.164,-5.4323,-2.7306,-5.7952,-177.78
-7.6959,-13.051,-14.239,-11.45,-26.904,2.2271
7.9403,7.4819,-9.5751,-5.2314,-16.169,10.404
20.802,0,14.264,0,-2.6534,5.7992
-6.2753,1.5242,0.34799,9.6417,-1.3707,6.6583
-13.124,2.8893,0,1.6733,0,0
-10.178,-0.14928,0.264,12.601,0.41714,0
-29.378,2.5192,1.2543,0,0,-192.86
15.001,2.1221,9.087,1.4958,7.9984,3.4625
18.752,33.87,20.905,17.344,8.9137,-81.722
-0.77149,-3.0521,-1.6288,-2.1843,-0.86902,0.39599
3.8051,15.176,6.6857,0,2.4185,0
22.396,0,9.877,0,1.9435,0
-1.7426,-8.4766,7.8171,-1.3586,0,0
9.2306,17.178,16.021,29.537,16.519,14.651
20.067,19.042,14.171,6.2089,7.8874,31.542
-18.589,-19.301,-17.181,-19.268,-17.439,-190.2
29.395,45.834,33.171,30.437,27.184,-369.75
37.894,49.499,24.223,16.425,14.19,-240.24
-2.4969,-3.5427,-3.9996,-0.58093,-3.2561,-2.5109
51.449,52.226,66.077,32.808,27.702,46.857
63.907,26.448,3.8659,9.6113,17.972,13.977
-0.98198,10.727,0,0,0,0
64.693,64.254,64.119,58.231,52.212,66.958
68.568,69.493,72.3,53.829,47.402,69.827
-30.89,-29.335,-27.662,-27.526,-19.763,-929.99
-32.735,-26.725,-26.337,-23.443,-27.423,-476.1
-7.4109,-8.2824,-8.5345,-7.2896,-8.0854,-190.39
-31.609,-3.4255,-0.46038,-5.5302,-8.5301,30.355
1.9405,3.1898,0,0,0,31.745
5.7313,0,0,0,0,0
46.473,9.3386,0,0,0,0
60.062,16.395,17.673,0,19.68,18.861
23.853,4.1507,0,0,6.0881,0
4.9463,-20.01,4.3866,-8.1045,5.8628,-205.91
2.3328,-0.031083,0,0,22.981,-351.91
10.316,11.586,4.7037,8.0996,17.561,-380.37
17.047,-30.68,-1.2262,-5.2276,5.9146,-330.77
-0.61414,7.1077,37.102,13.271,14.102,0
11.976,19.412,18.508,25.855,18.403,-684.28
-49.278,3.9848,-5.2318,18.298,3.7326,-421.93
-9.8081,4.2981,36.436,0,-0.14024,-353.88
14.551,19.819,9.0875,16.053,14.966,-328.64
-7.2894,19.544,2.7893,-2.3029,-6.8482,-209.54
0.68502,0.1473,2.6488,8.1048,2.0321,-316.97
6.9906,25.494,5.2838,7.0482,18.771,0
-37.812,24.599,-13.654,-6.59,-55.389,-104.09
-12.193,16.746,14.158,10.816,8.9811,-381.33
-18.65,10.833,1.6576,7.3863,-2.02,-197.44
-0.80734,-5.1858,-1.0788,-10.013,2.69,-11.523
9.6172,22.391,8.8755,0,3.1892,-209.69
12.845,4.7906,3.7841,6.0505,0,-364.86
-19.358,-11.321,-10.941,-15.095,-1.6945,-201.69
5.8443,-3.3648,-5.1453,1.9558,-0.8021,-189.26
-1.487,-11.945,-12.522,19.866,-0.23652,-148.07
-9.4643,-11.659,4.6669,0.20629,-1.1502,-5.8635
-1.9716,20.001,6.7187,13.077,4.3713,3.6796
7.7498,14.487,21.786,12.414,10.963,-3.3365
-5.0851,-3.6635,-1.2838,-1.5247,12.615,-38.22
3.3636,5.0297,14.302,0,1.7385,0.95195
-14.025,3.4383,4.7863,18.127,1.2429,-4.2158
-16.577,-2.9117,-4.8075,-1.7833,-2.7935,-118.24
-9.3873,-21.989,17.873,0,-1.0788,-194.64
0.46495,16.047,-1.2405,11.489,16.047,2.727
-17.736,-10.731,-7.233,-2.2889,1.2062,-6.6638
-2.5743,-0.67034,33.193,3.0005,-0.78275,0
11.22,18.251,43.483,16.429,22.026,3.3655
-12.287,4.2892,0.0063104,6.5889,-0.33438,2.2545
4.286,32.338,5.4965,7.6881,0,0
8.4862,17.927,13.812,22.056,18.792,20.389
-19.689,-62.908,17.288,-62.391,-17.455,-362.14
17.16,3.6219,3.3312,6.1604,6.6952,-607.96
1.7635,-7.3791,10.086,0,22.805,14.745
-7.1717,-4.5369,-3.8348,11.12,-45.036,-17.286
25.487,31.674,20.262,22.11,26.394,-21.659
16.987,32.609,0,0,0.93344,0
-0.8495,-6.1433,8.5457,0.1286,1.0257,-0.62154
-2.4027,17.718,28.527,1.6236,5.0749,0
-4.5524,-1.6946,13.002,0,0,0
-13.154,-3.1695,-6.0976,-1.8103,-2.5583,-274.65
-2.7064,-2.7942,-3.1257,1.0547,0,-316.91
11.605,10.422,7.8722,10.149,6.3907,-27.487
-0.59161,5.3583,5.3485,11.003,8.6438,17.18
37.423,20.924,21.565,9.854,12.439,17.568
19.786,28.438,20.895,23.644,15.946,30.982
14.645,13.277,27.978,13.362,13.376,13.193
30.721,0,0,0,8.8128,0
30.106,40.916,13.577,30.964,19.961,19.064
-48.365,-7.9448,-1.8493,22.239,4.1442,-379.51
-31.482,13.55,4.6864,-0.12263,0,0
-0.36938,1.7993,-54.925,22.457,1.4397,4.6993
4.0471,3.7593,0,-0.017853,0.28148,16.947
0.87533,0,2.7381,0,0,12.46
3.1671,32.688,0,3.5333,0,1.1792
12.764,21.819,16.953,4.4868,11.234,8.8836
22.798,0,0,3.4963,0,-0.84163
35.788,10.404,4.6027,8.1329,0,-0.76339
-8.3054,-2.6736,-2.7118,-5.2508,5.4917,-199.59
9.9516,0,0,0,0,0
11.977,0,0,0,0,5.0253
-0.22,-1.22,11.142,0,0,0
16.538,0,0,0,-1.2819,0
14.731,0,0,0,0,0
31.696,0,0,0,0,0
12.061,0,0,0,0,0
20.794,0,0,0,7.1612,0
5.6432,-26.441,3.9289,-1.542,6.6401,-523.06
-27.362,-2.4156,19.616,-142.61,-4.4972,-179.58
8.1622,-12.984,-21.838,22.96,8.7805,-573.96
14.172,9.5079,20.641,13.02,17.233,35.534
41.793,7.457,14.859,16.993,15.365,7.0512
41.472,32.344,24.349,14.778,15.971,33.487
27.707,62.625,30.509,31.894,31.628,27.724
62.025,4.1909,0,0,0,6.8859
58.261,22.2,23.958,17.477,8.8312,0
-11.166,0.44752,-14.031,-10.873,-11.476,-157.74
-6.9282,-4.8176,-4.4914,9.6425,-9.5758,-353.59
-1.0358,8.5825,-11.309,-4.3325,-4.6995,-597.57
-12.561,-16.095,-19.503,-4.3785,-22.177,-127.64
4.9562,-5.7624,-3.3021,-9.024,-17.952,-348.4
-1.9204,1.4833,2.1258,39.521,0.94524,-222.05
-1.2619,-13.871,-13.526,-9.4799,-11.646,-487.23
3.5671,-15.183,-21.842,-13.605,-17.156,-342.85
5.1586,8.021,-5.2878,1.5002,-1.7865,-723.59
0,5.4182,0,0,0,0
13.715,0,0,0,0,0
1,0,0,0.59952,12.915,0
-2.5722,-3.8379,-7.7944,-2.8007,-1.0917,-214.29
6.1594,5.4836,18.683,6.307,6.8413,-89.945
4.0322,1.4593,-0.33075,10.009,1.8753,-90.094
-11.772,3.0833,-7.5139,-13.294,-7.1181,-10.5
6.8743,6.6746,18.989,6.0963,0.47274,-130.95
16.563,13.621,12.513,8.8225,11.753,-382.5
-1.1659,0,0,-0.71043,0,0
8.1933,0,7.1303,0,0,0
0.043163,-3.8585,13.336,1.5241,6.3454,-151.44
-9.9835,-6.2948,-3.9005,-5.174,-4.768,-7.2716
8.5809,11.191,0.76441,3.0508,3.1524,0
1.0917,2.3091,8.2293,1.1353,-0.26378,-46.666
9.8442,13.234,-2.0773,-5.8842,-2.06,-215.09
0,0,5.5048,0,2.5365,0
-0.59645,-0.86973,4.77,-0.18279,0.95343,-96.49
1.0923,-15.449,-18.54,-15.556,-17.625,-202.99
-13.029,1.8053,-22.002,-17.174,-13.774,-98.662
9.6989,-3.1133,-6.6768,-4.0743,-9.184,-8.071
-14.722,-10.381,-14.359,-14.658,-4.2761,-13.69
-7.1265,0.96769,-8.8538,-6.2043,-6.353,-19.693
8.9016,9.848,9.8588,27.189,2.4922,7.299
0.73069,-6.9325,-5.3175,-6.1332,-0.71593,-5.8533
-1.0246,-6.1328,-8.6589,-13.922,-5.739,-7.0667
7.5943,9.1248,24.952,10.589,8.7601,-2.6669
-1.6384,-1.909,-0.69146,-0.52,-1.532,0
7.4063,20.785,2.7009,0.45145,-3.3268,-129.16
19.631,19.148,29.119,3.1472,-6.7261,-133.43
-0.79923,-2.5398,-0.44383,5.9881,10.151,0
22.205,20.612,20.465,18.964,8.9844,15.843
16.003,39.549,29.227,25.242,16.224,30.526
-0.51968,0,0,0,6.0422,0
19.745,13.035,29.845,23.264,10.09,5.7382
36.598,14.679,23.344,9.4145,4.889,0
10.604,-4.6769,-4.3997,-5.098,-9.2363,-199.7
-1.9161,-3.9013,-0.66194,2.2485,-0.053236,0
-6.5338,6.9022,-2.0204,-1.9443,-7.6012,-20.798
3.4222,3.2299,1.949,7.2237,4.4788,18.599
26.169,0,0,2.9437,0,7.8723
32.297,28.921,7.3948,16.548,9.0895,16.165
6.5239,7.0785,23.304,6.2712,0,6.882
8.3,0,8.5567,0,0,0
28.096,0,0,4.3557,0,0
-5.8716,-10.877,-6.2141,-6.3179,-4.7052,-189.4
-4.1982,-10.708,-13.314,5.66,-2.8103,-590.71
1.6172,3.9789,0.18229,5.9336,4.4325,-68.799
20.116,0,0,0,8.6979,0
12.502,11.5,5.3578,0,2.4586,29.53
22.322,21.59,26.521,11.223,10.306,4.3929
17.626,0,2.4597,0,0,0
7.9901,5.1891,3.1973,6.3664,4.0718,13.673
37.492,23.04,14.06,14.432,11.562,16.254
19.702,0,4.1587,0,0,0
-1.7281,-2.9476,-2.7134,-5.7269,-4.0621,-214.87
1.8648,2.3722,4.3328,-0.43341,-0.95607,-83.956
0,0,0,0,0,0
50.254,21.918,43.91,16.052,10.083,24.454
55.126,11.59,22.334,2.7465,16.288,21.669
10.45,0,0,0,0,4.1812
60.922,32.092,36.03,20.506,23.437,35.48
57.652,0,15.949,0,0,14.052
-0.14642,-2.4125,-4.7095,-3.1177,13.483,-381.64
0.14703,3.4526,0,0,0,0
0.37993,1.3066,-2.582,-0.19381,13.51,-174.8
14.965,22.404,-0.93981,3.6321,5.6356,0
30.677,0,0,0,0,0
44.888,9.3434,15.235,12.038,0,0
37.452,0,8.9257,7.381,0.69698,11.9
42.208,0,0,0,0,0
51.159,18.241,11.273,0,0,0
-0.59954,1.6341,0,0,0,0
51.117,39.837,29.622,19.699,19.053,-126.9
52.999,44.448,55.687,63.533,51.655,-867.65
-0.73568,-2.6817,2.231,0,0,-197.43
64.397,49.161,52.249,36.067,38.233,-360.96
63.133,64.548,69.687,53.334,43.424,-669.12
-0.54266,-1.7746,28.852,0,5.8718,0
44.477,46.718,44.735,46.009,38.326,-587.54
69.6,58.208,58.792,51.04,41.309,-743.5
-19.782,4.5061,-5.6008,-5.478,-4.9742,-4.3608
-25.577,-2.5782,-22.467,-22.948,-24.043,-264.9
41.755,0,0,0,0,0
-4.2559,-9.4197,-5.3069,-5.6456,-5.6456,-199.91
-1.0952,1.9939,8.6153,21.421,7.9504,-418.77
56.435,56.693,59.109,45.959,52.447,66.241
-2.4382,-8.3772,-2.0556,-1.92,-2.6577,-160.17
44.722,54.399,50.945,41.026,34.718,-390.9
49.632,56.922,58.462,47.317,46.007,-345.85
-0.27864,-0.99635,-0.047513,-1.8935,1.1194,0
-6.1261,5.1649,-3.456,-0.38286,-0.7191,-0.75493
3.7828,0,0,0,0,0
-8.462,1.9895,-0.49158,-1.92,-1.4693,-1.8131
1.8548,6.6187,2.4137,0,1.3145,2.1788
10.269,4.0097,0,0,0,2.962
-1.4018,5.1685,-2.1426,-1.359,7.9936,-200.7
5.6375,0,0,0,0,-197.05
18.954,0,3.112,0,0,1.1
-6.1101,-6.7586,-8.8915,2.3849,0,-6.7839
73.723,52.17,44.15,46.647,36.111,-120.51
67.392,63.773,64.776,58.846,44.38,60.318
-1.9804,-3.82,0,0,3.0169,0
32.44,68.449,52.884,34.773,21.805,52.757
61.266,63.941,69.892,50.206,40.152,59.185
1.3842,0,2.0146,0,0,9.0853
30.859,41.758,39.553,38.982,34.422,37.61
48.589,46.679,70.044,24.972,34.495,32.779
-1.7277,-7.3055,-0.72,-0.53044,5.637,-148.59
40.513,7.2898,-2.3579,-2.3322,-1.1368,-230.7
51.838,69.46,59.493,54.133,52.626,48.923
-0.83464,-0.9402,-1.4222,-0.89942,-1.3442,9.4496
54.525,57.461,62.119,38.965,31.403,55.522
64.528,69.353,64.377,54.249,42.62,62.7
-0.1981,-0.18069,0,0,0,0
62.331,63.152,58.854,45.389,34.864,71.4
69.135,54.351,63.976,42.753,35.715,63.942
-3.7841,-2.5059,-6.1691,0.62944,-3.6132,-354.4
-6.7642,-5.8497,-5.9121,-1.8212,-5.8672,-202.1
4.8409,0,19.759,0,0,-150.32
2.9836,-1.4806,-1.7077,1.7911,3.7889,13.007
37.583,0,0,0,0,0
33.543,0,0,0,0,0
16.592,1.2721,0,1.4948,4.6174,0
0,0,0,0,0,0
6.3552,0,0,0,0,0
14.507,6.0868,0,0,0,-193.21
62.207,39.022,38.758,33.443,33.155,-227.07
70.258,51.279,64.18,54.036,48.163,-324.91
8.3424,0,0,2.9129,0,0
50.619,0,0,17.542,11.334,16.624
65.664,15.317,14.543,11.933,3.7782,23.522
11.964,0,8.8586,2.9223,6.0454,0
27.061,50.804,23.362,28.282,15.431,23.372
62.225,26.024,6.0753,11.213,8.4841,8.7072
12.508,0,0,0,0,0
59.653,73.055,59.593,45.545,40.023,-526.92
58.555,67.812,57.746,48.506,41.403,-159.09
11.603,0,0,0,0,0
62.536,69.446,67.854,52.811,41.345,70.964
63.492,75.328,65.444,33.122,35.255,71.39
9.9743,0,0,0,0,0
63.478,68.465,67.554,45.205,45.72,55.876
77.728,38.097,37.243,6.1938,22.181,49.726
-3.0956,0.2553,6.2261,-1.9192,-1.8843,-321.86
6.4917,0,1.1723,0,15.509,0
20.451,0,0,0,11.553,-188.33
26.702,0,0,0.71109,0,0
12.388,0,0,0,0,0
30.553,8.3434,0,0,0,0
32.192,0,0,0,7.9967,0
46.607,0,0,19.231,0,0
38.991,0,0,0,0,0
22.216,27.904,36.918,24.178,14.4,-394.13
44.522,14.655,10.138,0,4.1618,-192.11
38.658,69.584,42.822,44.77,33.534,-572.89
15.62,51.927,27.616,23.574,23.724,-249.05
25.157,20.899,38.072,16.897,2.3799,-72.92
68.874,40.244,38.836,37.736,37.684,-683.21
36.465,47.138,32.704,24.382,22.686,-464.09
55.669,25.793,38.869,29.13,19.979,-199.19
71.625,44.124,48.56,41.075,35.14,-551.45
34.498,17.796,7.6273,0,3.2483,-1.8246
30.712,36.175,-4.7766,28.435,26.612,-561.83
20.168,29.82,39.993,8.7336,5.3729,3.7673
35.007,16.128,19.76,19.523,12.028,5.3429
40.048,39.657,32.098,30.096,26.844,-495.72
62.663,49.45,37.093,30.036,27.59,-305.59
37.261,0,13.551,1.8584,-0.40423,-5.4826
61.163,34.822,42.24,41.099,25.367,-456.04
60.347,32.554,19.086,29.739,10.834,7.2226
0.66207,6.7248,27.895,5.6209,-1.7759,0
40.035,4.818,4.05,6.5846,7.024,0
40.117,29.281,34.884,16.428,10.603,19.764
8.7722,25.872,17.865,20.89,19.652,-25.508
40.474,28.12,0,12.694,19.574,3.609
55.865,37.862,35.854,26.649,20.328,25.55
37.814,30.604,24.604,23.274,18.651,-41.671
37.166,23.176,10.421,0,18.34,0
29.57,62.811,38.593,34.782,27.794,-35.661
45.395,19.668,26.434,27.171,22.834,-74.701
52.311,22.571,16.527,13.878,22.896,10.989
66.517,41.864,43.727,40.13,27.861,1.8912
30.761,28.275,27.916,26.507,21.298,21.451
54.854,37.889,31.807,9.8665,16.317,16.277
42.783,46.533,42.699,42.862,36.686,11.201
22.639,25.45,25.686,13.16,21.028,27.229
37.081,12.597,13.868,0,8.7796,0
46.592,60.653,51.19,37.374,35.943,3.7099
20.659,36.924,17.591,15.479,12.293,-420.86
42.371,37.896,19.235,23.124,13.307,-610.14
62.315,38.247,28.541,28.112,22.64,26.014
15.648,9.0276,15.342,19.966,17.001,-4.4632
44.548,42.309,33.179,39.964,34.276,18.543
40.34,23.196,22.473,17.319,11.864,47.657
7.0601,37.045,3.6176,7.3645,1.3691,0
49.254,18.708,0,16.53,6.7682,0
14.072,0,10.417,15.868,34.796,7.1092
28.086,14.83,14.717,13.289,15.045,-335.87
39.8,6.6257,16.226,5.7316,15.163,-187.94
32.148,63.153,26.596,28.224,23.601,2.0302
29.564,21.937,23.613,24.319,24.082,44.021
60.08,9.4426,25.922,19.188,10.666,24.223
64.269,54.903,44.953,36.64,25.183,49.038
33.541,35.345,35.896,30.222,22.21,35.615
56.408,0,0,0,5.0022,0
49.243,36.191,12.194,22.199,5.675,2.9694
21.649,24.469,19.489,0,8.3134,-570.18
57.494,33.954,0,12.26,8.3072,-339.16
45.31,64.241,42.817,45.901,31.363,-98.549
39.652,9.7494,12.437,9.4554,8.4705,15.839
33.599,3.4214,0,0,5.3845,0
53.279,24.236,13.74,14.959,7.1555,0
46.824,14.691,29.358,10.495,11.712,23.803
43.634,10.325,0,0,0,0
47.334,18.606,51.027,17.46,15.436,8.8675
30.221,0,5.1503,0,7.5723,9.4077
64.267,63.795,16.268,36.343,28.848,-89.417
42.114,33.358,44.886,6.9517,0,-51.797
40.614,0,8.3951,0,0,0
0,0,0,40.504,0,3.2471
44.537,0,0,6.7354,0,6.382
42.297,0,0,0,0,0
2.9392,0,0,0,25.774,0
30.265,0,0,0,0,0
44.201,31.497,31.161,24.644,28.355,-466.01
26.351,54.115,11.111,12.671,21.854,16.054
33.926,70.579,40.346,44.046,30.734,-553.48
27.816,48.258,28.694,30.99,27.409,40.015
43.745,0,0,9.4415,5.1488,2.4011
55.479,50.776,24.917,23.097,26.607,33.579
48.101,59.275,42.89,29.361,12.689,42.774
51.573,0,0,0,0,0
39.848,18.087,48.501,26.673,23.123,8.7759
