-253.65,-205.06,-199.7,-217.53,-29.712,-203.78
-217.14,-203.93,-202.52,-213.22,-27.639,-100.5
-581.46,-488.76,-457.26,-591.27,-27.955,-609.23
-400.17,-371.38,-285.03,-349.3,-33.956,-375.02
-331.65,-612.7,-547.83,-671.36,-585.61,-549.26
-540.4,-544.28,-572.1,-600.54,-91.099,-556.93
-411.63,-399.87,-408.4,-369.2,-33.832,-384.77
-491.77,-281.14,-433.79,-511.31,-404.3,-437.99
-490.79,-425.99,-506.72,-508.77,-43.837,-491.99
-5.0903,0,0,0,0,0
-242.08,-8.7532,0,0,0,0
-19.789,-205.05,-21.447,-5.1863,-37.382,-11.678
-215.79,-17.048,-202.17,-15.838,-13.642,-52.755
-196.89,-199.2,-197.2,-202.92,-201.57,-22.396
-312.47,-198.44,-200.95,-220.43,-204.73,-200.66
-199.65,-214.41,-200.2,-19.852,-58.397,-32.448
-401.07,-350.4,-381.87,-363.9,-173.64,-326.07
-393.16,-393.65,-199.2,-199.82,-285.33,-198.81
-262.46,-200.33,-215.92,-23.611,-23.93,-219.31
-200.2,-7.0727,-7.4817,-5.6654,-6.1287,-12.031
-201.91,-271.9,-201.19,-201.1,-30.068,-197.39
-200.2,-198.77,-199.77,-200.9,-29.338,-202.57
-10.467,-199.55,-9.8994,-5.52,-6.5364,-3.6126
-200.89,-200.1,-200.2,-206.37,-28.631,-202.35
-488.59,-586.73,-455.86,-423.52,-33.761,-523.96
-204.17,-234.63,-43.761,-33.366,-33.224,-201.07
-227.72,-392.32,-342.63,-396.96,-17.127,-359.08
-361.15,-337.59,-406.71,-388.81,-37.195,-364.38
-393.38,-320.45,-339.3,-249.06,-240.63,-74.421
-387.07,-389.88,-478.01,-476.69,-133.77,-408.7
-357.8,-332.74,-253.79,-331.74,-26.064,-242.21
-392.62,-223.78,-395.2,-315.23,-315.8,-79.956
-199.09,-199.2,-199.2,-205.1,-202.37,-38.554
-232.46,-288.67,-361.55,-228.66,-26.703,-230.52
-438.02,-360.07,-450.28,-286.92,-409.14,-71.89
-199.25,-197.91,-198.14,-210.41,-202.37,-45.687
-200.9,-41.215,-200,-202.16,-36.835,-212.98
-199.2,-221.79,-199.2,-204.58,-227.27,-48.142
-349.05,-274.02,-109.94,-267.76,-223.29,-366.9
-13.237,-246.43,-10.442,-12.743,-12.741,-14.778
-394.42,-388.68,-390.17,-366.28,-271.09,-225.94
-199.2,-199.2,-197.5,-198.21,-5.0806,-2.0407
-7.4586,-6.8882,-0.6,-1.0686,0,0
-199.2,-199.2,-216.22,-198.33,-204.85,-21.732
-199.2,-199.2,-196.9,-199.29,-202.98,-6.8342
-200.7,-217.89,-201.63,-67.532,-41.49,-193.55
-8.2341,-8.0614,-5.6025,-204.99,-7.4648,-6.8684
-225.62,-331.11,-268.21,-221.72,-31.734,-277.96
-358.94,-390.19,-352.99,-219.86,-230.3,-3.3806
-199.9,-200.4,-198.04,-49.704,-33.903,-191.41
-199.82,-201.67,-199.24,-200.2,-17.184,1.2335
-199,-200.1,-200.12,-200.9,-7.6071,-5.8437
-200.2,-7.4386,0,0,0,0
-199,-235.26,-196.84,-9.359,-5.5554,-6.0535
-363.5,-181.22,-292.93,-231.72,-239.82,-362.56
-199.2,-199.2,-198.58,-36.686,-58.834,-202.08
-355.02,-397.2,-392.1,-362.76,-88.431,-390.58
-25.707,-199.6,-200.7,-207.96,-25.622,-6.5416
-197.79,-198.43,-10.524,-201.91,-7.9524,-5.9094
-198.56,-195.74,-196.06,-201.1,-16.421,-6.5876
-202.66,-195.82,-199.7,-20.723,-205.66,-17.592
-200.2,-197.73,-198.53,-3.1383,-200.83,-5.9693
-199.2,-198.42,-199.2,-200.3,-16.421,-5.1126
-200.2,-235.35,-211.3,-20.07,-22.354,-205.48
-389.73,-388.97,-321.22,-407.66,-323.7,-246.97
-164,-199.2,-198.56,-200.13,-230.23,-264.24
-199.2,-200.7,-3.0404,0,0,0
-198.42,-199.2,-196.8,-199.82,-223.86,-103.12
-199.2,-199.2,-0.21028,-1.394,-4.7495,0
-1.4146,-198.57,-0.30309,0,0,0
-199.2,-198.42,-199.2,-198.67,-1.5629,28.305
-193.64,-15.457,-196.74,-2.932,8.3535,0
-383.72,-322.99,-357.04,-307.08,-38.097,-422.49
-198.28,-200.29,-232.36,-29.112,-32.952,-201.1
-394.39,-340.67,-201.14,-255.51,-235.73,-16.902
-200.6,-235.76,-227.71,-207.93,-201.9,-148.34
-199.74,-0.4,-196.69,2.4667,0,0
-198.42,-196.99,-199.7,-0.87909,-1.4,18.243
-197.7,5.6063,-200.2,-0.7,-201.5,-185.28
-197.67,-198.91,-199.36,-198.89,0,0
0,0,0,0,0,10.771
-63.569,-26.243,-10.78,-2.8591,-5.0739,-45.086
-4.7398,-51.217,-45.996,-1.6426,-4.5524,-16.929
-222.33,-41.372,-209.63,-11.795,-9.8327,-199.85
-26.87,-200.62,-262.53,-13.62,-12.511,-207.7
3.474,0,0,0,0,0
-28.308,-25.357,-16.981,-4.7146,-9.2661,-67.616
-28.094,-8.9841,-8.0022,-5.8677,-10.015,-238.13
-23.459,-11.3,-13.572,-6.7506,-0.51285,-203.32
-6.5143,-34.134,-61.125,-3.2584,-5.0382,-204.11
-208.22,-71.069,-39.316,-39.674,-35.076,-201.85
-55.133,-212.02,-44.843,-44.805,-26.67,-201.6
-70.138,-10.01,0,0,0,0
-37.759,-222.48,-37.304,-28.226,-37.43,-203.18
-241.68,-209.26,-39.252,-23.169,-39.201,-202.6
-17.894,0,0,0,0,0
-237.72,-220.34,-32.961,-35.239,-35.487,-201.6
-29.678,-0.9,-0.11704,-1.2,-1.2,-7.8889
-18.051,-20.726,-9.9401,-11.286,-10.617,-202.1
-29.543,-37.416,-30.888,-29.45,-28.897,-203.63
-201.4,-203.02,-23.985,-38.277,-38.507,-201.4
-22.006,-5.4156,-1.2323,-1.2241,-3.2604,-1.4981
-200.8,-65.654,-45.607,-36.306,-45.845,-207.03
-203.09,-208.46,-40.491,-32.075,-39.847,-208.39
-5.9535,-17.738,-3.6841,-5.5524,-2.3664,-1.2641
-201.49,-233.43,-45.862,-45.85,-36.4,-206.06
-15.571,-200.9,-18.059,-15.007,-16.179,-13.515
-51.242,-212.4,-19.256,-22.432,-22.615,-210.74
0,0,0,0,0,0
-5.0528,0,0,0,0,0
-32.051,-26.899,-48.335,-6.0333,-8.5471,-7.0623
-0.38,-35.839,0,0,0,0
-18.716,-9.2028,2.1568,0,0,0
-6.2713,-16.098,0,-0.55443,0,0
0,0,0,0,0,0
-196.77,-24.162,-40.997,-0.71259,-1.3,-3.3405
-12.064,-7.3913,-2.5201,0,0,0
-68.747,-75.63,-40.013,-28.509,-39.502,-201.6
-198.16,-202.14,-39.626,-39.517,-31.001,-201.4
4.915,0,0,0,0,0
-23.985,-206.27,-25.481,-24.795,-26.144,-217.42
-195.95,-207.32,14.184,-3.4779,-3.5285,-3.8644
-7.9183,1.8342,0,0,0,0
-23.668,-20.455,-12.414,-10.61,-13.691,-15.073
-5.1174,0,0,0,0,0
-0.092,-3.6467,-1.2,-1.2,-1.2,-9.9537
-201.51,-228.93,-46.159,-36.617,-46.02,-198.7
-201.4,-200.97,-31.37,-40.222,-40.161,-201.2
-2.6019,-0.4,-0.038348,-0.62135,0,0
-203.32,-209.34,-36.118,-46.705,-46.605,-201.63
-200.11,-209.89,-28.721,-36.545,-36.509,-199.77
-12.429,-4.7836,0,0,0,0
-208.47,-208.81,-199.05,-23.291,-41.381,-200.61
0,0,0,0,0,0
-21.656,-3.4597,-8.0001,-8.4125,-3.2579,-2.6553
-48.576,-5.49,-12.154,-6.0901,-0.60525,0
0.8545,0,0,0,0,0
-33.17,-9.2681,-27.432,-1.5561,-1.8559,-1.3827
0,0,0,0,0,0
-202.19,-12.563,1.4579,0,0,0
-0.40758,-0.70589,3.0048,0,0,0
-1.338,0,0,0,0,0
-4.6749,0,0,0,0,0
-0.41968,-6.8177,-200.28,1.2483,0,0
-40.539,-202.06,-17.534,-18.663,-19.443,-201.69
16.057,0,0,0,0,0
8.6007,0,0,0,0,0
-14.004,-25.206,-2.5877,-2.9984,-3.3705,-4.366
-202.43,-206.63,-6.8495,-6.3893,-6.8495,-4.025
0,0,0,0,0,0
-2.1502,-16.478,0,0,0,0
0.63702,0,0,0,0,0
0,0,0,0,0,0
-241.43,-238.97,-55.96,-46.424,-31.674,-201.41
-47.666,-206.86,-33.949,-34.293,-34.147,-201.6
-25.674,-15.433,-0.12344,-8.5264,0,0
-199.34,-43.982,-40.682,-37.018,-40.864,-185.22
-1.4,-200.63,-3.1324,-6.1818,-1.2,8.3857
8.4023,0,0,0,0,0
-0.057584,-3.982,-1.2,-1.1868,-1.2,5.1268
-1.4428,0,0,0,0,0
-0.60439,-192.78,-1.2,-1.1281,-1.2,2.7896
-39.224,-30.271,-53.404,-13.104,-14.1,-218.88
-0.88355,-24.655,-0.037826,-0.94798,-0.93706,-7.1535
-35.171,-35.093,-8.7157,-0.60735,-8.5789,-199.85
-46.306,-24.681,-74.795,-11.311,-8.7112,-18.587
-9.4813,0,0,0,0,0
-30.699,-83.677,-3.757,-1.6801,-4.0603,-200.83
-33.613,-35.383,-29.916,-18.664,-3.8939,-200.91
-1.193,-0.16231,-0.27429,-1.1516,-2.7857,0
-10.896,-18.635,-48.23,-76.877,-8.7938,-199.93
-27.215,-5.0615,-8.7161,-7.1652,-7.4448,-7.666
-220.68,-27.572,-7.5513,-2.2174,-7.2948,-201.92
-29.788,-7.5226,-0.60956,-1.5224,-0.55217,0
-40.557,-28.09,-10.897,-14.273,-7.6572,-14.937
-2.5849,-19.193,-5.7957,3.0815,-2.546,-201.6
-10.098,-50.65,-0.32217,-1.9627,-2.287,-2.1905
-15.407,-260.85,-14.534,-11.932,-17.67,-201.48
-0.9,-2.8001,-19.578,-2.6651,-3.1669,-208.67
-34.948,-28.815,-9.4314,-1.3665,-5.5768,-7.1965
-63.562,-26.78,-11.151,-14.978,-16.549,-42.988
-18.808,-15.949,-11.773,-10.777,-8.222,-203.31
-12.473,-75.849,-9.9108,-10.14,-9.6831,-9.13
-34.116,-14.388,-13.646,-14.004,-10.377,-15.608
-12.148,-34.326,-9.1242,-8.0559,-5.2498,-8.881
-201.03,-9.8831,-8.2734,-4.321,-4.4772,-30.259
-38.421,-34.83,-18.866,-6.3193,-17.475,-202.29
-1.0526,-0.023205,-1.282,-0.31575,-3.6664,0
-26.835,-20.79,-8.3783,-8.8616,-31.221,-206.67
-38.799,-38.212,-7.2241,-1.9033,-9.2406,-6.7532
-11.693,0,0,0,0,0
-11.031,-12.502,-43.107,-8.1044,-4.285,-200.95
-1.2138,-44.773,0.63049,-1.1028,-1.1362,-5.9382
-2.1996,2.2738,0,0,0,0
-13.319,-9.4481,-0.32987,3.1094,-1.1713,-1.842
-70.792,-0.98268,2.8693,-0.9,-1.2,-1
-3.8089,-3.7167,-0.1,-2.6922,-2.2113,0
-13.2,-39.868,-31.116,-0.97108,-1.1196,-5.4402
-8.4758,-35.125,-11.777,-12.8,-10.139,-203.47
-3.8478,-2.3967,-2.5984,-0.46268,-2.7142,-207.5
-20.481,-0.20972,0,0,0,0
-1.1165,-1.5578,-0.40505,-2.0615,-1.0579,-2.2599
-0.75344,-5.4406,3.6257,0,0,0
0,-14.126,0,0,0,0
-14.019,-0.75704,-0.68307,-0.08139,0,0
-9.686,-14.873,-23.274,0,0,0
-1.6712,-1.3867,-8.3737,-1.9247,0,0
-15.035,-41.08,-17.815,-15.745,-4.5289,-203.34
-11.033,-19.155,-10.53,-12.844,-14.034,-198.9
-39.067,-26.233,-38.937,-15.946,-18.134,-200.08
-18.321,-28.774,-4.9048,-15.959,-14.328,-199.73
-11.171,-8.1409,-39.143,-8.2137,-6.4183,-5.8527
-1.2,0.059072,-5.655,-1.1782,-1.1552,-6.375
-11.901,-13.45,-1.6309,-13.869,-8.6224,-8.1374
-0.47125,-0.46,-0.79,-1.159,-2.3704,-0.9
-9.0651,-4.8479,-11.358,-1.7163,-3.0818,-5.7342
-1.8714,-30.845,-36.984,-1.7518,-3.2248,-193.91
-9.3452,-38.816,-4.7073,-0.97205,0,0
-20.557,-201.7,-24.254,-7.6002,-9.777,0.5265
-1.6871,-1.1221,-1.5264,-2.9684,-2.4144,-5.3373
-8.7268,0.7296,0,0,0,0
-0.9,-0.11197,-0.2,-1.4974,-0.32323,-2.1513
-0.40117,-4.8926,-0.6,-0.44987,-1.9,-1.6283
0,0,0,0,0,0
-4.3397,-0.26847,-2.045,1.851,0,0
-36.78,-7.487,-10.389,-8.6909,-4.4155,-203.23
-35.678,-0.9,-0.48,-2.779,-1.2,-2.9472
-2.0648,0,0,0,0,0
-1.2193,-0.6707,-1.1295,-1.2,-2.2367,-2.8379
-3.3134,-1.5463,-1.599,-2.6517,0.61974,-2.435
0,0,0,0,0,0
-7.483,-0.9,0.8064,-1.2,-1.3649,-2.2161
-9.7977,-1.0069,-0.6,-0.29332,0,0
-0.51734,0,0,0,0,0
-46.282,-21.837,-15.082,-8.4181,-16.89,-201.74
-62.831,-0.83525,-2.7391,-2.15,-1.3673,-197.76
-1.2016,-0.79874,-6.8707,-1.0555,-0.91725,-1.3962
-1.488,-2.1243,-1.1123,-1.7128,-2.6956,-1.1581
-1.1234,-0.9,4.3778,-1.7869,-1.4493,-1.5546
-200.6,-0.069857,3.3426,0,0,0
-1.8556,-1.6949,-2.9855,-2.574,-2.8675,-3.1286
-6.4821,-0.1,5.0885,0,0,0
-0.456,-0.42585,-0.26179,-1.3,-1.1868,0
-47.793,-57.159,-31.255,-26.005,-30.862,-201.2
-62.255,-85.31,-42.453,-18.354,-26.925,-210.36
-123.61,-129.61,-121.29,-142.83,-17.744,-199.28
-59.884,-88.014,-53.036,-52.515,-23.236,-199.9
-74.744,-98.559,-122.44,-70.873,-25.399,-199.82
-110.78,-103.44,-94.014,-112.83,-17.097,-199.6
-62.797,-95.883,-61.624,-30.754,-58.599,-202.61
-69.76,-64.664,-64.071,-31.346,-82.944,-199.13
-113.45,-96.165,-96.048,-84.664,-16.958,-204.92
-6.3098,-8.592,-7.6139,-4.8776,-5.9447,-13.309
-2.769,-2.5145,-1.3688,0,0,0
-29.898,-24.668,-29.272,-21.942,-15.62,-204.66
-29.25,-22.73,-40.278,-24.294,-24.725,-201.19
-34.149,-33.207,-32.284,-22.018,-28.905,-28.927
-29.473,-51.717,-45.457,-22.932,-25.243,-198.07
-37.685,-54.373,-20.721,-20.814,-20.485,-203.36
-60.419,-56.625,-61.121,-62.936,-32.523,-198
-30.061,-29.069,-52.245,-23.749,-27.765,-199.09
-20.087,-22.436,-20.873,-20.024,-22.013,-203.51
-8.5506,-8.4867,-8.0187,-5.41,-5.34,-4.7332
-37.834,-38.795,-79.896,-21.102,-31.574,-201.93
-62.691,-91.973,-48.015,-29.071,-35.695,-204.04
-19.042,-105.45,-27.299,-27.042,-27.781,-202.74
-34.487,-34.102,-35.959,-28.938,-33.874,-201.02
-76.822,-56.696,-62.683,-79.59,-29.563,-201.02
-35.522,-35.967,-36.382,-28.147,-32.452,-200.92
-41.539,-33.658,-30.647,-24.716,-30.95,-200.51
-68.607,-73.466,-65.448,-66.839,-29.057,-203.61
-53.107,-60.466,-58.956,-52.519,-27.339,-200.73
-78.555,-93.097,-91.091,-17.774,-77.369,-199.81
-46.119,-106.32,-44.045,-22.665,-62.068,-46.016
-42.439,-34.925,-91.081,-17.372,-29.732,-30.698
-83.54,-57.178,-69.279,-15.85,-83.654,-50.371
-37.44,-47.487,-22.534,-43.304,-37.995,-41.672
-63.237,-44.294,-50.251,-45.028,-16.678,-47.686
-53.556,-51.823,-55.89,-24.45,-31.632,-46.753
-55.989,-33.326,-33.692,-33.037,-28.955,-201.1
-42.665,-48.929,-39.002,-25.36,-30.852,-192.64
-38.22,-40,-34.709,-29.878,-11.118,-194.25
-33.44,-42.235,-29.724,-26.795,-28.512,-63.157
-38.916,-52.034,-54.205,-58.144,-25.977,-193.71
-26.519,-58.738,-34.025,-13.44,-24.62,-26.846
-6.0041,-15.956,-9.7108,-7.1357,-8.9477,-6.1391
-29.56,-37.61,-33.164,-17.461,-24.289,-196.82
-0.57929,-12.397,-7.9327,-0.7704,-0.74677,2.5843
-49.28,-43.534,-27.505,-68.467,-41.444,-194.9
-19.752,-26.848,-18.423,-18.605,-18.616,-200.73
-43.08,-45.393,-51.113,-37.768,-26.218,-195.45
-76.428,-69.366,-80.816,-76.577,-31.608,-199.42
-38.385,-35.48,-39.036,-28.213,-31.624,-197.27
-25.146,-22.665,-19.926,-21.026,-21.245,-200.38
-35.546,-48.856,-40.993,-21.012,-31.191,-195.85
-35.13,-2.7371,-3.007,-1.9255,-6.8621,-0.65914
-14.682,-7.7646,-5.6788,-3.0656,-6.2659,-6.4412
-57.36,-35.951,-56.406,-51.146,-27.805,-200.44
-35.212,-62.067,-37.802,-60.173,-25.679,-198.04
-51.534,-57.802,-50.54,-58.855,-17.77,-198.8
-13.012,-9.068,-11.101,-11.274,-10.137,-9.5865
-12.828,-8.101,-35.131,-12.694,-14.665,-202.01
-6.8936,-14.868,-10.533,-7.0278,-7.8788,-2.7032
-5.347,-7.5856,-6.062,-3.9555,-9.9412,-5.1947
-30.135,-49.732,-36.288,-11.374,-4.8768,-3.8273
-13.74,-2.7404,-11.685,-26.697,-10.374,-10.315
-34.684,-23.444,-21.284,-20.602,-22.454,-201.91
-61.951,-73.347,-60.66,-77.612,-35.634,-191.75
-35.173,-30.683,-31.132,-25.711,-25.687,-189.5
-26.277,-15.929,0,0,0,0
-26.451,-25.984,-36.341,-17.211,-24.46,-173.56
-1.9,-1.6205,-1.4039,-2.0861,2.388,0
-0.06,-26.679,-0.41278,-0.44395,2.9735,0
0,0,0,1.3705,0,0
5.1083,0,0,0,0,0
-72.443,-77.19,-89.41,-95.221,-31.666,-198.83
-43.629,-37.438,-56.89,-24.181,-51.527,-201.1
-33.646,-40.662,-44.922,-25.17,-31.951,-199.81
-32.478,-37.928,-27.384,-31.054,-29.587,-196.46
4.0056,0,0,0,0,0
-0.1,7.9013,0,0,0,0
-6.6913,-8.799,-3.4302,-6.865,-2.195,-191.46
8.6674,0,0,0,0,0
0,6.8901,0,0,0,0
-3.2688,-11.303,-4.3791,-3.6032,-1.0715,-210.01
-15.496,6.1101,0,0,0,0
-20.483,-11.426,1.2619,-10.49,-10.228,-207.73
-6.8768,-6.7344,3.9602,-4.4305,-8.5089,-9.6565
-3.971,4.8744,0,0,0,0
-11.434,-1.5648,-36.092,6.9183,-1.8025,-230.14
-9.0834,-7.5409,-8.6102,-3.2346,-6.3962,-5.8098
0,0,12.549,0,0,0
-6.2785,-6.6006,8.6407,-5.9025,-6.0812,-13.777
-39.637,-74.522,-19.94,-35.802,-35.317,-203.12
-50.56,-60.943,-26.607,-41.789,-41.78,-202.72
-0.73445,-3.9865,-3.0371,-0.7,-0.39886,-1.0968
-43.475,-97.067,-33.175,-24.082,-33.012,-199.2
-64.019,-39.586,-32.307,-12.787,-32.488,-199.8
-0.097311,-0.82648,-0.17178,-0.79515,8.274,0
-30.058,-27.246,-30.124,-30.28,-30.07,-200.64
-34.231,-29.62,-22.805,-11.17,-23.117,-201.6
-27.203,-73.504,-26.933,-4.5853,-26.763,-200.49
-51.463,-22.78,-25.356,-26.009,-25.853,-199.57
-43.933,-39.456,-20.002,-33.757,-33.579,-201.54
-1.9193,-1.7636,-3.6648,-3.7252,-2.0937,-2.1964
-60.187,-41.143,-39.007,-28.899,-39.08,-204.63
-30.655,-23.838,-30.657,-30.703,-30.915,-207.73
-5.2292,-4.8269,0.2444,-7.3799,-6.5519,-4.812
-58.685,-51.886,-26.631,-40.124,-40.147,-207.38
-25.322,-29.57,-29.334,-29.845,-29.173,-207.35
-24.993,-21.042,-15.247,-20.914,-20.669,-201.8
-13.738,-3.6517,-10.052,-8.3814,-6.4368,-200.9
-7.5055,7.8224,0,0,0,0
-1.031,-5.8673,-1.1899,7.7158,0,0
-3.597,-4.38,-0.16029,5.8568,0,0
-2.6101,-1.4647,-2.282,3.2725,0,0
-45.282,-2.1518,-4.1934,7.9262,-1.0432,-7.7369
-21.55,-3.2437,-5.6577,-3.147,-1.6805,-8.72
-0.21196,-31.762,-1.6878,5.7815,0,0
-38.724,-3.0847,1.5222,0,0,0
-53.472,-42.971,-33.969,-24.561,-33.924,-201.44
-61.987,-52.03,-33.79,-33.848,-26.131,-202.96
-16.666,-9.0684,-2.0307,-2.5819,-2.2718,-2.2584
-26.928,-22.225,-21.195,-21.211,-18.829,-20.681
-17.23,-10.7,-7.7652,-8.0831,2.2738,-12.066
7.6044,0,0,0,0,0
-17.818,-16.44,-13.037,-15.749,-16.12,-15.393
-1.4658,-0.50002,-1,-1,-1,5.3695
-3.9444,-1.414,-1.4409,6.1873,-2.4562,-1.4283
-45.384,-42.19,-35.196,-38.975,-39.084,-201.6
-43.825,-49.973,-34.184,-21.406,-34.022,-198.31
-1.3545,-1.5107,-5.3493,7.2249,-1.8002,-198.23
-61.789,-52.291,-25.848,-39.963,-39.9,-202.52
-13.727,-3.9354,-12.796,-13.199,-15.976,-199.37
-2.1852,-0.21154,4.8227,0,0,0
-35.368,-53.739,-35.382,-35.428,-24.987,-203.65
-0.71522,-0.1,-1.5662,-7.2015,2.7333,0
-7.6181,-7.6419,-7.0005,-8.8886,-9.105,-7.0809
-5.476,-35.553,-2.5712,-8.5416,-4.1676,-201.29
6.4609,0,0,0,0,0
-1.3906,-5.6181,-3.6126,8.3925,0,0
-26.974,-0.13788,-0.2,1.3569,0,0
3.387,0,0,0,0,0
-0.3911,-0.84436,-0.2,6.6687,0,0
-1.6314,-0.94556,-1.0807,-0.29363,-0.82312,0.43899
1.3564,11.876,0,0,0,0
4.6834,0,0,0,0,0
-22.443,-19.289,-21.358,-22.163,-21.833,-201.41
-8.0822,-6.8465,25.281,-2.9762,-1.9919,-193.44
-0.67102,0.15375,0,0,0,0
-6.357,-3.0232,-4.273,-6.1476,-5.463,-3.9991
18.929,0,0,0,0,0
15.504,0,0,0,0,0
-1.2315,-1.0485,-1,-1.2196,-0.11104,4.479
27.929,0,0,0,0,0
28.984,0,0,0,0,0
-43.915,-53.036,-40.031,-40.029,-28.094,-197.11
-39.151,-20.378,-29.774,-29.884,-29.68,-197.11
-3.2998,-3.2253,-3.8943,-3.7734,-5.6191,-196.42
-34.485,-34.123,-34.774,-34.322,-34.489,-188.85
5.3045,0,0,0,0,0
13.539,0,0,0,0,0
-6.0666,-3.212,-7.0331,-6.698,-7.6816,-188.51
9.984,0,0,0,0,0
7.9508,0,0,0,0,0
-4.9154,-3.1232,-4.0338,-2.4055,5.0341,-198.58
-7.9517,-12.76,-25.685,-2.052,3.1863,0
-10.894,-7.2963,-25.205,-6.6228,9.8697,-200.4
-5.3791,-40.685,-4.657,-5.3066,7.5032,-205.81
-2.5243,2.2327,0,0,0,0
-21.912,-2.8847,10.048,-5.2368,-2.2524,-209.82
-9.9704,-60.552,-37.693,-6.5564,3.7032,-200.1
-0.26572,-5.0793,-3.6288,6.6937,0,0
-23.329,-2.8186,18.955,-5.3913,-3.2757,-200.38
-11.016,-16.523,6.6445,-1.0097,-1,-203.17
-7.548,4.2335,-2.9404,-4.1484,-2.9404,-201.6
-2.6753,9.9055,0,0,0,0
-7.2338,11.332,-3.5868,-4.3483,-4.4686,-208.57
-34.029,-37.519,-2.2901,-3.4387,10.238,-2.88
-0.089478,-7.1599,7.9074,0,0,0
-4.8573,-23.094,-6.3294,-4.8438,6.8768,-203.98
-4.9345,-60.759,-2.337,8.4136,-4.1035,-208.67
-12.644,15.291,-1,-0.29507,-0.37606,-201.6
-10.021,-8.531,-3.4282,-8.3123,-11.086,-204.96
-11.842,-9.1611,-8.8431,-9.1719,-4.1677,-206.58
-8.3222,-7.9872,-8.2747,-7.4697,-3.1884,-199.91
-7.6011,-8.0221,-7.666,8.1901,-8.8065,-10.081
-4.9092,-3.1694,-3.6873,0.77842,-5.0581,-3.5009
-18.665,-6.826,10.903,-1.9011,-5.7514,-1.8417
-11.357,-36.708,-9.4972,-0.59516,-11.23,-9.2932
-4.1734,-1.5881,-4.1754,4.9412,-1.6326,-1.783
-3.8936,-6.162,-2.7286,-3.0091,6.2726,-200.05
-7.237,-3.5773,-2.2328,0.97536,-4.9639,-200.67
-29.456,11.685,0,0,0,0
-27.887,-16.567,-0.2,-1.6371,11.709,0
-4.3975,-16.637,-6.1151,9.8607,-5.5936,-6.6592
-0.24413,5.1415,0,0,0,0
0,0,17.472,0,0,0
-3.1234,-3.1122,-2.7367,11.941,-3.3926,-7.7329
-1.4615,3.3068,0,0,0,0
-4.4145,-0.89099,16.225,0,0,-0.3322
-2.0385,-3.2219,-3.0839,-2.5976,1.2649,-201.6
-38.595,2.7402,-1.2074,-0.58166,-1.806,-201.4
-2.4746,7.6524,-3.0213,-1.3994,-0.73232,-197.02
1.7174,-37.82,-10.771,-10.767,-7.0017,-9.6299
-0.32596,13.485,0,0,0,0
9.0951,0,0,0,0,0
-4.2937,-0.50592,-3.9104,-0.12543,-1,-7.9582
5.7168,0,0,0,0,0
-0.77624,4.8421,0,0,0,0
-15.1,-17.169,-9.9377,-10.513,-0.20691,-197.97
-10.504,-9.3931,-11.204,-0.43795,-10.783,-197.11
-11.283,-39.754,4.1473,-8.2222,-7.9024,-199.67
-12.979,-19.617,-9.4625,1.5288,-9.5899,-203.27
3.9838,-1.0781,-1.0853,-6.7915,-2.3409,-1.4
-1.1,-12.199,13.827,0,0,0
-3.2652,-8.6567,-9.0232,-10.309,-8.3801,-8.5784
-0.4,-0.24061,-0.62016,10.279,0,0
-0.43487,-1.0775,10.857,-0.64953,-0.50505,-1.4682
-6.5216,-19.077,7.1684,-4.8091,-7.0628,-196.38
-2.1391,-1.213,13.616,0,-2.2,0
-0.11833,-6.9438,-25.45,6.3018,0,0
-1.1373,-4.5463,11.642,0,0,0
-0.363,-0.2,11.589,0,0,0
-0.36176,-0.41369,15.819,-0.58142,-0.53107,-5.0728
-1.6508,-19.823,-24.656,8.5951,-1.3,-1.823
2.2977,0,0,0,0,0
-4.9614,-2.8544,24.366,0,0,0
-7.3957,-7.1996,-4.4865,6.8856,-1,-202.89
-0.36168,8.9282,0,0,0,0
-1.989,0,0,0,0,0
-1.7948,11.437,-0.8,-0.89661,-2.1693,-1.0056
-0.2,16.571,0,0,0,0
-6.1838,13.138,0,0,0,0
-0.27105,2.1392,0,0,0,0
8.8416,0,0,0,0,0
6.0005,0,0,0,0,0
-10.902,5.6601,-11.003,-12.714,-11.724,-203.12
-13.842,-4.781,-3.0098,1.9066,-5.5217,-201.96
-4.2732,-2.5523,-2.4315,-2.458,-0.69456,-196.23
-4.4666,-9.276,-1.7031,-7.2351,-4.8448,-193.46
-0.24053,-0.7,-0.31357,-1.5458,-1.922,0.66182
-0.22,15.055,0,0,0,0
-0.8,6.8576,-0.21543,-1.0328,-0.96572,-1.1
-0.95652,21.643,0,0,0,0
20.075,0,0,0,0,0
-10.965,-12.189,-12.239,-10.576,-11.601,-202.83
-9.8683,-3.1344,-9.463,-11.269,-9.8032,-211.66
-24.329,-24.074,-21.813,-21.229,4.9773,-199.11
-12.206,-13.39,-13.159,2.6076,-12.196,-206.56
-16.521,-13.932,-3.0201,-15.469,-15.573,-201.23
5.8141,-12.437,-12.194,-18.391,-13.835,-200.21
-2.1575,-12.672,-10.816,-11.883,-10.181,-205.27
-12.397,-6.7459,-13.328,-12.848,-13.517,-198.57
-15.433,6.6232,-14.594,-16.786,-17.307,-199.89
-4.3504,-1.1696,0,0,0,0
-2.8802,-0.89051,-3.7513,0,0,0
-11.914,-7.3852,-11.046,-9.7549,-8.8016,-202.02
-9.2772,-5.328,-5.87,-8.2139,-6.5455,-202.22
-11.165,-3.6091,-9.8757,-9.2625,-9.7152,-196.13
-1.6726,-8.4035,-8.7566,-8.3917,-8.7968,-200.04
-7.5259,-8.2003,-2.4346,-8.692,-7.9397,-215.95
-17.717,-17.716,-10.419,-18.515,-18.402,-199.07
-11.49,-12.324,-10.765,-2.7796,-12.817,-199.07
-5.4562,-5.3188,-2.147,-3.5714,-3.4281,-201.29
-0.0057967,-0.63192,0.088723,0,0,0
-14.216,-14.459,-10.63,-15.421,-14.49,-202.12
-11.844,-20.156,-18.179,-18.767,-18.112,-216.66
-4.2577,-1.6025,-4.4715,-3.5646,-4.3422,-5.2027
-16.249,-12.753,-12.631,-2.7694,-12.31,-200.68
-21.31,-14.376,-20.741,-21.04,-21.038,-199.82
-12.12,-13.651,-8.6233,-12.65,-11.779,-201.28
-2.7455,-13.543,-13.665,-15.435,-14.166,-200.3
-14.14,2.1902,-13.145,-15.257,-13.357,-204.16
1.8651,-14.518,-16.162,-16.107,-16.237,-200.23
6.3152,-12.247,-14.775,-12.355,-12.914,-200.88
1.6977,-9.5692,-10.279,-10.403,-9.7771,-27.76
-12.615,-6.7318,-11.994,-11.211,-11.948,-11.606
-9.3808,-7.6774,5.886,-7.4786,-10.752,-16.675
-7.0303,-6.811,-7.4949,-8.8074,-0.48968,-10.998
-9.0547,-8.1745,-3.6494,-7.5617,-11.587,-10.346
-6.3074,-6.9624,-7.9655,-0.42771,-6.8441,-6.5437
-7.4674,-8.4449,-7.4242,-9.6072,-8.0964,-201.14
-12.142,-10.542,-5.6235,-10.77,-12.124,-203.44
1.5832,-5.3568,-4.0937,-4.0746,-4.6244,-199.32
-7.2929,-5.1235,-0.13172,-4.7422,-7.1459,-8.9457
4.7392,-13.869,-15.577,-13.853,-13.231,-192.58
-1.9714,-8.0481,-9.6576,-9.7915,-8.8539,-190.66
-2.0718,-0.32017,8.4676,0,0,0
-0.90954,-1.408,-0.40001,-0.13196,-1.2894,9.5486
2.99,0,0,0,0,0
-17.364,-12.605,-17.502,-15.095,-15.171,-199.9
-9.085,-2.3908,-8.0282,-8.3644,-9.3317,-193.7
-16.375,-15.687,-14.91,-14.875,-9.7856,-200.92
-10.012,-20.085,-20.35,-20.373,-20.03,-199.41
-1.8002,-4.1293,-0.61995,-1.8764,-6.223,0.10403
-4.5756,-10.594,-8.9262,-8.304,-8.2865,-196.32
-10.528,0.11372,-8.0551,-7.6932,-9.7881,-198.06
-1.9664,-2.7261,0,0,0,0
11.256,0,0,0,0,0
-5.8281,-1.9025,-9.3331,-5.3199,-12.285,-200.2
-16.379,-15.342,-7.0605,-15.015,-18.046,-197.64
-10.57,8.9423,-11.829,-10.289,-13.12,-196.29
11.785,0,0,0,0,0
1.8841,-0.0051478,0,0,0,0
14.475,0,0,-1,0,0
-0.17286,6.1162,0,0,0,0
6.3103,0,0,0,0,0
8.2102,1.2,-0.2,0,-0.6,-0.4
-5.2465,-2.5038,4.4739,-1.8517,-6.7069,-201.18
-9.6373,-16.793,-18.197,-16.973,-17.204,-198.74
-11.475,-5.0578,-8.5949,-8.684,-11.969,-198.13
3.9525,0,0,0,0,0
-3.3399,-3.788,-3.1711,-2.7189,-3.3174,-178.23
13.144,0,0,0,0,0
2.9913,0,0,0,0,0
16.152,0,0,0,0,0
16.634,0,0,0,0,0
-21.264,-21.6,-12.288,-20.958,-21.115,-200.9
-12.143,-6.846,-9.0678,-8.6788,-9.8085,-198.37
-12.655,-12.408,-2.2703,-10.313,-10.379,-199.09
-3.1729,3.5184,-5.1077,-7.9114,-4.037,-181.38
10.819,0,0,0,0,0
19.393,0,0,0,-0.6,0
6.2925,0,0,0,0,-0.3
11.253,0,0,0,0,0
13.325,0,0,0,0,0.8
-4.1004,8.1513,0,0,0,0
46.19,0,0,0,0,0
0,0,41.763,0,0,0
-1.2517,1.5825,0,0,0,0
44.033,0,0,0,0,0
-149.68,36.536,0,0,0,0
-1.0174,-1.0167,9.9101,0,0,0
46.357,0,0,0,0,0
37.971,0,0,0,0,0
-12.079,-12.604,-11.435,-11.6,-3.6233,-209.75
-24.43,-3.7995,-22.522,-22.602,-22.501,-201.6
4.7379,0,0,0,0,0
-6.1906,-8.4513,-6.5244,-6.0427,-4.8961,-202.85
-26.363,-14.297,-12.976,-12.91,17.713,-203.43
30.748,0,0,0,0,0
-7.1404,-2.7711,-3.0205,-3.8715,-3.0001,-2.8457
36.229,0,0,0,0,0
-0.83841,47.608,0,0,0,0
-1.129,-1.8681,-1.8764,-2.0336,-1.2134,0
-16.285,-15.341,-15.388,-14.385,-15.147,-205.81
-2.0378,-2.36,-2.115,-2.2036,5.3477,-1.7972
-16.803,-17.926,-16.292,-0.88982,-16.638,-208.61
-12.437,-7.6235,-11.004,-11.242,-11.047,-206.17
-0.88904,-1.4811,7.6045,0,0,0
-20.961,-20.501,-19.924,-19.981,6.8211,-206.28
-10.835,-7.5464,-1.8107,-8.291,-7.6379,-201.65
-5.5095,-4.739,-4.4249,-3.8184,4.1042,-201.73
-0.26649,-0.29766,17.082,0,0,0
41.531,0,0,0,0,0
39.292,0,0,0,0,0
-2.74,-2.3105,-4.8456,18.393,0,0
-165.46,43.325,0,0,0,0
47.908,0,0,0,0,0
-0.98414,-1.0503,9.153,0,0,0
40.426,0,0,0,0,0
47.277,0,0,0,0,0
-11.949,-3.4035,-12.121,-11.881,-11.856,-197.87
-4.345,-4.0703,28.308,-4.5663,-4.5714,-196.88
35.977,0,0,0,0,0
-0.13782,-1.0066,-2.1981,11.128,0,0
32.314,0,0,0,0,0
35.597,0,0,0,0,0
-1.3823,0.52565,0,0,0,0
0,0,0,22.402,0,0
26.497,0,0,0,0,0
-15.842,-18.7,-20.304,-18.236,-18.443,-197.13
-13,-9.3165,-13.7,-13.362,-13.431,-201.4
-3.819,-0.48711,7.2852,0,0,0
-20.293,-21.765,-7.0541,-20.372,-20.367,-202.36
-3.2841,-7.6366,-4.5686,-4.4486,-3.7912,-3.9198
-0.28698,-2.5819,0,0,0,0
-5.5681,-6.9757,-6.4905,-5.2548,-6.9383,5.2265
-0.77742,0.0080507,0,0,0,0
-0.62591,8.9905,0,0,0,0
-2.1307,7.7709,0,0,0,0
45.615,0,0,0,0,0
0,0,42.952,0,0,0.8
3.3725,0,0,0,0,0
42.708,0,0,0,0,0
42.08,0,0,0,0,0
2.4873,0,0,0,0,0
40.41,0,0,0,0,0
40.209,0,0,0,0,0
4.2181,0,0,0,0,0
-155.45,26.593,0,0,0,0
32.276,0,0,0,0,0
0,0,0,0,0,0
-1,-153.85,35.612,0,0,0
34.479,0,0,0,0,0
3.5505,0,0,0,0,0
31.763,0,0,0,0,0
37.55,0,0,0,0,0
-21.496,-8.1269,-20.663,-20.639,-20.596,-199.27
-8.0415,-4.8115,-4.6185,-5.0575,-5.3937,-201.85
-0.78388,0.99249,0,0,0,0
-1.6067,-2.3133,1.8952,-1.692,-2.0217,-187.2
19.018,0,0,0,0,0
10.723,0,0,0,0,0
-0.1084,-0.5598,3.5036,0,0,0
3.306,0,0,0,0,0
11.612,0,0,0,0,0
18.637,0,0,0,0,0
32.678,0,0,0,0,0
-3.5733,24.409,0,-0.7,0,0
22.022,0,0,0,0,0
36.791,0,0,0,0,0
29.345,0,0,0,0,0
-0.22593,13.497,0,0,0,0
-173.62,30.645,0,0,0,0
-0.2689,15.24,0,0,0,-0.4
22.558,0,0,0,0,0
-1,20.33,0,0,0,0
18.551,0,0,0,0,0
18.861,0,0,0,0,0
-2.623,21.311,0,0,0,0
15.838,0,0,0,0,0
28.567,0,0,0,0,0
-0.25276,27.053,0,0,0,0
17.022,0,0,0,0,0
-4.4603,8.312,0,0,0,-1
-0.42948,8.4553,0,0,-0.8,0
-4.6241,-4.4779,10.967,-4.8156,-4.6377,-8.6871
-0.428,18.673,-1.5281,-0.8,-1.368,-0.95799
10.369,0,0,0,0,0
-3.2299,-0.096871,13.632,0,0,0
-7.2402,-2.5207,15.405,-2.2339,-3.4522,-1.6
-2.1781,-0.5,14.205,0,0,0
-1.4897,-1.2878,11.857,0,0,0
28.961,0,0,0,0,0
36.418,0,0,0,0,0
-0.61626,27.032,0,0,0,0
38.237,0,0,0,0,0
36.894,0,0,0,0,0
36.631,0,0,0,0,0
-0.4,28.76,0,0,0,0
23.804,0,0,0,0,0
28.657,0,0,0,0,0
22.161,0,0,0,0,0
22.594,0,0,0,0,0
29.716,0,0,0,0,0
29.585,0,0,0,0,0
0,34.677,1.2,0.572,-0.6,0
24.715,0,0,0,0,0
-2.7731,-3.1081,-0.8,-0.8,9.1481,0
30.145,0,0,0,0,0
15.373,0,0,0,0,0
-1,10.204,-1.44,0,-2.952,-201.6
-0.10054,-0.5,-0.084896,5.1501,-0.8,0
21.909,0,0,0,0,0
0.11022,23.872,0,0,-1.44,0.1
26.681,0,0,0,0,0
28.635,0,0,0,0,0
15.567,0,-0.047843,0,0,-0.52
11.176,0,0,0,0,0
13.563,0,0,0,0,0
29.631,0,0,0,0,0
19.613,0,0,0,0,0
32.193,0,0,-0.1,0,0
16.971,0,0,0,0,0
25.064,0,0,0,0,0
30.783,0,0,0,0,-0.059121
15.372,0,0,0,0,0
5.8207,0,0,0,0,0
36.887,0,0,0,0,0
32.635,0,0,0,0,0
-0.4,15.501,0,0,0,0
21.271,0,0,0,0,0
15.969,0,0,0,0,0
-0.67007,26.612,0,0,0,0
21.898,0,0,0,0,0
-0.184,16.067,0,0,0,0
17.195,0,0,0,0,0
22.703,0,0,0,0,0
-2.855,-2.8365,9.9423,-2.976,-2.9411,-201.84
10.874,0,0,0,0,0
27.527,0,0,0,0,0
24.077,0,0,0,0,0
-0.40443,-0.5,-193.97,17.065,0,0
36.433,0,0,0,0,0
-0.04396,20.893,0,0,0,0
24.76,0,0,0,0,0
-0.2,27.725,0,-0.1,0,0
-242.28,-238.93,-238.85,-45.178,-232.66,-204.37
-238.98,-262.53,-434.32,-361.04,-136.99,-248.08
-608.55,-546.12,-588.82,-590.97,-60.136,-551.06
-409.24,-406.09,-363.36,-43.08,-297.34,-376.17
-560.3,-509.32,-543.87,-491.33,-477.89,-271.17
-458.96,-434.01,-481.42,-462.07,-37.885,-437.8
-470.14,-396.7,-369.6,-384.72,-45.426,-361.71
-639.99,-685.69,-745.95,-59.619,-623.84,-644.06
-390.18,-402.91,-392.57,-53.491,-427.82,-366.26
-23.822,-7.1821,-43.478,-2.7303,0,0
-15.548,-0.1,0.2,0,0,0
-263.98,-24.943,-40.928,-18.399,-6.5483,-2.2937
-201.57,-34.599,-33.57,-211.92,-31.945,-31.883
-199.4,-199.4,-199.8,-200.37,-214.47,-17.17
-199.4,-44.941,-199.5,-21.661,-16.408,-25.036
-199.3,-94.039,-112.66,-219.06,-71.019,-213.34
-393.36,-392.55,-390.32,-237.7,-325.69,-319.87
-176.75,-232.07,-199.4,-200.1,-216.26,-233.18
-201.1,-32.887,-213.52,-21.779,-27.934,-200.9
-12.07,-200.94,-7.9074,-4.7315,-5.9164,-53.031
-206.03,-250.73,-204.18,-74.133,-27.961,-196.32
-246.66,-306.32,-396.32,-240.89,-258.87,1.9226
-35.322,-28.113,-11.173,-12.048,-3.049,-199.55
-235.44,-199.4,-202.41,-66.004,-45.556,-199.86
-379.55,-409.97,-392.33,-358.89,-45.656,-283.51
-74.368,-228.04,-202.23,-239.68,-48.117,-199.28
-396.61,-242.88,-297.52,-285.84,-43.008,-362.09
-355.39,-374.49,-391.79,-396.99,-44.23,-347.43
-389.9,-366.73,-394.81,-381.58,-377.94,-241.42
-388.71,-378.86,-483.04,-409.49,-265.21,-410.89
-199.92,-196.43,-216.92,-50.576,-51.281,-35.222
-198.72,-198.81,-201.57,-200.1,-205.83,-111.03
-198.81,-268.62,-199.22,-201.68,-202.22,-19.508
-243.53,-200.75,-200.52,-242.28,-220.96,-47.046
-198.81,-198.81,-199.64,-204.22,-204.51,-27.87
-373.79,-360.6,-266.56,-256.77,-224.62,-37.839
-220.11,-16.954,-14.758,-16.896,-17.55,-206.66
-393.93,-364.1,-390.32,-213,-87.455,-223.59
-198.01,-199.4,-200.49,-200.1,-206.39,-4.7196
-201.75,-40.763,-5.0081,-200.6,-15.436,-9.9131
-394.62,-359.23,-360.02,-229.26,-70.386,-293.12
-199.4,-198.92,-199.4,-216.02,-226.1,-7.4819
-209.69,0,0,0,0,0
-199.4,-199.4,-199.4,-200.1,-239.74,-48.12
-198.81,-198.81,-20.77,-200.1,-7.0804,-6.5066
-309.3,-395.19,-395.18,-417.77,-45.279,-276.82
-227.82,-200.11,-35.454,-33.97,-34.989,-194.07
-398.28,-302.76,-365.39,-289.43,-118.07,-296.76
-382.31,-396.59,-386.16,-364.71,-43.729,-353.84
-198.95,-200.6,-53.424,-57.786,-39.8,-192.15
-200.4,-200.4,-206.11,-245.49,-43.375,-191.81
-200.4,-199.9,-200.6,-200.9,-44.669,-194.13
-0.34116,-14.471,-2.1984,0,0,0
-199.2,-198.83,1.4874,-3.1736,-9.5136,-3.3418
-231.47,-277.97,-221.33,-210.29,-47.294,-201.55
-360.79,-181.04,-384.82,-224.26,-238.27,-283.96
-344.53,-338.36,-349.17,-251.45,-34.747,-271.46
-218.88,-201.37,-202.05,-201.1,-8.8968,-6.5637
-4.4091,-2.9895,-199.38,-200.22,-6.4851,-1.4309
-198.92,-198.81,-198.34,-201.26,-7.3841,0.38084
-200.9,-200.1,-200.2,-5.634,-3.1655,-5.9446
-199.4,-199.4,-196.88,-200.16,-200.65,2.1312
-198.81,-197.32,-199,-201.39,-211.42,-0.049883
-198.75,-228.43,-209.51,-38.717,-242.04,-199.32
-585.45,-526.02,-576.36,-457.54,-263.41,-501.66
-198.92,-197.36,-234.98,-46.589,-40.275,-155.06
-0.42925,0,0,0,0,0
-394.24,-358.71,-347.2,-315.86,-221.82,-284.94
-198.92,-199.4,-0.144,-0.10047,-1.2,-1.917
-0.36655,-0.89436,-200,0,0,0
-199.4,-199.4,-198.13,-200.1,-197.98,-47.26
-0.61461,-193.84,-28.298,-0.3847,-0.01469,27.587
-616.13,-470.97,-585.01,-463.21,-44.363,-529.91
-232.89,-200.1,-201.17,-55.477,-60.313,-196.92
-198.92,-199.4,-198.38,-258.62,-33.383,-193.64
-1.4,-198.93,-199.6,-0.6,-2.52,24.769
-199.4,-195.65,0,0,0,0
-198.92,-197.77,-0.6,-199.88,-2.544,15.741
-0.8,-0.2,-200,-1.2272,-4.28,19.95
-199.01,-0.074009,-197.79,0,0,0
-197.35,-199.36,-0.12,-200.1,-0.19655,24.369
-49.918,0,0,0,0,0
-2.1251,-23.704,0.75853,0,0,0
-35.257,-234.84,-41.284,-12.878,-16.053,-197.49
-95.895,-206.81,-4.2128,-1.4742,-2.182,-34.884
-43.362,0.6,0,0,0,0
-235.29,-38.475,-4.6919,-11.099,-8.4852,-219.35
-5.594,-10.075,-13.36,-11.635,-9.5696,-200.9
-1.4904,-46.072,-0.67864,-3.4178,-10.423,-2.1767
-26.822,-24.709,-67.486,-15.881,-12.674,-46.389
-203.99,-201.55,-44.369,-26.665,-44.505,-203.19
-55.706,-229.18,-27.087,-51.184,-51.49,-204.21
-3.1346,-15.631,-25.046,-1.4623,0,0
-78.602,-44.482,-43.1,-67.888,-38.451,-203.95
-225.32,-206.66,-46.163,-35.571,-46.116,-204.94
-9.048,-51.337,-8.1615,0,0,0
-45.998,-55.054,-41.554,-40.441,-41.177,-212.12
-34.076,-30.455,-10.54,-14.498,-12.683,-203.42
-43.581,-229.98,-14.132,-12.552,-14.115,-207.99
-70.908,-47.356,-41.356,-40.274,-37.518,-203.76
-201.71,-243.79,-45.65,-46.22,-41.252,-198.07
-262.6,-60.396,-14.408,-1.085,-2.224,-0.9015
-210.06,-62.088,-56.349,-39.488,-56.291,-202.9
-221.91,-204.2,-41.49,-48.652,-49.259,-203.95
-9.1183,-11.318,-4.597,-7.4377,-1.7098,-0.60517
-239.9,-208.42,-29.279,-57.697,-57.76,-203.71
-201.59,-203.19,-43.502,-43.201,-42.586,-206.17
-226.6,-34.568,-32.288,-33.109,-28.833,-216.31
-200.7,-206.06,-1.6079,-1.6847,-2.7669,-204.85
-6.2355,-8.2785,0,0,0,0
-196.5,-9.5695,-202.92,-5.7093,-3.8487,-6.1756
-30.145,-5.1458,-0.4,-8.4406,0,0
-36.987,-43.882,0,0,0,0
-50.905,-4.4111,-0.58899,0,0,0
-1.2393,-10.901,-8.2615,-5.232,0,0
-37.785,-8.9027,-7.7075,-9.1578,-4.3091,-6.0617
-5.7183,-2.6318,-2.4366,-31.88,-3.4719,-37.324
-242.98,-251.98,-50.802,-43.602,-50.546,-202.46
-244.69,-227.73,-32.799,-45.178,-45,-203.1
-19.999,0,0,0,0,0
-203.77,-37.411,-21.016,-22.367,-24.587,-19.055
6.1392,0,0,0,0,0
-24.512,0,0,0,0,0
-203.77,-8.815,-6.4167,-9.3895,-6.8994,-7.8774
-7.5958,0,0,0,0,0
-1.6782,1.6481,0,0,0,0
-225.17,-234.23,-249.8,-56.93,-37.171,-200.9
-201.81,-50.096,-38.274,-49.809,-49.891,-201
-41.909,-195.76,-8.0674,-3.1616,-2.688,2.1331
-201.31,-202.17,-57.763,-34.491,-57.636,-199.68
-201.09,-40.984,-41.938,-42.701,-39.311,-198.02
-3.7273,-0.3,0,0,0,0
-246.37,-242.34,-42.133,-50.98,-50.706,-199.75
-17.607,0,0,0,0,0
-48.436,-9.9784,-11.616,-3.9064,-4.8432,-2.4896
-43.409,-18.843,-0.6,-1.712,-2.2,10.088
-16.459,0,0,0,0,0
-19.55,-2.4319,0,0,0,0
-25.812,0,0,0,0,0
-9.4777,0,0,0,0,0
-197.06,-3.8973,0,0,0,0
-8.5145,0.61055,0,0,0,0
-2.8541,3.3767,0,0,0,0
3.2687,0,0,0,0,0
-209.57,-24.462,-23.558,-26.576,-25.174,-203.06
-12.881,0,0,0,0,0
-26.087,1.8327,0,0,0,0
-4.5418,-201.1,-1.4,-1.4,-2.1672,2.7305
-201.01,5.5363,0,0,0,0
0,0,0,0,0,0
-1.6,-20.007,0,0,0,0
18.902,0,0,0,0,0
7.6507,0,0,0,0,0
-243,-60.865,-35.611,-58.087,-58.183,-201.4
-224.08,-41.199,-40.896,-40.672,-41.26,-197.05
-32.087,-28.598,-7.6912,-1.808,-4.095,10.807
-201.6,-221.54,-52.144,-42.641,-52.047,-191.66
-199.45,-0.21523,-1.3621,0,0,0
3.4144,0,0,0,0,0
-203.32,-197.29,-33.149,-32.642,-35.722,-187.77
4.2657,0,0,0,0,0
-198.99,-16.286,-1.3023,2.6167,0,0
-28.193,-10.169,-9.2343,-8.2926,-9.0619,-206.33
-12.291,-1.1716,-1.2463,-3.0791,0,0
-54.279,-20.497,-19.307,-15.736,-13.418,-200.02
-35.092,-27.608,-46.196,-8.6399,-21.499,-202.62
-0.8,-0.09897,-0.4,-0.57961,-0.99686,-204.95
-58.652,-11.269,-22.835,-13.772,-10.401,-242.51
-18.278,-35.496,-18.974,-11.509,-13.839,-199.46
-43.917,-0.98756,-0.9,-2.0847,-2.9279,-1.6798
-24.631,-7.8293,-5.843,-9.2287,-6.3304,-201.81
-13.517,-10.521,-17.55,-10.83,-12.232,-202.24
-13.849,-27.518,-12.923,-5.5595,-12.636,-202.59
-5.0434,-40.173,-3.8676,-10.404,-2,-7.4818
-51.785,-202,-13.078,-16.779,-17.562,-201.56
-14.869,-15.374,-15.057,-8.8781,-2.9987,-209.6
-0.54767,0,0,0,0,0
-7.8077,-39.822,-13.822,-6.5081,-12.493,-13.053
-1.6,-0.15317,-1.4,-0.76496,-1.4,0
-0.88122,-0.80231,-4.3206,0,0,0
-37.075,-37.311,-54.845,-17.508,-25.198,-202.26
-21.622,-89.722,-14.396,-18.473,-19.811,-205.44
-206.86,-9.9698,-15.439,-8.8027,-9.7475,-7.1302
-65.562,-27.424,-26.884,-25.916,-23.807,-50.905
-200.97,-9.5126,-11.555,-11.803,-12.166,-13.433
-9.3071,-14.149,-7.8075,-14.984,-7.5253,-8.0312
-26.323,-71.833,-24.044,-24.126,-16.189,-208.74
-6.8215,-58.515,-11.284,-6.012,-7.5895,-5.9199
-36.684,-17.184,-44.589,-13.048,-17.324,-203.19
-4.3247,-8.1834,-3.5494,-3.9546,-4.644,-6.8843
-16.426,0,0,0,0,0
-13.883,-26.759,-37.256,-8.9991,-8.1112,-207.25
-1.8255,-8.0867,-20.709,-2.0523,-4.8802,-5.9609
-0.6,-12.856,0,0,0,0
-3.4097,-6.9592,-2.854,-4.9553,-3.2958,-4.5794
-55.209,-35.81,-24.222,-9.1753,-9.2625,-10.491
-2.9695,-19.39,-0.18024,-0.67459,-2.5502,-3.3574
-0.8,-1.711,-1.5123,-1.0148,-1.4,-4.6234
-98.513,-74.581,-9.0304,-9.0618,-17.211,-201.54
-20.238,-57.919,-5.1018,-13.607,-10.306,-201.34
-2.9538,-12.086,-1.8122,-1.3839,-1.1784,0
-1.286,-5.7439,-3.3092,-1.2097,-4.531,-6.0685
-2.3525,-2.2024,-1.1376,-2.6071,-2.772,-4.7239
-1.1,0,0,0,0,0
-1.0367,-10.551,-0.7,-1.9475,-3.0831,0
-0.55799,-0.82163,-0.2,0.17687,0,0
-0.692,-1.7601,0,0,0,0
-53.829,-33.409,-18.027,-23.245,-22.89,-201.35
-14.464,-11.35,-19.677,-15.856,-17.155,-200.69
-16.883,-16.058,-11.325,-14.148,-10.884,-203.84
-21.1,-58.663,-21.066,-21.651,-13.795,-195.07
-2.8915,-10.26,-9.5035,-2.8325,-4.2875,-2.4305
-2.6049,-5.5848,-2.0518,-3.2764,-4.1978,-3.9424
-12.695,-11.26,-6.5371,-10.529,-10.374,-10.924
-0.451,-0.1,-9.0822,-7.3278,-3.1999,0
-31.442,-29.738,-3.6126,-3.7299,-5.744,-4.5102
-9.133,-19.136,-19.094,-11.407,-8.9097,-201.76
-13.375,-7.2202,0,0,0,0
-4.5625,-22.183,-0.24505,-3.6319,-1.3639,-1.3168
-0.92088,-0.73871,-0.416,-1.0335,-0.50211,-0.06255
-0.93123,-0.18241,0.89048,0,0,0
-8.7543,-4.9882,-1.3951,-1.781,-2.9568,-1.1854
-1.0167,-3.5325,-0.79184,-1.1961,-1.4,-1.5592
0,0,0,0,0,0
-14.099,-2.1395,-13.594,1.742,-1.3598,-6.2018
-13.653,-8.4609,-8.0436,-12.403,-10.611,-201.81
-2.204,-0.78453,-1.4,-1.1225,-1.0781,-2.3936
-21.683,0,0,0,0,0
-14.38,-1.9232,-2.5396,-2.4409,-2.5576,1.22
-3.4723,1.0621,-3.5265,-3.5153,-3.4488,-4.2665
-0.1534,0,0,0,0,0
-0.068235,-0.68971,-1.4,-1.4,-0.73737,6.8532
0,0,0,0,0,0
-2.4286,-0.059555,-0.3,0.34086,0,0
-237,-201.82,-62.07,-36.346,-15.31,-199.56
-7.8703,-9.334,-14.279,-13.363,-7.0298,-197.2
-7.041,-12.898,-9.2638,-6.896,-13.165,-198.42
-1.592,-1.6518,-2.3964,-1.2,-2.2,8.8455
-1.4685,-0.3,-0.26715,-1.2,-0.57959,5.7058
-1.1,-0.26688,0,0,0,0
-1.3,-0.3,-0.92199,-1.4,-1.4,7.8991
-0.6,-0.1,-0.4,-1.1374,-2.072,3.0347
-1,5.1111,0,0,0,0
-59.309,-49.43,-70.395,-49.664,-35.754,-215
-102.99,-64.761,-62.12,-65.708,-43.151,-203.37
-110.24,-123.3,-108.42,-125.6,-33.615,-200.2
-63.412,-82.853,-65.751,-29.511,-230.87,-199.6
-127.37,-127.69,-105.54,-92.504,-24.645,-199.4
-78.12,-84.072,-75.021,-75.302,-33.013,-199.29
-94.662,-69.681,-56.358,-44.267,-117.47,-200.99
-59.569,-76.92,-60.153,-64.317,-38.538,-232.33
-52.757,-60.909,-57.328,-66.094,-31.052,-199.29
-11.636,-8.4279,-5.9918,-4.8306,-7.8212,-29.889
-48.281,-90.082,0,0,0,0
-47.296,-18.95,-19.842,-19.538,-17.471,-228.92
-56.661,-96.79,-34.851,-32.854,-35.298,-38.893
-60.904,-78.612,-59.688,-32.517,-42.38,-194.39
-65.045,-64.932,-70.653,-36.469,-36.235,-200.32
-68.037,-91.037,-45.413,-35.071,-45.006,-202.7
-56.074,-81.29,-61.401,-33.155,-56.393,-197.03
-47.04,-55.81,-42.63,-32.746,-63.388,-198.99
-24.459,-23.011,-24.549,-38.774,-23.463,-201.1
-8.3208,-3.9668,-5.1533,-1.875,-5.6776,-0.36162
-55.248,-46.799,-50.886,-28.168,-40.385,-201
-48.698,-64.005,-57.31,-37.563,-48.149,-199.88
-39.883,-55.309,-36.818,-39.597,-40.486,-209.17
-72.159,-46.524,-53.866,-56.123,-33.338,-199.7
-94.785,-98.923,-91.26,-36.778,-89.25,-198.64
-61.219,-55.211,-48.521,-41.578,-39.299,-200.9
-42.969,-56.914,-44.156,-36.994,-44.593,-198.57
-52.418,-55.854,-52.56,-61.079,-41.983,-201.39
-77.587,-71.587,-81.057,-69.798,-41.114,-203.38
-118.42,-125.34,-36.601,-113.34,-103.63,-245.6
-86.567,-57.616,-62.841,-50.18,-42.46,-45.531
-92.711,-82.323,-47.253,-47.895,-35.077,-65.333
-47.627,-43.186,-61.48,-52.808,-24.59,-49.147
-121.68,-39.287,-35.617,-40.858,-34.712,-44.185
-31.65,-35.616,-90.348,-33.193,-26.452,-53.542
-51.57,-50.546,-45.255,-48.281,-12.307,-38.909
-38.445,-37.31,-36.777,-37.175,-37.003,-208.81
-59.544,-48.589,-54.581,-47.796,-40.161,-191.15
-42.563,-51.536,-50.73,-52.717,-38.384,-191.31
-62.501,-59.714,-32.03,-25.241,-31.355,-34.082
-51.912,-58.869,-48.9,-57.958,-39.623,-197.23
-37.106,-23.691,-39.099,-36.718,-36.453,-184.93
-11.331,-1.9717,-1.8685,-0.9,-2.7222,-3.3229
-35.67,-44.718,-56.595,-34.25,-36.201,-191.41
-2.5046,-6.5024,-6.7518,-7.3155,-9.1114,-191.89
-92.69,-94.049,-86.347,-38.837,-94.278,-192.16
-35.563,-35.154,-35.431,-36.067,-37.1,-182.5
-56.48,-80.814,-62.772,-35.603,-68.333,-199.05
-51.873,-55.693,-54.158,-39.283,-53.081,-194.89
-42.272,-41.596,-39.671,-41.441,-42.261,-191.07
-57.25,-53.905,-61.96,-84.73,-40.749,-194.92
-50.12,-44.357,-48.558,-53.894,-42.45,-195.56
-7.4243,-1.9769,-0.3381,-6.8719,-8.4878,1.8419
-36.908,-13.493,-11.727,-14.329,-15.044,-30.881
-83.312,-69.047,-35.184,-72.95,-84.682,-199.26
-82.387,-52.413,-43.522,-32.884,-41.55,-196.64
-56.363,-55.427,-50.708,-60.648,-18.739,-198.13
-5.8956,-2.8638,-2.6647,-9.6914,-1.8776,-1.755
-3.0741,0.19579,-11.077,-9.1039,-7.254,-3.2087
-5.7967,-6.7313,-7.7494,-6.8922,-5.8814,-8.4335
-4.5497,-1.0789,-5.1685,-3.6713,-4.8394,-3.6626
-24.721,-16.495,-18.533,-7.0893,-5.1638,-12.393
-9.6622,-11.405,-7.8728,-4.1244,-11.204,-12.726
-38.732,-80.102,-34.546,-34.102,-35.077,-198.77
-85.515,-96.243,-76.393,-71.242,-40.091,-192.99
-87.548,-88.518,-88.083,-33.507,-35.631,-185.4
-4.9006,0,0,0,0,0
-36.706,-28.512,-50.445,-28.911,-29.196,-165.54
-2.0903,-4.0843,0.22242,0,0,0
-0.59591,2.0015,0,0,0,0
-13.404,-4.772,-16.701,10.896,0,0
10.046,0,0,0,0,0
-104.72,-97.701,-90.166,-38.585,-97.779,-198.6
-42.136,-93.61,-41.447,-34.222,-41.295,-197.67
-45.196,-91.899,-44.943,-43.846,-34.281,-198.57
-64.434,-57.575,-32.613,-62.777,-68.273,-184.78
-37.135,-3.8786,-0.14837,0,0,0
7.4367,0,0,0,0,0
-0.36,-0.206,-0.5,-0.5883,-1.8,23.934
3.538,0,0,0,-1,0
-0.2,11.224,0,0,0,0
-35.885,-7.1636,-10.894,-8.0302,-11.557,-200.67
-6.4549,-6.168,-6.7579,0,0,0
-56.719,-18.983,-11.772,-8.7795,-8.4746,-199.16
-17.085,-15.456,-13.799,-12.595,-13.179,-242.6
-15.896,-1.1189,-2.5271,9.7495,0,0
-55.963,-13.531,-15.459,-0.86223,-11.47,-209.63
-13.789,-14.139,-14.161,-15.684,-9.6692,-21.439
-5.1482,-4.8678,-5.1036,-1.9787,1.4034,-199.73
-5.6278,-3.2045,-4.1126,-6.1282,-2.0298,-196.83
-43.447,-58.93,-43.804,-43.543,-27.413,-201.4
-114.16,-53.641,-50.637,-26.2,-50.661,-198.54
-3.6676,-7.2555,-6.7363,-8.5372,0,0
-44.86,-40.7,-40.928,-32.376,-40.7,-202.52
-54.283,-79.559,-46.805,-45.05,-225.76,-199.64
-37.263,-0.32439,-4.9596,-5.8723,-1.6824,-0.66989
-63.171,-52.202,-37.64,-37.7,-34.272,-206.66
-56.176,-20.292,-24.942,-5.7759,-21.719,-202.01
-31.701,-38.778,-28.141,-20.376,-28.131,-203.35
-38.607,-36.539,-37.733,-37.635,-37.411,-204.1
-44.042,-56.603,-44.081,-34.427,-43.968,-201.2
-1.6665,-0.94091,-6.6115,-1.8316,-1.9057,-2.2007
-53.894,-65.359,-28.524,-48.224,-48.158,-202.51
-41.52,-41.193,-41.167,-41.39,-32.142,-205.81
-59.285,-13.609,-10.701,-13.097,-12.408,-201.63
-50.523,-54.384,-30.249,-48.712,-48.609,-204.95
-41.169,-39.956,-40.111,-40.404,-40.48,-205.72
-31.529,-31.392,-31.36,-31.487,-19.514,-59.083
-15.838,-9.8854,-9.0539,-7.5862,-7.2601,-200.58
-2.9894,-1.1803,-2.1602,-1.5996,-0.88079,-202.31
-9.699,-11.151,-18.916,-5.5947,-7.7595,-8.8093
-7.137,-5.3262,-6.8422,-6.8979,-4.4848,-6.5783
-31.584,10.443,0,0,0,0
-36.992,-3.7808,-6.2921,-4.3803,-2.1485,-5.407
-10.817,-64.548,-10.545,-11.921,-7.9595,-14.341
-1.942,-96.922,-1.61,0.46769,-1.2786,-2.5543
-3.7566,-30.086,-2.0414,10.579,-0.7203,-1.0521
-45.039,-74.179,-39.349,-44.142,-44.107,-202.55
-61.816,-73.18,-44.531,-44.771,-28.767,-201.2
-1.0423,-0.21472,-5.8781,-0.88145,-3.0316,-196.96
-41.29,-36.086,-34.993,-30.006,-35.024,-209.16
-13.02,-13.238,-9.8856,-13.984,-6.0968,-197.03
1.0258,0,0,0,0,0
-29.388,-21.758,-21.457,-22.064,-25.037,-18.286
-12.004,-4.0867,-0.28976,-1.2,-0.11332,3.0045
-11.961,-3.2461,-2.9515,-2.8685,-2.376,-3.8307
-53.3,-53.643,-48.114,-48.247,-35.851,-196.56
-55.039,-49.336,-44.253,-33.182,-44.376,-200.68
-8.1974,-9.7183,-8.7556,-10.905,-4.7539,-194.85
-49.682,-50.987,-48.978,-49.06,-38.658,-197.4
-37.847,-37.694,-35.296,-37.73,-37.751,-196.31
-4.0508,-0.4,-0.15565,-0.85588,-2.139,6.1086
-44.362,-51.298,-43.231,-38.778,-43.337,-198.91
-2.3237,-0.9,-0.54749,-6.2969,0,0
-11.9,-1.3192,-1.2,-0.8652,-4.7956,-1.7025
-6.3445,-7.792,-6.5899,-7.6803,-2.1406,-200.57
-1.3811,0,0,5.6588,0,0
-5.5814,-6.0507,-6.119,-10.362,-5.1178,-197.51
-2.2663,-0.51391,-0.4,-1.1264,0,0
-5.9679,3.0628,0,0,0,0
-2.4277,-2.0453,-0.86003,0.36197,0,0
-2.2567,-2.7244,1.1764,0,0,0
-0.42384,9.7017,0,0,0,0
-7.7263,7.7527,0,0,0,0
-12.169,-15.329,-13.394,-17.554,-16.089,-193.76
-2.4994,6.1328,0,0,0,0
-27.575,-1.3044,0.25471,0,0,0
-6.3192,0.63818,0,0,0,0
23.469,0,0,0,-1.6056,1
11.82,0,0,0,0,0
-0.6,-0.043831,0,0,0,0
20.245,0,0,0,0,0
7.7478,0,0,0,0,0
-53.033,-68.547,-55.582,-39.14,-49.207,-201.4
-45.258,-71.612,-36.82,-41.022,-41.726,-201.4
-5.5714,-0.68827,-5.7467,-2.3901,-1.8258,4.2104
-44.366,-44.154,-44.155,-44.382,-40.162,-184.24
3.9165,0,0,0,0,0
4.189,0,0,0,0,0
8.6368,-5.151,-1.4431,-2.376,-7.5034,-178.07
4.9494,0,0,0,0,0
-0.24619,7.034,0,0,0,0
-77.817,-4.5029,-6.9854,-7.6061,-3.1051,-199.91
-4.9087,-4.4095,-1.645,-37.307,-3.5508,-196.56
-32.62,-14.26,-12.262,8.8747,-15.4,-199.23
-29.169,-63.655,2.3634,-10.284,-9.4718,-200.69
-53.559,-1.0591,12.606,0,0,0
-6.6983,-31.664,-19.05,-6.063,1.955,-202.56
-11.843,-14.607,-10.293,-7.1691,-10.206,-206.79
-21.49,8.1256,-8.4405,-2.172,-2.9658,-5.9892
-3.8727,-5.7418,-2.7954,-7.8007,6.641,-198.86
-21.41,-10.962,-10.82,1.2087,-9.9837,-205.93
-11.999,2.2788,-9.0482,-8.9599,-9.3313,-201.4
-6.0369,-7.0469,-3.4662,-4.0753,-5.1125,-3.74
-12.701,-10.98,0.12602,-10.392,-12.181,-211.88
-9.9503,-17.453,-4.3414,8.0383,-4.94,-201.4
-0.9,-0.4383,-1.0571,-0.58681,-1.5112,-200.97
-11.254,-11.923,-9.7936,-10.803,-1.7753,-201.76
-0.131,10.856,0,0,0,0
-37.255,-0.13827,12.54,-1.2,0,0
-17.827,-44.332,-16.462,-15.722,-13.48,-202.33
-13.533,-9.5793,-7.4676,-11.492,-9.7095,-203.56
-36.392,-12.58,0.70924,-11.343,-11.5,-200.63
-18.286,-17.274,-18.333,-18.406,-9.0226,-205.87
-12.108,-13.509,-13.408,-15.86,-4.4096,-201.4
-59.761,-10.405,3.0253,-11.971,-10.986,-200.72
-19.914,-16.326,-10.626,-16.759,-18.171,-200.08
-35.355,-7.832,-7.8161,-7.6257,-4.2205,-11.419
-19.608,-27.216,-14.873,-10.376,-15.781,-201.54
-8.4435,-11.353,1.7344,-8.2846,-12.149,-199.21
-0.61563,-0.47261,3.5428,0,0,0
-5.6435,-31.583,4.3807,-7.4074,-10.146,-200.16
-12.332,-9.5222,-8.4904,-10.987,-3.8568,-206.16
-0.011967,-3.6994,9.5998,0,0,0
-3.1304,-3.5965,-2.2182,2.4445,-3.7291,-2.3258
-7.0165,-7.8066,-4.4223,-6.8803,-6.7507,-10.824
-17.117,-3.2733,8.7881,-1.0222,-0.65424,-0.41969
-14.58,-60.178,-32.893,7.819,-5.897,-6.4128
-22.274,-59.112,-15.562,-9.8063,-13.941,-201.34
-5.6494,1.9278,-5.591,-6.0361,-6.8445,-200.88
-2.2618,0.69101,-1.3879,-1.3429,-1.5714,-198.56
-68.963,-12.391,-9.442,-13.324,-11.26,-4.3599
-1.4432,-1.4248,9.463,-1.2,-2.4726,-4.5061
-38.833,-0.4,5.9926,0,0,0
-17.934,-5.5566,-4.7507,-8.439,-3.7703,-32.218
-1.5361,4.2624,0,0,0,0
-1.7163,-3.7825,-1.3357,-1.7063,-0.93457,-0.94845
-19.239,-16.458,-16.514,-17.859,-15.653,-198.46
-10.023,0.25061,-10.908,-12.785,-13.298,-200.83
-12.166,-22.638,-1.4622,-12.683,-9.4071,-200.63
-17.716,-16.142,-8.6911,-16.114,-16.313,-201.25
-1.9463,-2.6738,-2.7602,-2.5815,-3.7972,0.87975
-3.0348,-2.4618,-1.2696,-0.9,-3.0198,5.5554
-22.099,-10.359,-14.871,-15.121,-13.852,-200.36
-0.1026,-2.9194,1.61,0,0,0
-3.8546,-3.6667,0.87773,-2.2923,-2.3998,-2.0616
-13.145,-25.201,-9.6769,-13.989,-5.7584,-200.86
-0.292,-12.457,-6.1366,-1.6566,-3.1096,0
-4.6976,-5.9132,-4.3281,-3.3397,-2.6947,-195.18
-1.2518,-3.2768,-2.8828,0.47881,-2.0215,-1.5391
-0.8041,4.4941,0,0,0,0
-0.91078,-0.4,8.2918,0,0,0
-18.988,-4.4491,-2.1598,-1.3761,-1.8,-3.3075
-0.62378,1.5058,0,0,0,0
-0.34407,4.0577,0,0,0,0
-3.188,-2.7721,-3.0979,-6.5176,-2.8656,-203.19
-4.4522,2.408,-1.2,-1.2,-1.2966,-1.4385
-5.6031,-0.3,-5.6662,-0.0021399,-0.75159,-2.1872
-2.4511,-4.9296,-2.0879,-2.1907,-2.1516,-3.1733
-1.4,8.5799,-1.2,-0.97724,-1.1135,-1.4005
5.3257,0,0,0,0,0
-1.5677,0,0,0,0,0
5.7852,0,0,0,0,0
-5.5122,-6.7948,0,0,0,0
-17.796,-32.894,-7.9613,-19.396,-17.855,-201.4
-9.9452,-7.179,-5.017,-6.838,-3.9822,-199.2
-11.86,-7.3866,-11.095,-7.3577,-10.698,-194.91
-13.291,-11.633,-14.174,-11.365,-6.4426,-194.26
-0.19115,-0.64911,-0.17319,-1.3968,-0.58289,0
-0.10565,9.5056,0,0,0,0
-0.46302,-0.21449,-0.1,-0.8,-0.89058,11.353
-1.7369,-0.097659,3.1208,0,0,0
-0.43656,16.348,0,0,0,0
-21.191,-20.271,-22.277,-21.347,-19.799,-200.51
-21.553,-20.613,-18.007,-22.242,-24.02,-201.12
-27.282,-27.856,-27.956,-29.755,-13.602,-195.62
-24.778,-24.116,-31.329,-13.503,-26.401,-207.14
-21.541,-22.9,-13.221,-22.039,-22.146,-45.456
-21.053,-21.132,-2.2328,-22.341,-23.797,-199.4
-24.027,-14.479,-22.323,-21.522,-21.264,-200.44
-20.376,-10.416,-20.354,-20.081,-19.719,-207.15
-18.734,-5.303,-19.508,-19.19,-18.767,-198.82
-2.1882,-0.28376,-0.58579,-3.7387,-3.6505,0
-1.1764,0.2947,0,0,0,0
-17.623,-10.925,-11.232,-11.525,-13.224,-200.81
-10.552,-13.74,-11.396,-9.062,-10.275,-21.443
-17.54,-14.076,-17.438,-19.496,-17.333,-198.52
-16.708,-8.8509,-15.844,-18.309,-16.115,-199.9
-15.133,-13.881,-10.41,-9.8475,-10.362,-206.03
-25.917,-23.454,-23.311,-16.563,-24.483,-197.72
-19.601,-18.969,-11.377,-20.147,-18.569,-198.6
-5.8611,-6.4958,-6.6721,-5.5035,-4.3892,-201
-2.1355,-0.95396,-1.0674,0.70838,0,0
-18.384,-19.378,-12.542,-18.628,-18.857,-199.78
-22.011,-14.499,-22.014,-22.378,-22.956,-199.56
-2.1911,-1.4356,-1.5653,-2.0634,-3.5842,2.3298
-21.01,-13.794,-19.912,-21.147,-20.194,-199.06
-28.568,-15.245,-28.901,-31.153,-28.831,-200.6
-16.01,-16.374,-18.451,-16.307,-16.229,-199.33
-18.411,-10.387,-21.821,-19.32,-18.611,-199.48
-26.687,-27.113,-24.311,-17.716,-24.592,-200.24
-29.234,-23.126,-14.606,-23.119,-25.216,-204.56
-6.6717,-22.106,-28.504,-26.535,-22.39,-199.26
-24.088,-21.921,-21.256,-23.647,-13.234,-37.365
-25.111,-24.854,-8.5112,-25.098,-26.589,-35.36
-16.649,-16.035,2.6583,-15.334,-17.473,-25.241
-9.2119,-5.1946,-4.9301,-5.811,-1.9487,-5.5454
-7.2917,-10.407,-10.134,-8.5661,-9.4964,-10.514
-7.1538,-1.2915,-7.2143,-7.8967,-6.5037,-13.311
-10.603,-10.774,-11.285,-10.766,-7.5484,-200.24
-18.664,-18.208,-18.766,-21.1,-19.596,-192.48
-17.111,-16.352,-8.6298,-17.309,-16.092,-193.98
-3.0478,-1.3317,-2.547,-4.7939,-8.491,1.4203
-16.797,-23.782,-23.972,-24.328,-24.487,-193.06
-16.283,-16.719,-7.7577,-16.192,-20.489,-180.71
-1.0643,-0.11007,-0.12704,1.4519,0,0
-15.536,-14.838,-4.0283,-15.292,-14.537,-180.65
-1.3475,-0.52477,-0.51107,-2.4995,-1.3863,12.662
-20.678,-23.37,-23.381,-23.428,-24.851,-193.54
-0.2001,-0.33302,-2.587,-0.3,-3.0731,5.1348
-21.551,-22.094,-21.243,-16.915,-21.816,-197.08
-26.902,-13.891,-27.267,-28.216,-27.109,-194.99
-3.7931,-0.2,-2.7458,-2.3603,-3.0739,9.2325
-10.858,-19.366,-17.673,-17.216,-19.058,-196.84
-16.739,-15.812,-17.537,-16.796,-15.274,-196.86
-0.61996,0,0,0,0,0
-0.15977,-0.77733,-3.6544,-0.78517,-0.38531,9.0474
-20.933,-21.371,-16.643,-23.233,-22.061,-200.36
-22.749,-22.562,-23.12,-23.036,-15.13,-199.2
-16.463,-17.261,-2.0608,-16.212,-16.774,-197.86
-1.0705,-1.5883,-7.5758,-0.9,-4.2439,4.4743
-3.4433,-0.1,-3.2126,-1.6443,-4.6031,4.816
-1.4235,-1.3327,-0.35028,-0.020797,-1.4,6.7222
3.4361,-0.4,0,-1,0,0
-0.50152,-0.1,-2.718,3.9026,0,0
3.018,0,0,-1.38,-1.7,-0.2
-15.54,-15.635,-16.927,-14.302,-17.641,-198.86
-25.616,-17.648,-25.22,-28.416,-26.936,-196.21
-10.112,-19.695,-19.946,-19.356,-23.473,-175.95
0,0,0,0,0,0
-0.0089085,-1.2594,-1.61,-2.6519,-4.3959,41.075
30.357,0,0,0,0,0
2.803,0,0,0,0,0
12.238,0,0,0,0,0
9.5721,0,0,0,0,0
-27.39,-27.462,-10.096,-30.055,-26.736,-200.7
-9.198,-15.856,-17.034,-13.039,-14.029,-195.1
-19.327,-15.318,-20.324,-17.468,-17.776,-200.4
-6.4842,-5.3715,-4.2197,-4.3588,-4.4111,-177.67
7.3247,0,0,0,0,0
10.107,0,0,0,0,0
-0.83747,3.3916,0,0,0,0
2.8512,0,0,0,0,0
11.532,0,0,0,-1,0
-1.5391,-1.9363,-2.3343,-0.63165,-1.9819,-202.75
25.179,0,0,0,0,0
-0.34591,-1.5186,32.76,0,0,0
-4.6852,8.2457,-5.3284,-4.4946,-6.3459,-200.73
28.891,0,0,0,0,0
0,0,0,24.595,0,0
-2.8187,-5.8147,-5.3847,-1.5469,-0.57173,-200.21
30.256,0,0,0,0,0
47.067,0,0,0,0,0
-17.504,-15.158,-17.24,-17.638,-17.525,-204.96
-28.909,-17.974,-28.943,-28.94,-29.056,-202.51
-5.7715,-1.7916,-0.70279,-2.0349,0,0
-15.311,-14.526,-13.731,-14.214,-12.222,-211.55
-8.366,20.6,-7.4843,-7.7897,-7.5141,-203.42
27.359,0,0,0,0,0
-5.5312,-7.5471,-6.2745,-3.4584,-5.7627,-199.75
17.878,-5.7975,-1.8543,-2.0005,-1.1875,-199.29
27.483,-5.4931,-1,-1.0779,-1,-201.55
-5.7815,-5.7658,-5.0496,-4.6294,-4.2456,-3.1839
-22.216,-20.41,-20.357,-20.339,-20.51,-201.49
-2.2981,-0.2,-0.52885,-1.3211,0,0
-25.663,-25.425,-12.04,-22.802,-23.064,-204.54
-20.049,-16.084,-16.129,-13.359,-15.774,-204.74
-3.6142,-4.3063,-3.691,-3.4036,1.7147,-201.05
-28.867,-26.019,-26.078,-26.11,-8.4023,-205.32
-9.3671,-10.646,-7.4681,-9.4064,-10.242,-198.16
-6.4136,-2.4761,-2.2547,-2.5507,0.37597,-2.5964
-3.0721,-4.3424,-5.7421,-5.3579,-2.4925,-199.7
0,21.684,1,0,0,0
30.553,0,0,0,0,0
-0.55893,-5.3116,-3.6259,0,0,0
26.977,0,0,0,0,0
20.565,0,0,0,0,0
-4.7648,-1.406,-2.4329,0,0,0
28.661,0,0,0,0,0
35.222,0,0,0,0,0
-14.099,-14.363,-14.266,-12.251,-13.893,-201.19
-11.843,-13.731,-12.482,0.1929,-12.113,-199.41
26.079,0,0,0,0,0
-1.9189,-1.0486,-2.9814,-1.2515,-1,-1.323
20.073,0,0,0.3,0,0
25.262,0,0,0,0,0
-6.8204,-6.4293,-1.98,-1.98,-1.98,-4.1313
28.986,0,0,0,0,0
23.495,0,0,0,0,0
-22.282,-22.001,-22.056,-21.327,-16.652,-200.37
-22.623,-19.424,-19.678,-19.3,-18.307,-200.9
-2.6264,-1.951,-0.04032,-3.947,7.2251,0
-28.423,-27.727,-26.588,-26.535,-8.4804,-201.98
-4.3256,-0.7,-2.5744,-3.0839,-3.8987,5.1106
-3.119,-0.14976,-0.1256,0,0,0
-2.4469,-6.0608,-5.0131,-4.7447,-6.0941,5.8921
5.4567,0,0,0,0,0
-3.1939,-6.8616,3.5546,0,0,0
-0.93637,-0.74651,-1.89,2.388,0,0
23.49,0,0,0,0,0
23.633,0,0,0,0,0
-0.27933,5.0414,0,0,0,0
23.963,0,0,0,0,0
21.087,0,0,0,0,0
0,0,0,0,0,0
21.299,0,0,0,0,0
23.539,0,0,0,0,0
-0.37789,-1.6594,-2.5301,-2.3603,-0.58637,0
-1.2426,13.274,0,0,0,0
-174.88,-0.86829,23.232,0,0,0
0,-0.7,0,0,-1,0
39.903,0,0,0,0,0
40.152,0,0,0,0,0
1.0449,0,0,0,0,0
27.324,0,0,0,0,0
17.054,0,0,0,0,0
-27.684,-26.515,-26.097,-10.869,-25.967,-200.06
-8.8117,-7.8183,-9.4546,-9.2063,-10.683,-198.92
-5.824,-2.4376,-0.96838,-0.70557,8.479,0
-2.044,-2.2857,-1,-2.3253,-1.5825,13.914
0,0,0,0,0,0
1.5039,0,0,0,0,0
-0.4,2.8851,0,0,0,0
4.4411,0,0,0,0,0
5.9612,0,0,0,0,0
-0.89608,18.088,0,0,-1.8,0
21.984,0,0,0,0,0
31.038,-4.1747,-3.9641,-3.8088,-4.2853,-201.32
-1.8818,-2.4705,7.7859,0,0,0
22.236,0,0,0,0,0
-1.3311,29.725,0,0,0,0
-0.69183,-0.831,14.805,-1,-1,0
27.638,0,0,0,0,0
48.38,0,0,0,0,0
9.1098,0,0,0,0,0
-3.5495,21.67,-2.9404,-2.9404,-2.9404,-199.89
5.532,0,0,0,0,0
-1.3592,11.77,0,0,0,-1.4
19.753,0,0,0,0,0
-0.456,25.356,0,0,0,0
-1.2,16.182,-1.392,-1,-1,-1.4
22.25,0,0,0,0,0
37.361,0,0,0.48,0,0
-2.823,-1.6653,-2.7446,-2.1815,-5.9956,-198.13
-0.6,2.2076,-0.28943,-0.93994,-1,-1.2145
-0.099569,-0.2,-0.035296,-4.3353,-0.3123,3.3402
-6.2912,4.5686,-4.5128,-4.5615,-5.1515,-200.72
4.111,-2.0191,-1,-0.80115,-1,-1.0229
-0.11499,17.616,0,0,0,0
-8.7157,-8.2705,1.5885,-8.9235,-8.8764,-200.4
13.73,0,0,0,0,0
11.121,0,0,0,0,0
-0.6,-0.10939,16.187,0,0,0
19.14,0,0,0,0,-0.1
-0.57466,-3.4114,31.982,0,0,0
18.495,0,0,0,0,0
12.198,0,0,0,0,0
27.539,0,0,0,0,0
-2.4603,10.146,0,0,0,0
25.659,0,0,0,0,0
29.393,0,0,0,0,-3.5269
-1.151,12.206,0,0,0,0
-0.63043,4.0689,0,0,0,0
21.21,0,0,0,0,0
18.095,0,0,0,0,0
22.977,0,0,0,0,0
20.848,0,0,0,0,0
-2.1026,-0.10273,4.6649,0,0,0
18.063,0,0,0,0,0
23.674,0,0,0,0,0
-5.4599,-8.1417,3.3453,-5.5901,-5.8995,-200.67
9.012,0,0,0,0,0
-0.7,17.046,0,0,0,0
-8.3552,9.1354,-8.482,-8.4209,-9.344,-197.68
11.42,0,0,0,0,0
24.795,0,0,0,0,0
-0.88045,-1.9182,-2.0688,-0.9,-1,-192.45
-0.22288,-0.0044344,8.0832,0,0,0
14.314,0,0,0,0,0
-0.9,-3.9815,1.9526,-0.9,-1.05,-200.8
-0.1,19.304,0,0,0,0
19.655,0,0,-0.6,-0.9,0
7.0498,0,0,0,0,0
17.102,0,0,0,0,0
0,21.61,0,0,0,0
-0.6,12.149,0,0,0,0
12.68,0,0,0,0,0
20.94,0,0,0,0,0
-1.16,16.047,0,-1,0,0
28.844,0,0,0,0,0
22.181,0,0,0,0,0
8.7459,0,0,0,0,0
32.756,0,0,0,0,0
22.534,0,0,0,0,0
2.4325,0,0,0,0,0
15.415,0,0,0,0,0
10.349,0,0,0,0,0
-8.9874,1.8887,-9.2181,-9.5413,-9.1412,-201.53
-0.4,-0.40592,8.0049,0,0,0
20.057,0,0,-0.9,0,0
-0.6,-1.6168,4.4495,-0.44326,-1.5,-0.51369
-0.6,-0.7,-0.26357,5.1979,0,0
21.995,0,0,0,0,0
-0.17986,-0.6,-0.4,-1.1,-1.9,7.7262
10.718,0,0,0,0,0
-0.076704,17.18,0,0,0,0
