-252.06,-261.05,-268.01,-335.04,-83.047,-445.05
-206.11,-449.94,-218.56,-230.47,-70.546,-58.679
-579.34,-399.08,-704.6,-553.69,-58.286,-563.53
-314.17,-518.05,-259.86,-276.52,-64.631,-492.93
-392.29,-517.78,-366.68,-418.26,-183.42,-414.66
-338.63,-475.09,-458.5,-476.38,-174.34,-656.34
-430.91,-415.73,-282.67,-318.08,-158.99,-475.79
-795.28,-651.83,-587.61,-408.54,-561.1,-585.87
-512.71,-516.46,-604.43,-633.4,-275.86,-480.7
-1.6668,0,0,0,-6.3978,0
-216.01,0,0,0,0,0
-9.2679,-28.083,-19.324,-7.6856,-10.33,-202.17
-200.98,-205.07,-200.6,-18.752,-28.688,-33.568
-199.2,-198.42,-200.2,-201.89,-23.532,-197.55
-168.9,-202.73,-199.91,-221.5,-37.812,-234.15
-200.02,-18.272,-208.21,-204.83,-31.502,-167.4
-388.24,-308.53,-515.18,-312.44,-47.331,-359.22
-358.56,-198.42,-197.76,-201.54,-30.268,-199.26
-35.335,-32.555,-30.248,-7.8147,-5.8813,-60.137
-71.37,-1.4987,-0.4,-1.3772,0,-2.3548
-29.908,-358.79,-205.31,-179.96,-22.442,-210.32
-490.83,-483.2,-31.469,-252.27,-147.44,-230.57
-5.2375,-199.55,-163.6,-1.8892,-1.8493,-3.5417
-572.46,-351.67,-401.99,-146.33,-311.9,-258.25
-689.24,-557.85,-197.9,-251.44,-31.301,-235.89
-199.2,-208.53,-205.94,-11.369,-11.755,-200.1
-337.98,-408.45,-228.64,-277.83,-48.619,-333.34
-359.21,-386.3,-350.84,-195.25,-459.68,-326.63
-507.52,-247.85,-302.93,-396.4,-264.06,-138.52
-553.04,-622.9,-562.21,-241.29,-415.91,-485.72
-149.63,-382.14,-411.87,-178.43,-213.46,-37.856
-196.09,-343.36,-195.43,-174.99,-387.96,-159.01
-168.94,-253.11,-172.31,-166.91,-201.8,-63.614
-345.32,-377.32,-199.7,-140.19,-225.15,-77.969
-226.38,-391.89,-198.84,-160.83,-205.07,-67.77
-198.42,-281.81,-176.51,-84.502,-224.1,-144.63
-198.14,0,0,0,0,0
-198.56,-199.2,-357.78,-136.25,-7.127,-2.4329
-27.339,-21.988,-200.81,-35.414,-3.9778,-2.282
-7.5153,-17.08,-13.208,-12.413,-3.078,-5.1346
-677.58,-476.86,-329.31,-184.6,-330.3,0.024332
-569.59,-358.92,-386.09,-199.29,-202.54,1.6122
-201.07,-0.4,-201.6,-200.61,-1.2386,-2.4387
-198.56,-284.24,-199.2,-160.34,-201.29,4.7398
-199.2,-200.66,-196.49,-0.42921,-199.61,-2.1892
-172.64,-199.7,-243.54,-25.726,-225.75,-164.17
-14.942,-162.2,-41.111,-12.83,-45.673,-197.81
-177.16,-160.54,-183.95,-135.18,-24.82,-175.29
-103.03,-159.75,-126.22,-135.71,-12.808,-3.3201
-196.25,-197.81,-3.3665,-1.434,-12.482,11.938
-286.45,-102.33,-229.9,-134.87,-3.2663,2.74
-316.28,-354.59,-162.25,-201.09,-8.4178,-0.83035
-3.9988,-197.73,0.23078,0,0,0
-199.38,-203.75,-200,-1.48,-2.234,3.9242
-205.65,-65.624,-199.41,-31.598,-257.21,-198.85
-342.83,-394.04,-324.68,-204.82,-221.78,-203.42
-363.8,-450.34,-263.24,-48.369,-397.46,-485.57
-200.66,-361.53,-199.15,-4.9166,-6.0345,-5.4269
-158.05,-198.72,-221.32,-196.98,-9.7232,-3.2844
-323.14,-157.77,-126.19,-209.47,-161.51,-16.935
-206.59,-197.17,-159.06,-161,-171.44,-9.5125
-199.2,-199.2,-199.2,-160.33,-131.76,-6.6278
-199.2,-128.23,-314.84,-158.64,-289.51,-8.1327
-237.04,-10.959,0,0,0,0
-329.48,-383.43,-359.44,-488.54,-260.59,-245.16
-195.87,-199.24,-234.91,-35.334,-236.91,14.45
-1.1862,0,0,0,0,0
-0.056,-155.48,-118.38,-199.9,-159.97,25.461
-191.89,-194.95,7.056,0,0,0
-199.38,4.5034,-1.4169,0,0,0
-587.92,-351.66,-153.32,-599.84,-161.45,23.7
-198.42,-198.28,-199.2,-156.43,-196.42,27.797
-385.08,-431.64,-339.07,-227.97,-23.95,-307.73
-208.7,-197.76,-10.21,-22.511,-11.061,-194.73
-357.93,-356.42,-201.32,-27.567,-136.96,-214.9
-379.05,-325.58,-162.02,-0.41814,-4.4171,18.404
-198.56,-199.91,-0.7,-4.674,0,3.6229
-199.2,-483.22,-485.15,-1.1,-2.3707,18.96
-198.7,-73.644,-199.24,-1.1,-1.1339,16.816
-199.2,-196.5,-199.2,-189.48,-0.88738,25.7
-123.52,-160.18,-355.53,-0.3,-1.2104,16.243
-38.719,0,0,0,0,0
-36.385,-39.001,-61.413,0,0,0
-20.536,-37.732,-169.57,-5.8491,-2.0538,-237.32
-24.692,-226.37,-2.8648,-5.339,-2.5467,-6.1211
-8.629,-49.364,-7.9044,0,0,0
-56.502,-8.2725,-244.4,-1.4098,-3.4157,-41.215
-6.4711,-204.21,-6.6714,0,0,0
-41.76,-5.4189,8.2128,0,0,-172.15
-42.592,-23.225,-2.2412,-1.1811,-2.837,-202.48
-56.41,-76.6,-29.698,-30.774,-31.911,-202.54
-212.4,-156.69,-32.928,-23.967,-34.585,-501.09
-14.009,0,0,0,0,0
-133.01,-81.862,-29.32,-24.104,-29.246,-96.112
-493.98,-71.604,-27.965,-29.787,-11.032,-437.8
-1.1135,0,0,0,0,0
-201.4,-53.56,-16.533,-14.576,-17.059,-164.35
-0.47054,-25.103,-0.72977,-1.5348,-2.2353,-7.4
-32.719,0,0,0,0,0.4
-42.739,-11.647,-12.569,-12.946,-14.019,-164.39
-54.521,-126.53,-26.083,-25.594,-25.999,-168.08
-201.6,-69.471,-2.1933,-0.80932,0,0
-112.17,-99.85,-21.348,-22.255,-11.518,-140.54
-206.81,-138.4,-17.376,-17.623,-13.276,-112.01
-0.4,-0.28,-0.39541,-1.5868,0,0
-39.124,-214.36,-19.188,-14.417,-17.853,-171.07
-197.26,-6.1444,-6.2521,-6.8085,-8.6371,-5.9695
-7.1126,-221.78,-2.376,-2.376,-2.5006,-2.4187
-18.854,-25.835,-21.188,-50.306,-2.6242,-1.245
3.7744,0,0,0,0,0
-19.233,0,3.3676,-1.4,-1,0
-13.122,0,0,0,0,0
-1.9525,3.567,0,0,0,0
-211.47,-17.701,0,0,0,0
-217.86,-31.921,-5.7392,-4.8134,-2.2152,-4.8177
-194.59,-161.31,-2.589,2.8529,-1.2789,-2.5426
-5.4606,-22.846,-3.5947,0.1,0,0
-192.53,-27.19,-20.422,-18.879,-20.256,-365.09
-155.51,-123.26,-27.917,-27.754,-19.042,-141.16
-40.037,-8.9245,0,0,0,0
-208.73,-217.43,-15.53,-16.234,-16.334,-16.852
-219.59,-215.07,-8.3466,-12.39,-12.64,-35.345
8.079,1.2827,0,0,0,2.6809
-8.783,-9.2023,-5.8701,-6.2617,-8.0779,-13.358
-201.96,7.7949,0,-0.014755,0,0
-5.8215,0,0,0,0,-2.9734
-310.31,-26.273,-22.56,-23.65,-23.477,-327.85
-297.49,-150.27,-25.451,-24.564,-19.807,-572.46
-11.66,-13.761,-0.4,-2.3564,0,0
-418.48,-217.27,-11.921,-11.906,-12.245,-4.2716
-162.31,-202.2,-6.3791,-4.622,-7.3912,-3.5128
-0.35302,-10.757,0,0,0,0
-205,-161.54,-4.4427,-6.5036,-4.5085,-5.1908
0,0,0,0,0,-0.8
-14.143,-0.918,-0.81673,-1.2,-1.0596,-1.3596
0,0,0,0,0,0
-2.3109,-31.607,-216.32,0,-4.4999,0
-5.6708,-12.54,-35.672,-0.3,0,0
0.65505,0,0,0,0,0
-8.4196,3.9872,0,0,0,0
0.40615,0,0,-3.6764,0,0
-206.29,0,0,0,0,0
0.079454,0,-7.2519,0,-2.7083,0
7.2818,0,0,0,0,0.4183
-37.959,-201.67,-2.7235,-1.2,-3.8255,-198.15
-4.6594,-41.196,-0.26229,-1.3858,-1.2,-2.6928
-3.2429,2.4383,-35.653,0,0,0
-1.4,-203.69,0,0,0,0
-199.45,3.1989,0,0,0,0
1.6594,0,0,0,0,0
-0.16298,-2.407,0,0,0,0
-80.987,-172.64,14.814,1.0329,3.7909,24.694
5.2069,23.733,0,1.6628,0,0
-35.254,-123.23,-30.564,-36.983,-17.661,-592.36
-17.797,-201.84,-14.582,-15.639,-13.434,-357.62
-11.625,-5.3179,0.792,0,-2.4607,0
-1.4,-1.134,-1.1201,-3.593,-3.9605,5.4421
-198.33,-200.9,-0.84918,-1.12,-0.85193,3.6416
-24.081,8.3338,0,0,-1,0
-196.33,3.7847,-1.2,-1.2,0,0
12.357,0,0,0,0.80262,5.5884
2.3886,0,0,0,0,0
-43.68,-46.46,-21.782,-1.3643,0,0
-1.1746,-27.204,-0.42013,-1.1,-1.2139,0
-96.832,-23.785,-9.2055,-25.462,-3.0833,-363.13
-42.616,-59.136,-13.531,-3.0589,-5.3392,-422.29
-0.9,-6.419,0,0,0,0
-180.5,-27.911,-24.352,-1.9577,-6.1906,-128.52
-43.425,-20.737,-15.402,-1.3739,-4.67,-165.1
-0.61457,-7.6023,3.3635,0,0,0
-13.077,-47.806,-25.581,-0.32366,-2.7391,-199.84
-210.09,-13.839,-3.6887,-4.1821,-3.2091,-8.4095
-5.4805,-20.852,-4.9454,-4.8185,-1.9605,-391.46
-29.14,0,0,0,0,0
-229.3,-17.681,-3.4756,-5.4761,-8.6245,-165.78
-21.505,-1.9257,-2.3309,-2.786,-0.31653,-2.88
-0.018744,-4.3923,-0.87395,-1.3198,0,0
-14.043,-26.04,-3.6906,-3.7367,-5.4638,-7.5069
-2.0824,0,0,0,0,0
-1.4,-7.9157,0,0,0,0
-28.59,-3.4716,-2.7393,-6.6171,-3.7929,-201.83
-3.8696,1.6169,-2.9057,-6.4867,-3.6799,-201.36
-29.789,-24.753,-0.57553,-7.475,-2.6503,-201.63
-6.9592,-57.029,-131.15,-4.9944,-6.3739,-31.544
-6.308,-34.774,-7.8592,-1.8964,-4.0429,-4.5101
-33.785,-30.774,-8.4496,-3.6683,-5.9783,-3.8788
-16.409,-26.105,-30.078,-2.4208,-11.24,-202.96
-14.707,0,0,0,0,-0.72829
-32.064,-15.832,-2.5849,-0.97569,-1.2,-2.1434
-8.5672,-18.971,-0.99426,-0.41528,-0.98935,-0.32954
1.9705,0,0,0,0,0
-21.985,-27.701,-10.115,-3.1464,1.0455,-3.7007
-224.33,-17.558,-3.4958,-2.8812,-2.7051,-9.0147
-0.54439,2.9506,0,0,0,0
-9.9768,-10.111,-15.949,-0.19895,-2.2986,-4.061
-21.122,-42.407,-3.5548,-2.7225,-3.6987,-4.6869
-5.1857,-0.075576,0,0,-1.3124,-3.6573
-18.739,-4.0395,0.73874,-1.0024,-1.03,-1.2569
-1.4,-2.8475,-1.09,-1.8863,-1.2,-7.0077
-4.9462,-2.6031,-2.718,-2.8599,-1.6851,-201.56
-0.6672,0,0,0,-2,0
-1.4675,-13.604,-2.6344,-1.7176,-1.7258,-3.6147
-1.1321,-0.81128,0.053267,3.5701,0,0
-39.434,0,0,0,0,0
-2.0343,-15.421,-2.587,-1.8627,2.3392,-3.6903
0,0,0,0,0,0
-11.397,-10.084,-0.2,-0.9,-1.2,-5.6445
-30.867,-9.6081,-13.61,-4.2981,-11.519,-361.18
-4.5455,-7.2673,-5.3425,-6.3819,-5.7448,-4.1215
-7.386,-24.24,-3.0999,-2.2218,-3.6037,-200.71
-15.39,-1.7653,-8.8419,-5.0073,-5.5307,-4.2801
-5.203,-21.061,0.52199,-1.5337,-1.7856,-2.6103
-1.1549,0.2093,3.9984,-1.2527,-1.546,-1.1697
-4.2914,-6.5118,-10.306,-2.4278,-4.2253,-3.8255
-5.0992,0.35389,0,0,0,0
-20.282,-6.0069,-0.31332,-0.072341,-0.85373,-0.50799
-36.156,-27.999,0.17251,-3.6416,-1.9,-200.89
-30.882,-6.1726,-24.345,0,0,0
-18.756,-4.1886,-0.10273,-0.90665,-1.0278,-205.27
-0.6017,-0.017863,-0.18706,-1.307,0.024578,0
0.82568,0,0,0,0,0
-0.9,0.94088,0,0,0,0
-20.369,-0.1,-0.047625,-0.78548,0,0
-0.032275,-15.572,0.8036,0,0,0
-1.2886,-12.869,-0.4,-1.3778,0.042307,0
-46.102,-1.6523,-0.4,0,-0.93169,0
-10.224,0,0,0,0,0
0,0,0,0,0,0
-17.915,-0.80579,0,0,0,2.3029
-1.4,0,0,0,0,0
-0.55421,0,0,0,0,0
-1.035,0,0,0,0,0
-0.18341,0,0,0,0,0
0,0,0,0,0,0
-10.91,-14.12,-12.993,-3.4497,-9.0769,-360.46
-29.807,-0.66531,-0.4,-0.38676,-2.1941,-199.38
-0.9,-7.759,-1.0364,-1.3223,-2.4807,-199.61
-0.85891,2.187,-1.1187,-0.60695,-0.38448,1.0953
-1.2862,-0.81,-1.1298,-1.3325,2.3872,0
-0.68,-194.49,0,-0.5816,-0.27461,3.0011
5.1548,-0.3,-0.51546,-0.94513,-1.3,9.4111
-155.54,1.7126,0,0,0,0
-1.4,-0.13141,-0.12718,7.3466,0,4.5634
-42.007,-57.066,-51.814,-46.91,-22.167,-126.3
-48.909,-67.089,-17.579,-15.81,-19.669,-442.3
-64.677,-41.839,-50.261,-20.09,-37.197,-543.31
-73.225,-37.292,-45.664,-59.944,-22.948,-304.73
-100.59,-80.818,-67.8,-97.235,-23.029,-85.386
-62.91,-63.546,-17.877,-40.09,-64.543,-951.87
-106.21,-140.23,-79.884,-27.855,-74.151,-666.22
-102.98,-127.94,-125.94,-101.82,-29.514,-297.94
-50.708,-103.86,-94.513,-63.262,-17.319,-258.51
-4.8778,-30.915,0,0,0,-0.42187
-5.037,-0.64043,-2.9472,-3.7506,0,0
-71.948,-14.719,-25.08,-41.58,-11.733,-6.9375
-62.436,-10.447,-12.303,-10.221,-11.682,-56.877
-7.9595,-33.598,-38.026,-16.364,-5.053,-7.1661
-36.643,-10.547,-14.867,-8.4954,-9.417,-198.54
-31.037,-58.246,-23.576,-12.398,-15.129,-540.16
-31.899,-15.622,-19.603,-7.128,-31.935,-349.6
-21.056,-23.812,-31.373,-6.4846,-18.666,-358.05
-4.4401,-7.5315,-4.9906,-3.6068,-6.2457,-1.6313
-0.4,-0.57675,-0.29276,-2.8549,-3.4822,1.549
-35.498,-36.035,-15.512,-15.851,-15.778,-165.52
-31.433,-22.698,-38.14,-37.084,-8.9618,-300.39
-5.6574,-13.691,-3.4213,-3.8699,-4.7624,-201.35
-34.992,-31.961,-28.838,-17.023,-7.9073,-70.357
-32.346,-37.565,-33.405,-10.507,-31.962,-250.37
-4.713,-40.798,-14.407,-4.1208,-5.5553,-1.0145
-19.107,-27.183,-23.32,-30.99,-12.398,-431.2
-35.962,-51.736,-36.956,-36.095,-18.842,-269.59
-57.955,-108.86,-94.469,-40.854,-64.076,-165.03
-88.17,-70.172,-75.221,-15.597,-67.219,-412.84
-60.65,-51.568,-75.091,-58.276,-38.521,-28.086
-52.214,-37.193,-52.033,-33.104,-22.092,-39.613
-40.701,-101.08,-40.919,-3.5286,-60.557,-58.752
-28.866,-54.807,-29.86,-29.173,-12.299,-33.17
-44.863,-92.663,-78.269,-52.064,-22.863,-95.835
-97.681,-93.64,-50.553,3.2227,-80.224,-44.217
-33.52,-30.08,-41.307,-7.6772,-8.5937,-200.4
-31.101,-5.2192,-31.867,-5.482,-10.475,-9.4535
-21.323,-17.891,2.2726,-9.5662,-11.422,-95.456
-8.3955,-16.38,-7.1641,-5.2738,-6.6157,-9.6576
-26.958,-1.0642,-12.66,-2.8823,-4.0639,3.7715
0.80384,0.18403,-1.2662,-0.64918,-2.9223,6.0202
-12.915,-0.8017,-4.2585,0,-0.83072,-4.9837
-66.997,-1.3482,-1.0672,2.633,-0.88517,-2.8846
-3.4678,-1.1207,-3.5851,0.72006,0,0
-24.406,-26.445,-58.982,-35.853,-20.344,-204
-28.557,-0.14128,-6.871,-5.0927,-1.4944,11.917
-24.831,-27.187,-14.568,-45.1,-36.487,-367.44
-8.4617,-9.1997,-14.659,-9.4546,-6.9017,1.278
-0.26497,5.4028,0,-0.61304,-1.2404,-1.5713
-7.5144,-4.2618,-8.0878,-6.2463,-6.4047,4.5702
-0.248,-32.332,-2.7626,-3.9364,-3.1347,-5.5658
-11.326,3.0463,0,0,0,0
-1.4852,-15.107,-7.2463,-0.53241,-1.4224,5.6547
-60.458,-44.488,-17.957,-21.792,-19.629,-201.64
-20.051,-34.89,-33.389,-14.593,-27.131,-611.42
-58.978,-54.852,-46.968,-14.584,-35.716,-366.15
-13.839,-11.868,-26.708,-10.468,-12.585,-13.105
-6.9921,-3.0493,-3.7655,-2.0334,-8.4221,-4.3627
-2.8722,-2.7902,-0.16814,-6.3515,-5.6392,-0.40556
-8.6329,-10.941,-5.1373,-5.0858,-11.374,-9.7043
-9.2872,-17.252,-9.6391,-6.1313,-8.7813,-9.2595
-11.93,-3.4467,-10.2,-3.4676,-3.3194,-3.1269
-35.29,-2.2296,-4.64,-4.44,-4.0751,-201.89
-36.083,-25.238,-60.653,-39.89,-16.546,-321.04
-19.854,-26.312,-22.582,-32.784,-16.613,-107.87
-1.2699,-0.18052,0.1112,0,0,0
6.1817,9.0758,4.171,3.3245,-9.2501,3.263
3.9532,0,0,0,0,0
-9.2668,0,0,0,0,0
24.959,19.461,14.272,11.808,6.652,18.518
25.121,9.9668,0,2.8473,0,7.3033
-48.398,-29.166,-18.69,-19.438,-17.194,-685.12
-26.655,-23.778,-42.387,-10.206,-15.955,-153.54
-28.365,-41.393,-30.039,-14.756,-40.055,-119.16
1.9233,-1.0014,1.2071,-1.1106,0,12.209
16.152,0,1.3174,0,-2.5454,0
-6.9651,2.8559,6.8482,-1.1937,0.25601,0
-0.022055,-1.9923,6.6314,7.8204,1.4094,0
17.617,0,1.9671,0,2.0328,5.398
4.7292,15.65,0,0.74861,1.2922,0
-2.4484,-3.121,0,-3.5919,0,0
-32.819,0.45029,0,0,0,0
-14.561,-1.0516,0.21711,12.152,5.8104,-248.32
-23.644,-15.658,-8.9873,-8.7907,-7.1104,-194.06
-30.86,2.1304,-1.6866,0,0,-199.42
-59.172,-3.6965,-9.2961,-1.1373,1.9217,-49.815
-25.189,-4.9745,-4.7439,-5.6829,-3.8395,-17.998
7.2309,-9.9521,2.9223,10.741,1.812,0
-22.674,5.853,17.162,1.7042,4.9945,-364.13
-40.211,-65.572,-20.277,-24.087,-24.438,-799.42
-41.995,-31.205,-15.919,-23.996,-24.097,-667.89
-5.9385,1.3469,0,-4.2761,0,0
-41.124,-24.623,-24.617,-23.559,-24.674,-430.5
-33.467,-46.688,-26.428,-26.229,-23.334,-614.59
-32.783,5.8785,0,0,0,0
-55.014,-17.287,-6.1099,-17.08,-16.313,-368.09
-5.2827,1.9415,4.2588,1.8084,1.0241,2.6696
-3.6987,0,-2.1508,0.75832,1.7983,0.6
-14.569,-13.913,-11.406,-11.776,-11.666,-164.83
-21.558,-29.146,-10.642,-16.27,-19.7,-134.48
-0.31428,-0.017466,-0.30116,-0.20476,-2.2623,0
-28.665,-32.903,-11.086,-18.036,-16.852,-27.58
-21.54,-23.86,-6.6024,-13.772,-15.312,-74.607
-36.049,-0.81562,0.32236,0,0,0
-17.949,-51.065,-16.269,-13.157,-17.832,-367.13
-38.748,-7.2381,-7.3294,-7.1743,-6.719,-6.2532
-3.404,-37.375,-5.01,-4.7849,-2.9782,-201.01
-2.858,-3.247,-1.5894,-6.3707,-4.2041,-202.47
-41.36,8.7489,-0.60452,-0.2,0,0
-15.303,-25.384,-16.842,9.9641,0.77266,2.4335
-26.325,-25.614,-6.8343,-4.9426,-5.7439,-27.627
-21.433,3.2374,1.8165,2.8593,-0.81555,3.4625
-0.49452,0,0,0,-0.88941,-11.353
-4.4724,-52.751,-15.427,-1.0458,-5.1364,-22.051
-9.7621,10.11,1.499,5.6778,0.99779,-5.0915
-48.165,6.5855,2.2411,0,0.40067,0
-79.103,-43.165,-22.676,-22.605,-18.377,-394.99
-61.613,-38.556,-27.177,-27.297,-17.537,-668.74
12.46,0,1.5576,0,1.6069,0
-20.707,-22.273,-19.621,-19.718,-19.675,-20.247
-23.459,4.6209,21.774,3.2131,-1.1251,0.84144
10.711,0.12701,9.4711,7.337,2.3902,0
-14.253,-26.898,-11.054,-9.4932,-8.4028,-13.336
4.0798,5.5618,7.6346,0,3.5192,14.042
-1.6071,14.463,0,1.809,-0.70035,-4.6865
-18.295,-18.862,-13.437,-18.345,-18.635,-492.14
-19.473,-15.387,-18.914,-19.188,-19.22,-518.02
-0.53718,-0.30807,0.81984,-1.6416,-0.48369,5.0737
-9.3842,-11.788,-8.2426,-7.7157,-7.7134,1.3374
-4.1061,7.8941,-4.381,-4.5688,-8.2093,-4.3254
-0.98142,-15.37,2.5823,0,0,0
-4.7271,-2.3878,-5.4681,-2.6348,-5.0919,-7.3222
1.4086,0,0,0,0,0
-1.8091,-2.0366,0.3872,0,0,0
-2.4603,-34.95,-2.3059,0,0,0
9.6203,1.6024,0,0.49739,0,0
-11.537,0,0,0.5178,0.94746,0
1.5238,0,0.9545,0,0,0
4.5827,0,1.0963,0,0,0
8.4724,0,0,0,-0.58915,2.9472
-2.0465,-4.3249,-2.0398,-0.396,-0.58384,-1.9998
5.5233,4.4894,11.487,5.8427,3.6704,5.4095
7.0375,0,0,1.9208,0,11.809
-11.125,-19.016,-10.535,-11.079,-11.067,-201.69
10.41,9.3316,6.0726,6.2875,2.5599,-183.04
22.28,-0.58739,3.533,0.63825,0.65156,-278.24
-2.7745,-3.9814,-2.44,-4.2872,-4.4331,-2.0547
2.9404,0,0,0,1.1198,15.497
19.233,0,0,3.1935,1.0504,5.3477
-1.3639,0,0,0,0,5.4271
25.904,32.828,28.509,21.658,15.058,26.328
29.656,17.684,13.971,3.5447,11.254,22.225
-24.814,-54.613,-16.084,-15.164,-15.489,-595.88
-12.129,-10.882,-5.4514,-10.67,-11.624,-201.78
-0.30533,-3.2472,-21.489,0,0,-197.24
-5.6444,-2.6714,-0.81537,-1,-2.3486,7.5525
-0.66864,2.3152,0,0,0,4.999
10.703,0,0,0,0,0
-0.26525,13.983,4.1544,0,0.85506,3.8708
1,0,22.261,3.2635,1.3414,2.6229
11.461,0,0,2.2391,0,0
-0.86373,-1.2164,-1.1687,8.6383,1.5745,1.8965
-0.66544,-13.895,-12.397,3.6896,0,0
6.0909,4.5217,5.0542,7.8182,4.5965,-553.28
-4.2212,-8.5417,-6.4515,4.4199,-1.425,-241.24
-0.17309,-2.0979,-13.738,0,-0.36295,0
1.8554,1.1127,7.7894,4.5909,13.789,-513.44
-10.757,-29.051,-3.2409,13.697,3.4612,-660.54
-27.907,16.316,0,1.6111,0,0
-23.322,-4.4004,1.7665,9.9162,1.0312,-159.02
-5.8331,6.5264,1.3004,-2.4437,-124.37,-372.37
4.9,4.0456,4.9008,4.2507,6.9746,-298.69
-25.45,-0.19752,5.9173,0,0,0
-4.9552,-21.214,11.372,0.30616,-4.8706,-4.8691
3.4253,7.9127,5.1886,6.6015,2.4207,-275.56
-15.552,1.8245,8.4277,0,0,0
-0.53816,-2.4432,-0.21215,8.0068,-0.65393,-1.652
-0.46438,7.3516,0,0,0,0
1.3301,-1.3376,0,6.6298,0,0
-6.8734,-4.85,-5.3618,-4.4667,-4.2188,-7.7091
-1.844,3.8621,-2.6199,-2.0736,-2.4763,-2.303
-2.7552,1.9975,12.72,-1.8355,-0.6113,-128.34
-16.34,-34.887,-3.9939,-3.5394,4.2268,-129.97
0.17063,7.081,-2.4537,-97.639,-0.72667,-2.0373
-3.2873,-13.282,12.916,4.0271,-1.6981,-0.35406
-6.9937,-10.557,-4.1083,-3.4842,6.4181,-128.75
0.96224,7.7246,-4.1357,2.6414,0.073178,0
-8.668,-27.142,13.435,-0.73951,0,-14.338
-12.397,-3.6609,-76.929,4.5336,-2.1328,-199.03
-0.73148,6.6457,0,0,0,0
-7.2744,9.7427,1.7747,-2.7404,4.8439,-199.83
-2.921,-9.4388,-5.0326,4.2853,-3.4804,-9.9868
-2.6596,11.367,4.5905,1.8709,0,0
3.7834,-24.431,-7.6093,1.3789,7.8109,-8.4088
-3.2916,-5.361,-5.3241,-0.62527,-6.4733,1.0409
0.74681,1.2645,0,3.7765,0,0
-10.283,-8.3378,1.2206,12.004,0.68425,1.9955
-6.2433,-1.604,4.6005,-4.5134,-4.7036,-5.5534
2.6982,3.1472,4.6025,12.822,3.7482,-132.11
-2.2048,-10.626,0,0,5.3612,-194.51
-24.254,-0.59,3.0766,0.25812,-0.313,-5.8873
1.5695,6.6699,19.237,9.0963,9.9161,-10.512
-0.7732,0,0,0,5.7179,0
-2.084,-0.39687,5.1063,0,-0.30419,-1.8192
-0.79543,9.5556,-0.457,0,0,0
6.8629,0,0,0,0,0
-8.1304,-29.575,-79.678,-5.1889,3.4529,-63.796
-1.2082,-0.86105,9.4575,1.3701,-2.6876,-357.76
-3.062,-3.8843,9.9063,4.6826,-2.7666,-200.21
3.208,0.81657,3.1497,5.7746,3.2318,1.1695
11.78,0.30388,3.5762,3.9392,2.9929,1.9671
2.2328,17.295,1.6825,2.3626,3.3303,7.0354
-0.35508,3.023,4.4299,15.196,-0.047984,2.423
-0.51612,-3.6216,4.3728,0,-1.5152,0
-0.19629,4.3436,15.207,-0.33809,-1,0
-5.7695,-7.2185,-0.89294,-1.0572,7.4781,-199.51
-51.998,0,0,0,1.1707,0
-12.639,-1.0224,-34.376,-0.84383,0.20223,0
-0.44654,4.9305,0.60905,1.0056,0.70379,0.30205
2.3607,0,0,0,0,0
4.6625,0.48422,0.27685,0,-1,0
-0.18851,3.0345,7.2474,2.0973,0.62144,1.951
5.899,0,0,0,0,0
0.56559,0,0,0,0,0
-0.23057,-4.5465,-1,-2.0403,-1.8856,6.2656
2.9085,0,0,0,0,0
-3.6427,-1.8966,-9.0814e-05,0,0,0
-0.74276,2.6894,5.4788,0,-2.0669,0
-0.97996,13.558,0,-0.077763,0,0
1,0,0,0,0,0
9.2605,0.051628,0,0.37811,0,0
-0.45454,0,0,0,10.686,0
12.238,0,0,0,0,0
-2.6686,-7.3325,2.0153,7.0535,3.7012,-694.06
-0.4,-0.2,-2.4171,8.22,0.22167,0
-35.415,0.39371,1.8909,8.1126,3.3253,-199.33
2.8594,-1.0757,4.1056,2.4713,-0.22862,11.229
0.80985,-0.18703,-0.50214,2.8804,13.867,4.287
15.593,8.9873,5.3908,4.0978,2.4261,3.0282
15.402,8.2809,12.771,7.4015,9.0625,3.0016
23.953,0,4.6366,0,0,0
17.735,6.3549,-0.22821,4.3939,1.2206,3.1514
-8.917,-7.4507,-8.9869,-4.3312,-10.244,-180.99
-1.9149,-1.0589,3.9352,-1.2814,-1.8314,-178.42
-2.073,-3.0979,0.18705,1.3747,-2.2893,-461.99
-9.6749,0.22596,-11.842,-7.4873,-9.2038,-488.91
-6.5312,-10.99,-11.007,-2.0837,-11.224,-370.63
-1.3087,-1.2653,0.62466,8.8735,1.9062,-604.15
-16.226,-6.3835,-11.968,2.1144,-7.0327,-201.13
-11.926,-14.583,-9.9207,-9.888,-4.1276,-609.72
6.7213,4.9113,-1.3289,-3.5976,5.2421,-701.79
3.3114,0,0,0,0,0
0,0,0,-0.5,0,0
-0.75949,7.2063,0,0,0,0
-2.55,0.9844,0,0,0,-0.7
-1.7716,2.0759,2.3215,2.609,-0.81038,0
2.3865,-0.70973,10.808,0,-1.1884,-156.54
-7.1055,-2.4591,0,0,0,-361.97
1.2215,10.704,5.7994,1.6184,-4.3699,-173.63
-0.11171,-2.4482,12.281,0.97936,-1.3182,-198.2
-1.6118,0,0,0,0,0
-0.1856,0.61503,0,0,0,0
1.5655,-6.5135,-0.5,-0.2531,-0.8,-0.796
-3.497,-3.5988,-4.1294,3.8004,-3.05,-202.98
-1.2721,-0.28074,0,0,0,0
-3.3461,10.521,-2.838,-0.48743,-1.3265,-0.5
-4.8516,-3.3551,-4.6878,-1.9023,-4.1534,-474.42
-0.41429,-0.096228,1.3306,-0.64582,0,0
-0.50599,0.72174,2.5214,-0.69807,0.18766,0
-6.5764,-3.9839,-10.05,-6.2794,-8.7065,-464.88
-5.923,-4.3305,-7.8719,-4.0047,-6.1401,-285.02
-2.2399,0.044702,10.666,-4.2912,-0.5799,-54.609
-5.7968,-5.5387,-5.217,-7.5918,-3.6457,-17.271
-7.0224,-9.2329,-7.5734,-8.6863,-11.369,-8.7448
1.764,7.4802,2.0093,-0.057984,-1.1269,2.4172
-5.6969,-2.9864,-6.963,-4.007,-3.8549,-10.067
-11.743,-3.2321,-3.8935,-2.9636,-4.2363,-17.613
-1.0107,1.9048,1.4946,2.5763,-1.7798,-8.8126
-4.3278,-11.668,-0.2,-0.63467,-0.18395,-199.55
10.476,0,2.0787,0.91043,0,4.2592
14.12,7.0184,6.0869,-1.1572,3.4019,2.4641
1.8806,0,0,0,0,0
4.8157,13.944,5.8875,7.5516,2.2388,8.1704
8.072,17.355,9.4806,8.4138,-0.025102,6.1315
3.0169,0,0,0,0,0
16.361,0,3.8221,3.175,3.2769,6.5064
12.177,0,0,0.51302,0,1.5157
-1.4113,-2.6957,-2.2129,-4.1249,-1.6427,-200.13
-4.0836,-1.1417,0.11069,-1.3981,-0.36738,-200.09
-1.1726,-4.6324,-1.05,2.8696,-1.2451,-155.79
0.93076,0.15025,0.42464,-0.28108,0.19094,1.7946
8.836,0,0,0,-0.8488,0
4.3416,1.4732,0,-0.28231,-1.0264,0.2051
-0.2,-1.1729,0,1.4129,0,0.591
4.1585,0,0,0,0,0
-3.7116,2.3526,0,0,0,0
0.84361,-4.6836,-4.7032,-4.2901,-5.7553,-200.5
-3.2993,-5.7952,-3.4939,-0.69313,-4.5276,-357.37
0.51075,0.92521,9.472,-1.7406,-1.8222,-560.14
4.302,0,0,0,0,0.14217
5.8669,0,0,0,-0.50267,0
14.855,4.2789,8.2791,4.4907,3.9119,1.2877
10.812,0,0,0,0,0
9.7283,0.11951,3.4015,0,0.94055,0
6.4562,7.6615,3.3528,6.4122,3.9569,10.164
4.5168,0,0,0,0,0
-0.26998,-1.4355,0.4733,-1.1148,-3.1852,-193.23
8.1203,3.0244,1.7584,-3.6516,0.25483,-135.05
0,5.4811,0,0,0,0
22.708,5.3559,0,7.2893,4.1221,3.6679
17.113,0,0,0,0,0
8.3292,0,0,0,0,0
26.807,0,5.0225,0,0,8.8496
21.984,0,0,0,0,0
-8.2634,4.7767,-1.5279,-2.2651,-3.6683,-256.2
1.842,0,0,3.5002,0,0
2.354,2.1138,2.9203,0.81053,0.76498,-450.47
24.273,0,0,0,-0.59037,0
7.646,0,0,0,0,0
16.916,1.8956,3.9564,3.7808,0,0
17.297,0,0,0,0,-0.2
8.4112,0,2.185,0,0,0
16.551,0,1.7698,0,5.0361,0
-2.2035,-1.4494,-3.1331,-1.4569,-1.0122,0
33.04,0,9.5049,11.606,0,0.033517
30.017,38.061,30.414,28.942,24.466,-609.8
-12.004,-0.96289,-0.060889,-4.0298,10.054,0
17.138,16.767,26.397,17.121,6.0234,-407.8
29.129,32.389,36.465,26.727,23.711,-658.38
-14.125,2.9415,0,6.2381,18.492,0
11.011,17.473,21.973,27.734,19.037,-494.02
35.02,29.084,35.422,30.211,20.105,-672.34
-10.22,-3.2117,-5.3083,-5.9495,-5.3731,-130.31
-18.939,2.3268,-13.228,-10.868,-13.316,-465.94
13.868,0,0,0,-0.74903,-0.2
-2.0725,-9.795,-2.7519,-2.88,-2.3738,-291.22
4.0007,8.016,10.388,6.994,7.786,-471.29
28.713,40.297,33.707,14.583,18.525,27.669
-0.84144,0,0,0,0,-203.47
27.025,31.651,31.584,15.857,13.93,-6.8666
34.092,33.079,36.059,23.743,22.127,-356.31
-3.9182,-0.46043,0,0,0,0
-2.2737,-1.9873,-1.8939,-1.334,-1.8841,-2.16
1.5658,7.1766,0,0,0,0
-3.3163,-1.7405,-2.0208,-1.6826,-2.2175,-2.2847
-1.8407,1.6733,-1.073,-1.9011,-1.4218,-2.16
-0.15177,9.7418,0,0,0,-0.76575
-1.895,-1.7257,-1.8264,-1.4412,-2.0568,-2.7973
2.5332,0,0,0,0,0
-2.6748,0,0,0,0,0.3
-1.9728,-0.69351,0,0,0,0
32.666,29.844,28.104,21.666,10.745,-444.75
39.92,38.209,36.085,30.288,21.787,26.44
0.36677,-2.4489,0,0.15361,0,0
18.331,14.884,10.878,16.198,10.272,33.544
29.019,27.208,22.424,23.924,19.946,32.678
0,0,0.72801,0,0,0
23.19,13.857,18.844,6.9454,7.1899,12.553
35.177,11.162,14.275,9.2804,5.7898,9.4986
-0.95662,-0.34288,-0.67452,-0.24889,3.8022,0
36.403,-8.0063,-0.56351,-3.5913,-5.7271,-231.28
32.346,39.335,29.8,27.493,14.858,27.013
-2.5261,-1.8944,-0.62933,-0.8,-0.8,-0.96
37.184,30.395,37.914,19.508,13.915,32.477
35.366,38.063,42.93,23.717,18.715,34.578
-5.5458,0,0,0,0,0
29.36,31.993,32.639,19.392,17.841,28.953
36.684,25.242,19.165,0,10.333,26.046
-4.8192,-5.0367,-3.1061,-1.8761,-2.6851,-287.11
-3.9437,-0.33232,-1.4874,-1.584,-1.3151,-199.89
0.62479,0,8.5991,0,0,0
-1.7781,2.4751,0.97133,-0.87924,1.1119,-2.6608
10.408,0,0,-1.2234,0,0
0,14.924,0,0,0,0
-0.3448,7.1681,0,0,0,0
2.5103,0,0,0,0,0
-1.2632,0,0,0,0,0
-1.8567,17.617,0,0,0,0
34.891,26.337,23.989,17.008,9.6066,-421.68
40.894,36.466,38.107,34.229,15.724,-283.25
0,0,0,0,0,0
20.456,0,0,0,7.0396,11.043
41.745,2.8514,0,4.1653,7.196,6.8467
-0.24892,-0.98004,0,0,0,0
31.675,13.374,13.307,5.2311,6.7648,5.0677
34.808,11.923,0,0,0,0
-1.2515,-1.208,-0.10911,0,0,0
32.78,32.655,32.787,20.908,23.572,-93.039
33.413,34.525,34.358,25.817,21.872,-46.928
2.3666,0,0,0,0,0
45.5,38.965,36.763,20.891,19.516,31.349
41.513,2.9025,0,3.5542,0,0
2.3069,0,0,0,0,0
36.134,32.72,36.982,22.962,21.316,31.315
40.449,6.6342,8.2119,5.4975,7.5276,14.315
-4.656,-2.5076,1.0881,-0.93179,-1.2174,-358.99
1.7316,-3.1331,11.134,0,0,-196.05
9.7897,0,0,4.4208,0,0
-0.2,13.848,0,0,2.3691,0
7.9084,0,0,0,0,0.8
1.8328,0,0,0,0,0
18.383,0,0,0,0,0
12.028,0,0,0,0,0
9.952,0,0,0,0,0
6.8839,24.23,0,12.942,3.4097,0
32.583,0,0,2.6858,2.6231,7.3723
24.169,28.193,23.387,23.158,21.474,-464.04
26.762,10.887,16.799,11.868,6.5918,-172.87
24.798,5.2681,0,11.27,6.0521,-196.36
22.06,31.101,20.876,19.418,17.806,-832.85
12.916,31.997,17.075,13.979,7.716,-465.24
37.352,16.009,4.8739,0,3.5716,0
23.848,23.091,26.652,18.053,11.464,-167.54
-6.5859,26.434,3.8851,0,3.2394,-2.1343
22.049,8.5336,6.8131,6.7362,7.148,-462.07
23.611,3.1751,0,0,0,0
8.0916,22.601,7.3408,-1.4179,3.172,-135.47
15.737,22.723,18.749,8.9894,13.914,-243.03
26.512,0,6.5416,11.38,1.9829,1.999
18.616,0,2.9968,0,3.3931,0
39.756,12.221,20.139,14.279,13.918,-324.38
32.975,8.2126,0,8.5017,5.7559,-359.13
17.388,0,0,2.3021,0,0
-0.29764,10.659,0,0,2.3545,0
20.766,0,6.2201,3.7038,2.6515,0
10.529,18.015,5.1165,7.6835,7.2859,-14.884
12.859,21.953,2.7272,4.7989,8.081,0
21.113,20.351,21.535,15.801,13.666,5.4369
26.258,9.4062,8.3695,8.7226,9.0065,-225.02
5.5709,25.955,7.6103,4.3286,0,-200.46
34.805,16.885,18.05,12.099,3.9654,-363.74
9.6925,9.937,11.528,9.2325,8.4569,-9.3661
20.597,8.0933,5.8121,10.425,4.5363,4.7895
19.178,25.351,27.465,21.089,18.261,-2.3653
7.8274,7.5396,12.765,8.3388,10.152,1.3397
27.715,5.9167,9.5162,8.6244,0,0
19.454,12.751,22.383,16.502,13.227,-4.7613
6.7613,21.231,4.34,7.3011,3.6349,4.7134
21.07,0,0,0,0,0.60422
31.033,9.3887,14.219,8.636,8.7707,8.882
5.2319,15.644,2.9046,0,3.178,-3.9564
21.499,0,3.7871,7.8862,6.0011,-200.76
24.812,17.581,3.4086,0,1.3258,4.1415
7.0455,13.313,8.1107,-0.23874,5.1328,-3.6115
6.5891,27.152,16.436,19.206,15.853,1.3945
27.634,1.879,0,0,2.4341,2.4455
16.525,0,0,0,0,0.79269
4.4295,24.512,0,0,0,4.1284
23.994,0,0,0,0,0
10.271,16.617,11.182,10.859,10.374,-92.259
20.17,7.7698,0,4.8021,2.5623,0.26742
26.388,13.581,10.344,12.708,12.948,10.683
20.985,17.721,11.91,13.369,10.459,9.8295
26.63,4.0331,3.4526,5.4265,6.0761,0
13.482,34.557,17.797,12.866,15.565,16.119
7.8531,23.496,8.9423,3.5753,7.5487,13.769
18.784,0,0,0,0,0
28.716,6.0498,5.208,0,0,0
18.661,2.9075,10.898,0,0,2.189
28.859,0,6.0484,0,5.7566,1.3798
27.817,11.075,7.9935,11.499,8.913,0
19.885,0,5.4688,2.7857,0,0
18.296,0,0,0,0,0
30.273,13.392,7.1876,0.1,0,2.7124
10.319,0,6.325,0,2.3337,0
-1.5168,7.9529,0,0,0,0
26.582,0,9.367,1.4632,-0.18029,0
10.776,4.9369,0,2.662,0,0
28.167,38.947,32.539,9.3045,6.6927,-323.96
39.188,8.3278,7.8231,3.148,0,0
20.039,0,2.9547,0,0,0
26.632,7.5775,0,0,3.1765,0
4.0556,0,0,0,0,2.1812
-0.75838,17.041,0,0,0,0
8.9881,0,0,0,0,0
13.511,4.32,0,0,0,0
11.612,10.16,11.697,15.269,11.397,-426.1
16.063,0,0,10.115,0,2.1575
37.461,23.978,21.951,12.366,10.51,-462.38
15.67,27.277,11.095,10.423,13.233,5.7788
18.075,0,0,5.8489,3.8793,2.969
3.7161,15.664,21.75,4.6894,6.1158,10.368
25.951,2.7341,0,10.858,1.5496,1.3465
15.232,0,0,0,0,0
32.97,0,3.946,0,4.9906,1.4123
-43.016,-244.35,-264.79,-31.388,-33.151,-161.11
-292.99,-213.25,-313.63,-165.94,-205.81,-354.48
-726.38,-635.8,-565.35,-424.15,-348.4,-776.52
-747.11,-337.36,-340.55,-353.54,-67.86,-278.42
-383.71,-415.97,-361.17,-295.07,-194.1,-385.97
-553.61,-629.86,-545.39,-597.39,-108.38,-660.48
-336.12,-534.3,-324.01,-361.27,-71.78,-324.87
-690.44,-619.91,-372.38,-602.56,-581.4,-585.67
-580.47,-409.6,-541.09,-319.86,-536.31,-508.41
-42.823,0,0,0,0,0
-40.854,0,0,0,0,0
-199.4,-251.02,-31.796,-6.3984,-2.4686,-1.3977
-31.092,-0.012,-200.4,-1.9321,-7.9975,0
-199.4,-539.03,-288.15,-201.69,-15.524,-78.394
-328.63,-160.29,-200.38,-200.51,-13.012,-66.631
-187.22,-238.03,-200.3,-204.29,-201.4,-214.09
-330.89,-459.01,-478.26,-361.98,-368.3,-33.275
-348.68,-200.1,-320.7,-200.18,-208.59,-357.46
-5.7328,-200,-43.98,-4.4978,-4.5548,-1.6502
-0.8,-0.5,0,0,0,0
-192.26,-160.29,-204.97,-209.87,-37.258,-104.57
-190.14,-166.27,-309.58,-167.85,-14.349,-166.72
-1.3361,-0.6,-1.0846,-1.9689,-4.301,4.4046
-391.47,-413.45,-264.29,-289.92,-96.961,-269.43
-479.88,-290.1,-173.12,-191.56,-19.018,-210.93
-201.37,-257.75,-1.8298,-20.806,-2.452,0
-382.2,-235.21,-130.43,-230.56,-180.57,-202.02
-214.54,-347.24,-195.48,-201.04,-27.223,-294.9
-460.54,-393.64,-330.15,-272.45,-191.55,-285.62
-467.12,-609.71,-536.5,-491.68,-471.34,-368.26
-216.46,-269.14,-117.85,-23.597,-49.19,-51.985
-526.12,-199.4,-95.242,-200.12,-203.43,-61.152
-178.25,-378.93,-293.27,-256.57,-210.71,-71.077
-223.46,-166.81,-171.12,-249.53,-201.7,-74.467
-369.35,-365.75,-353.48,-126.54,-201.2,-64.437
-196.78,-198.94,-234.78,-202.25,-211.98,-27.002
-8.9388,-35.085,0,0,0,0
-221.35,-198.26,-199.4,-245.06,-234.2,-82.272
-199.4,-199.4,-358.79,-239.38,-25.166,-198.08
-9.8149,-1.8663,-7.0951,-1.3669,0,0
-257.51,-156.51,-197.54,-160.77,-364.89,-10.528
-196,-196.1,-156.18,-4.0176,-182.53,10.097
-202.3,-63.458,-10.057,0,0,0
-199.4,-200.6,-197.67,-198.35,-199.99,10.759
-10.217,-217.51,-199.4,-0.5,-0.098078,3.3594
-316.59,-232.76,-165.72,-221.81,-38,-200.36
-550.41,-202.36,-5.872,-2.341,-6.8626,-194.45
-519.55,-348.08,-286.56,-258.5,-133.65,-277.6
-153.62,-99.339,-306.41,-187.23,-89.95,7.0345
-3.2721,-0.6,-201.12,-0.78072,-2.8535,9.5684
-199.81,-158.53,-197.24,-200.29,-202.38,8.0127
-197.82,-199.6,-160.07,-2.6716,-0.49437,7.1807
-203.26,-0.14535,2.9133,0,0,0
-200.93,-0.19679,-162.84,-1.3,-2.1,0.36625
-59.561,-199.79,-200.2,-234.9,-21.761,-161.81
-198.81,-201.1,-197.77,-20.672,-213.06,-195.71
-289.97,-198.71,-186.37,-239.58,-205.86,-202.46
-208.17,-199.04,-200.99,-7.9121,-6.8417,-3.2374
-159.72,-199.4,-200.9,-204.04,-6.3094,-0.94117
-196.47,-334.45,-199.6,-195.88,-199.38,-5.9074
-8.4074,-14.15,-219.28,-203.59,-201.4,3.9015
-356.81,-199.4,-129.11,-158.28,-126.19,1.2484
-119.33,-283.99,-199.31,-202.46,-202.16,12.376
-17.738,-199.3,-9.7483,-8.6777,-8.6542,-200.53
-282.89,-439.45,-331.58,-478.23,-358.52,-192.21
-199.4,-198.8,-160.35,-36.14,-53.354,-170.73
-199.4,-200.3,0,0,0,0
-199.4,-199.4,-198.37,-199.27,-0.36517,12.939
-199.4,-198.92,-189.58,-0.5,0,0
-201.59,-0.282,3.5909,0,0,0
-382.83,-352.74,-360.32,-478.35,-95.095,33.936
-193.98,-199.4,-148.53,-280.93,-0.25851,37.728
-459.93,-551.28,-270.41,-312.53,-25.43,-537.68
-200.11,-225.74,-201.74,-209.59,-7.1938,-194.09
-488.23,-388.7,-525.29,-351.45,-375.76,-475.83
-200.91,-291.44,-196.92,-1.5,-1.652,23.553
-199.4,-200.21,-195.89,-1.6546,0,0
3.8221,4.1778,0,-0.00029301,0,26.133
3.608,-198.93,-155.19,-357.22,-2.1,26.669
-199.4,-199.4,-198.24,-0.5,-200.37,28.516
-196.08,-200.8,-354.53,-194.09,-195.91,26.92
-7.6186,-18.423,-0.86783,0,0,0
-21.48,0,0,0,0,0
-31.834,-34.482,-39.657,-3.7084,-6.4784,-411.79
-13.511,-8.1009,-29.202,-1.8332,-2.0869,-5.7609
-26.064,-62.389,-40.8,-0.6,0,0
-12.048,-27.377,-1.0235,-1.6,-4.3766,-46.958
-13.643,-28.581,-2.697,-2.0308,-1.1929,0
-46.193,-48,-23.38,-0.69634,-1.8765,-46.936
-226.7,-16.022,-5.6039,-0.32734,-1.4846,-194.53
-167.14,-203.19,-38.614,-38.851,-38.619,-164.07
-173.12,-245.52,-40.35,-40.085,-29.635,-540.66
-17.36,0,0,0,0,0
-175.94,-194.6,-36.415,-33.72,-36.507,-201.4
-37.127,-184.76,-26.834,-20.723,-27.454,-360.58
-20.229,0,0,0,0,0
-189.97,-52.725,-21.06,-19.272,-20.872,-203.03
-9.9361,-29.605,-6.7255,-6.9931,-6.9262,-204.13
-103.49,-1.4507,0.41692,0,0,0
-32.835,-203.95,-42.008,-20.139,-16.441,-200.8
-205.17,-40.45,-28.912,-28.722,-25.713,-161.63
-1.1,-13.85,-1.06,-1.0958,-5.3108,-0.18627
-137.62,-132.87,-20.244,-26.865,-24.721,-210.39
-199.62,-134.58,-17.804,-17.883,-10.86,-132.58
-265.01,-64.192,-3.7418,-0.862,0,0
-242.58,-76.727,-17.77,-13.028,-21.266,-165.62
-258.62,-201.1,-5.7091,-6.8215,-5.3868,-5.6556
-17.606,-201.44,-1.965,-3.738,-1.4,-1.4996
0,0,0,0,0,0
-64.41,-0.6,-0.69049,0,0,0
-27.918,-3.7549,-24.085,-0.242,-2.2498,0
-13.148,-39.88,-1.3941,-1.4575,-1.7177,0
-41.599,-4.2767,0,0,-1.5715,0
1.0995,0,0,0,0,0
-232.7,-20.568,-0.32,-1.6113,-1.5082,0
-72.475,-50.933,-9.9766,-2.8378,-3.6438,-17.953
-33.801,2.2452,-62.489,0.13268,-1.581,0
-250.03,-163.12,-24.003,-29.155,-28.977,-368.12
-219.37,-95.355,-35.197,-35.369,-25.398,-274.16
-40.087,-33.127,-3.9379,0,0,0
-42.316,-13.582,-8.3395,-9.2195,-8.4911,-11.164
-207.62,-242.55,-5.9703,-11.489,-12.163,-11.569
0,0,0,0,0,11.142
-202.78,-15.482,-1.4,-2.52,0,-0.0070292
-152.8,-63.414,-196.5,-0.22878,-1.2159,9.0517
-198.97,-1.1,1.08,0,0,0
-154.76,-33.416,-26.011,-23.06,-26.145,-360.6
-355.96,-114.67,-29.252,-28.566,-27.561,-216.65
-205.31,-4.5838,-3.9244,-8.5279,-4.3469,-200.82
-512.05,-162.97,-14.443,-19.398,-18.907,1.1531
-1.5166,-161.5,-7.1807,-3.2165,-1.8449,4.7392
-4.016,-8.7026,0,0,0,0
-2.3991,-3.1692,-3.0552,-4.3289,-3.3059,2.5082
-39.668,0,0,0,0,0
-1.6,-200.76,0,0,0,0
-2.1241,5.43,0,0,0,0
-34.689,0.6,0,0,0,0
-42.632,0,0,0,0,0
0,0,0,0,0,0
0,0,0.18,0,0,0
0.80777,1.0192,0,0,0,0
-21.093,0,0,0,0,0
0.4744,-6.3081,-13.394,0.027061,0,0.94788
5.77,0,0,0,-2.2,0
-6.797,-7.5059,-6.1208,-4.6885,-4.3807,-201.98
7.8637,0,0,-0.41453,0,0
-18.642,-34.131,0,0,0,0
-5.9692,-201.1,-1.4,-1.4156,-1.4,-2.4321
-172.22,-1.0886,0,0,0,0
0,0,0,0,0,0
0,0,0,0,0,0
-62.786,18.058,15.526,2.6999,1.8329,32.097
25.586,6.7372,0,0,0,0
-115.13,-112.21,-22.384,-19.702,-21.518,-799.17
-29.19,-201.92,-14.48,-14.293,-14.459,-199.98
-1.4239,-10.211,-0.2,-1.5365,-1.2,0
-198.66,-1.1,-1.4,-1.3781,-2.0965,12.864
-0.45126,-1.028,-0.41931,-0.25814,-3.7434,11.651
4.6098,0,0,0,0,0
-1,-0.5,-1.3427,-1.4,-1.4,7.4323
-186.31,-0.6,8.2611,3.7216,2.2257,0
-199.35,0,0,0,0,0
-12.282,-14.05,-1.3569,-1.3642,-4.6306,-200.54
-2.0343,0,0,0,0,-31.362
-160.27,-24.407,-10.888,-13.196,-9.2766,-162.39
-201.36,-32.666,-31.242,-9.1562,-11.518,-200.85
-47.742,-205.41,-1.8958,-3.7479,-2.7519,-5.7858
-31.538,-11.164,-52.433,-4.6377,-9.1029,-162.17
-30.227,-230.22,-28.258,-13.718,-11.097,-236.84
-10.878,-16.352,-80.192,-1.1781,-1.6518,-201.79
-47.686,-27.343,-41.121,-2.3836,-8.7812,-160.8
-2.4384,-30.855,-2.1542,-2.9454,-2.7867,-9.2523
-29.424,-8.2218,-5.683,-7.8816,-8.1955,-162.52
-25.268,-27.457,-0.3,-0.092684,-6.4238,0
-13.58,-7.1353,-10.419,-11.057,-7.8215,-208.39
-7.5073,-255.92,-33.469,-3.8479,-7.1277,-163.39
-16.497,0,0,0,0,0
-5.2454,-224.93,-5.9527,-5.6919,-8.0016,-202.62
-1.4672,-2.0736,0,0,0,0
-199.4,-0.1,-1.3033,0,0,0
-27.94,-36.311,-5.6252,-5.7459,-5.2424,-210.11
-11.471,-8.6164,-4.1866,-9.3779,-4.2767,-4.5971
-9.3987,-57.876,-5.9696,-5.4711,-5.4246,-244.94
-96.486,-40.942,-201,-12.719,-11.356,-12.071
-32.839,-3.1218,-5.3179,-4.23,-5.6573,-4.3297
-17.207,-1.564,-3.6297,-4.4941,-2.0802,-1.1297
-20.892,-25.915,-10.681,-8.9841,-11.603,-202.52
-1.6,-1.1247,-0.4,0,0,0
-18.711,-52.035,-2.6507,-1.5,-3.3834,-201.86
-33.728,-7.278,-0.2868,-1.9645,-0.81897,-0.87152
-9.1422,-1.607,0,0,0,0
-60.165,-15.634,-24.841,-5.4625,-6.0623,-200.9
-34.164,-15.329,-4.2137,-4.0365,-4.3555,-5.2242
-249.33,0.49201,0,0,0,0
-25.792,-60.422,-18.714,-1.0839,-4.1973,-2.7051
-27.94,-48.875,-4.3041,-5.1873,-5.2004,-3.3106
-0.22679,1.1126,0,0,0,0
-7.1984,-4.0497,-0.29122,-1.192,0,-0.85726
-5.8648,-9.7371,-6.5873,-5.9305,-5.6334,-7.3307
-13.761,-3.4924,-6.767,-7.1186,-6.6086,-204.66
-0.8,-8.8862,-0.012843,0,0,0
-27.053,-3.0966,-7.9678,-3.4834,-4.4718,-5.3784
-4.3214,-3.6603,-5.6117,-0.5476,-3.5648,-4.0185
-0.31891,0,0,0,0,0
-4.3675,-4.55,-2.1266,-2.672,-1.6992,1.6004
0,0,0,0,0,0
0,0,0,0,0,0
-42.916,-9.8391,-16.12,-14.553,-9.7499,-201.81
-27.149,-5.1252,-9.324,-6.1806,-5.9129,-197.32
-12.882,-59.498,-3.8466,-4.3626,-6.0094,-157.86
-6.8027,-5.0017,-4.9259,-4.8916,-4.3367,-0.48068
-1.6,-0.04038,-0.57749,-0.24066,-0.80057,4.7495
-0.32256,0.4686,-0.9,-1.3452,-1.8907,7.0397
-2.7461,-35.706,-1.0484,-1.9592,-2.1,-2.0176
0,0,0,0,0,0
-1.3,-4.423,-0.51651,-1.3,-1.4,0
-16.944,-0.010109,-0.4,-0.70328,-1.4,0.046377
-11.058,0,0,0,0,0
-18.002,-9.9415,-31.249,-1.3022,0,0
-3.4178,-0.51316,-0.024751,-1.3646,-1.4,0
0,0,-0.17373,0,0,0
-5.1794,-0.34019,-1.482,-1.3,-1.4,-1.0526
-17.683,-0.1,-4.9782,-0.9,-1.4,1.5534
-209.56,0,0,0,0,0
-5.8225,-0.1,-18.012,-0.98462,-0.51185,-0.77115
-1.6,-0.57467,0,0,0,0
0,0,0,0,0,0
-0.8,0,0,-1.2675,0,0
-6.6112,-1.1,0,0,0,0
-1.6,-2.1552,-0.95497,-1.4,-1.4,0
-0.582,-0.6,2.8649,0,0,0
-0.77946,0,0,0,0,0
0.070211,0,0,0,0,0
0,0,0,0,0,0
-21.8,-17.206,-27.903,-8.3673,-10.861,-157.09
-1.0163,-1.1,-1.3942,-2.4638,-2.1918,-196.67
-7.428,-0.76458,-40.906,-0.76722,-2.4765,-200.06
-0.892,-0.312,1.0506,-1.5,-1.4,15.078
-0.8,-1.1,-0.34624,3.5973,0,0
-0.6,-0.40446,5.9673,0,0,0
-0.6,-0.78828,2.9093,-1.4,-1.1919,19.156
-0.2857,-0.1,-0.28697,4.9638,0,0
-0.4,-0.26585,-1.1,-0.8,-1.7,11.644
-78.569,-86.164,-109.41,-30.204,-30.836,-315.35
-117.28,-113.19,-35.199,-37.43,-22.99,-41.119
-78.838,-119.76,-141.76,-82.369,-89.252,-492.58
-41.553,-56.546,-69.84,-40.869,-25.49,-370.95
-92.968,-49.737,-87.034,-41.084,-26.989,-539.37
-64.841,-87.547,-105.21,-74.411,-22.72,-766.91
-178.88,-118.14,-60.62,-47.505,-29.11,-636.42
-120.08,-86.517,-136.91,-60.869,-39.724,-539.54
-93.66,-95.711,-63.583,-47.537,-93.477,-612.94
-2.8565,-14.056,0,0,0,0
-53.837,0,0,0,0,0
-38.976,-2.3798,-3.5297,-4.9982,-4.5933,-200.1
-8.2169,-10.724,-8.297,-6.1803,-4.7873,-48.127
-35.465,-16.44,-56.49,-5.0889,-6.7464,-201.96
-49.834,-14.439,-23.205,-11.572,-13.087,-198.36
-31.018,-26.864,-40.458,-11.398,-13.784,-160.81
-27.077,-24.66,-24.14,-16.948,-13.077,-150.99
-36.322,-12.737,-21.583,-12.685,-12.838,-157.65
-36.418,-4.3509,-1.571,-1.0179,-1.727,-200.42
-1.1315,-1.5008,-1.7398,-1.4658,0,0
-93.014,-50.468,-27.849,-22.272,-23.767,-130.7
-86.177,-16.617,-27.812,-4.8773,-18.403,-135.45
-3.6053,-57.406,-4.2725,-4.507,-2.5579,-199.15
-17.824,-17.66,-17.298,-25.924,-9.6818,-191.54
-52.518,-40.847,-17.433,-10.435,-17.758,-83.42
-54.085,-92.736,-33.811,-11.298,-12.602,-198.83
-61.123,-42.353,-25.69,-27.702,-10.904,-569.42
-44.15,-25.09,-30.492,-23.32,-26.606,-103.09
-53.186,-53.992,-55.854,-51.349,-27.307,-298.12
-114.83,-124.03,-85.08,-104.54,-19.488,-268.36
-32.806,-42.063,-24.771,-24.88,-21.514,-39.844
-67.28,-57.239,-39.725,-21.617,-25.596,-36.748
-30.342,-23.577,-47.203,-20.846,-20.721,-14.817
-86.425,-52.028,-29.357,-40.561,-23.992,-39.492
-45.843,-41.738,-50.919,-31.193,-49.429,-99.221
-27.748,-46.639,-85.674,-12.065,-31.599,-50.391
-64.239,-43.028,-5.0033,-7.3829,-12.243,-8.622
-51.612,-8.9295,-38.435,-9.285,-9.7772,-9.4225
-14.988,-23.897,-30.897,-7.3784,-27.207,-194.14
-2.3307,-0.62187,-41.436,-3.5083,-0.70042,0.75385
-21.383,-5.7127,1.3971,-1.9752,-1.6255,11.177
-25.034,5.4309,0.24577,2.6005,-0.013859,2.1142
-10.77,-4.261,-19.076,-0.36985,-0.88137,-2.5691
0,-2.3262,-60.423,3.092,0,0
-14.604,-5.1662,-23.763,1.1661,-0.60673,11.296
-23.687,-26.913,-54.999,-20.178,-23.124,-356.44
-53.183,-1.7933,-3.6671,0,0,-195.45
-55.254,-26.832,-36.352,-40.94,-19.743,-230.48
-13.315,-6.9973,-14.863,-8.308,-14.714,0.43743
-0.27779,-2.2089,-0.81976,-3.6785,0,0
0.17889,-15.553,-6.5651,-1.779,-2.1738,8.4463
-1.147,-5.3829,-1.1485,-2.5316,-2.6619,5.7216
-12.554,3.0908,0,0,0,0
-7.0199,-0.3,-1.197,-0.79752,-1.3529,-5.0737
-29.242,-29.538,-41.361,-27.933,-17.49,-330.31
-57.794,-22.86,-15.081,-14.804,-14.574,-160.25
-41.759,-24.906,-17.4,-26.645,-12.37,-197.17
-3.7456,-4.2623,-3.6858,-4.6979,-3.9824,-1.72
-0.79725,-0.95746,0,0,-0.99701,0
-10.414,0,2.4013,0.50265,1.7739,2.2726
-11.146,-6.8631,-9.7909,-11.127,-8.671,-11.229
-9.5979,-6.1689,-19.818,-5.385,-6.0831,1.4517
-9.8631,1.8504,-5.9373,11.51,-3.664,-1.8963
-55.358,-6.173,-7.3783,-7.7854,-11.234,-158.94
-52.157,-38.106,-41.889,-13.287,-31.452,-334.15
-63.104,-18.433,-24.69,-11.852,-13.476,-81.095
-2.5683,0,0,0,0,0
4.5628,6.2135,0,0,0,32.439
16.055,0.78499,0,0,0,0
0.49814,0,0,0,0,0
12.301,26.026,27.745,11.895,5.171,28.519
20.657,8.2806,0,0,-0.16371,0
-57.199,-66.302,-13.141,-21.934,-20.397,-158.6
-17.851,-45.52,-14.188,-15.071,-16.242,-198.69
-24.824,-51.171,-23.411,-14.011,-19.642,-280.23
-1.2,-26.446,-0.80708,-1.4668,-0.71357,22.125
2.1521,0,-2.6134,0,0,0
-0.9,12.319,0,-0.49789,0,0
12.632,6.9165,4.5598,0.92866,0,0
16.948,0,0,0,0,0
-0.47714,-0.2276,1.9764,3.8508,-1.9154,0
-3.6489,-3.2198,-3.479,0,0,0
-4.1163,0.17401,0,0,0,0
-9.7138,-36.729,-87.529,-3.7611,2.025,-525.82
-18.184,-36.268,-19.126,-19.837,-17.786,-186.93
-6.0043,-5.3678,-2.9112,-0.59025,-1,-362.32
-27.884,-12.626,-19.681,-5.6392,-7.7099,-586.38
-12.874,-16.001,-75.251,-12.132,-12.385,-22.464
-2.0835,-8.0501,-1.6607,5.5019,0.61649,-382.87
-25.714,1.7009,1.0798,7.2859,-1.5081,-482.36
-35.988,-90.503,-32.337,-28.572,-32.156,-163.76
-86.612,-43.293,-25.3,-30.176,-28.986,-600.83
-3.9754,-0.4,-0.20598,0,0,0
-44.729,-31.223,-29.835,-27.394,-30.909,-492.12
-30.969,-77.358,-13.284,-28.832,-31.249,-279.91
-1.8717,1.0171,0,5.1325,0,0
-25.418,-106.56,-23.913,-24.609,-19.648,-307.14
-29.528,-12,-7.6997,-7.6565,-5.7898,-465.74
-4.5582,-37.182,-3.0141,-4.5039,-3.2784,-161.01
-17.444,-12.044,-16.511,-16.742,-16.794,-204.53
-23.195,-17.492,-22.704,-23.492,-22.524,-131.12
-18.598,-77.349,-5.2243,-2.9416,-1.9925,-29.543
-31.857,-36.993,-20.912,-18.956,-14.188,-196.33
-15.085,-11.443,-7.2956,-14.272,-13.921,-104.79
-0.9002,-0.37411,0.92272,-0.84592,-1.6447,0
-16.858,-29.392,-17.115,-15.051,-13.134,-271.94
-11.231,-8.9367,-10.366,-10.611,-9.9287,-161.73
-5.1239,-1.3105,-0.96,-1.146,-2.0898,-4.6693
-9.8099,-1.7781,-5.2206,-4.5752,-4.7993,-200.82
0,1.4452,-1.7495,0,0.79949,1.124
-17.067,-2.4536,-1.134,-4.334,-2.3717,-4.3457
-5.213,-3.6476,-0.097747,-0.9,-4.341,-0.19212
-1.8166,-14.088,-2.2692,-0.14702,0,0
-14.577,-2.5256,-4.7124,-1.0311,0,-4.7825
-8.2743,-5.1583,-6.1033,-3.8281,-3.4076,-7.1448
-42.999,-2.9672,-4.2524,-2.6452,-2.7828,6.1811
-1.0662,0.91701,1.7027,4.6555,-0.88912,3.0264
-35.566,-52.328,-21.592,-27.368,-26.853,-497.08
-35.402,-42.121,-33.179,-31.582,-12.872,-593.69
2.7618,1.4508,0.944,0,-0.85166,9.2761
-19.965,-21.735,-20.861,-19.937,-19.554,-20.487
-54.942,-12.165,-157.67,-7.3772,-11.417,-13.142
6.3266,4.3023,0,0,4.7176,4.8397
-5.6792,-3.7308,-2.7215,-4.4789,0,-4.4022
9.7634,8.8827,10.591,2.8513,1.8494,13.634
2.3737,2.7238,0,0,0.43302,8.9235
-22.866,-16.839,-20.956,-21.341,-21.763,-261.17
-49.669,-31.196,-16.177,-23.768,-20.841,-615.23
-4.5713,-0.4,-0.4723,-0.61998,-3.1922,5.4285
-8.3242,-8.1189,-12.916,-10.866,-13.614,1.5416
-0.41574,-1.1654,-5.9062,-4.6603,-5.0176,8.9585
-2.047,0,0,0,0,0
-4.5652,-1.1261,-2.1628,-1.067,-1.9963,3.4875
-3.3643,-0.33994,0,0,0,0
-0.76,-7.1288,-1.2,-0.84457,2.217,0
-2.2006,-1.6162,0,0,0,0
-0.20758,7.3608,0,3.5774,0,0
-11.875,2.7843,0,-0.3,0,0
0,0,0,0,0,0
2.8066,0,0,0,0,0
10.67,0,0,0.64837,-1,0
-2.7244,-3.4446,-0.77281,0,0,0
1.8238,10.577,0.61789,1.6954,0.68358,5.2291
8.8415,0,0,0,0,0
-3.3953,-2.1158,-3.0238,-4.1169,-1.2,-200.66
13.27,20.394,5.6653,2.8418,2.5295,-174.52
-10.15,9.9924,0,0.11625,0,0
-1.9125,-1.341,-1.2,0,0,0
3.6471,0,0,-0.30298,0,0
0.8,0,0,0,0,0
-1.1508,0,0,0,0,0
31.172,28.896,25.327,18.269,9.181,36.809
35.909,7.8925,5.2288,4.3389,7.3384,13.906
-17.996,-17.894,-17.336,-16.355,-9.5402,-490.65
-13.689,-13.311,-13.383,-12.35,-13.626,-353.44
-1.099,-1.6637,-2.448,-0.58718,0,0
-1.404,-7.8157,-3.6627,-1.9077,-1.2,2.7961
5.5267,0,0,0,0,0
2.1849,0,0,-0.75171,0,0
14.422,0,0,0,0,0.010012
-0.6,17.22,4.4411,0,0.076064,2.8878
1.0339,0,0,0,0,0
-0.6,-3.4625,4.7497,-0.01903,-3.3051,-1.1553
-5.4317,1.3891,-8.6694,0,0.51756,-0.59909
-1.6081,-14.7,1.894,1.6334,4.934,-435.52
-11.918,-18.826,-33.497,-11.849,-11.056,-205.37
-2.038,4.1827,-40.776,-1.5252,-1.0298,-160.27
-1.0323,-1.2592,-7.2136,-2.6135,7.3843,-550.61
-5.3919,-5.8791,-7.1521,-5.2747,0.79788,-548.92
-1.8849,-3.1858,-1.1099,-0.89703,1.0674,-198.09
1.8882,-28.719,12.943,-0.82368,-3.2365,-406.15
-4.8218,-2.9512,-4.2875,-6.0963,-4.9668,-203.96
-4.1993,-10.859,-1.0594,1.5082,-2.0568,-310.6
-3.5587,-8.9081,5.9729,-2.9241,-2.309,-200.53
-9.3809,-11.604,-168.37,-9.7,-8.0609,-75.65
-19.883,1.44,-2.7148,0.51157,0.30373,-155.89
-28.045,-0.27043,0.89651,-1,-2.2653,-200.22
-17.689,-7.5279,-8.0819,-6.0417,-6.0814,-6.4166
6.9976,0,0,0,0,0
-1.6356,4.6033,-32.096,-0.96843,-1.7659,-3.324
-7.8172,-4.0265,0.98831,-6.2074,-6.5188,-6.8853
-58.643,-6.7759,-6.6704,-4.1187,-6.3151,-204.98
-8.3988,5.1198,-5.1517,-6.4402,-5.6625,-201.43
-12.632,-7.625,-38.427,-6.0723,-7.732,-223.16
0.37933,-3.4669,-3.2264,-3.7943,-3.4291,-4.2672
-5.7918,-11.94,8.9834,-3.8278,-4.2959,-126.05
-8.4756,-5.1349,-1.8833,-1.0628,-6.7553,-160.29
-3.4543,-0.9,-1.0651,-1.1794,-0.549,-1.7197
-1.3815,-46.783,-1.4127,-1.8849,-2.3275,-1.6814
-14.947,-11.785,1.2193,-3.0895,-4.3093,-3.8315
-1.8771,4.0733,0,0,0,0
-8.5296,1.5139,-1.9534,-2.3603,-3.6667,-174.67
-13.766,-5.9661,-4.3469,-4.4528,0.11855,-3.6801
-1.8488,-0.34566,-0.86,-1.1013,-2.4506,-6.3465
2.0619,5.2199,12.653,3.6828,2.4289,-11.016
-6.3553,-26.646,-5.0572,1.3729,-4.4651,-10.161
-0.55685,-0.17049,1.7557,-0.96907,-1.1379,-1.0385
-0.027104,-5.621,-1.0064,-1.9117,-1.0396,3.3352
-6.7454,0.78518,-3.288,-3.8351,-4.4409,-6.8441
-6.8663,0.56842,-6.9758,-77.544,-191.69,-89.278
-8.2951,0.79215,-0.45806,1.4852,-1.6779,-198.65
-9.8213,-3.4193,-8.6259,-101.99,-7.3752,-7.8688
-0.80737,9.0516,4.5959,3.1478,3.9031,-4.9647
7.3512,0,0.34604,0,2.4878,0
-2.3867,-5.2882,-1.5063,0.3146,-1.9048,3.0822
-1.191,4.2968,0,0,0,0
5.0389,0,0,0,-1.7647,0
-6.6136,-7.2708,-5.6783,-3.4788,-5.3333,-362.69
-1.0741,-29.341,-5.3875,-5.9271,-1.1456,-127.58
-6.5712,-7.8848,-3.6327,2.2044,-2.7616,-159.91
-2.2861,1.7315,-1.3658,2.9141,-1.6254,8.6784
-1.5885,1.0737,2.5864,-0.96003,6.5852,1.0221
0.18195,6.9406,3.6423,0,3.346,-0.87103
-1.1074,-0.71545,-0.99548,-1.1309,-0.38376,13.041
-0.58056,4.6879,0,0,-0.07715,0
0.74694,8.1492,0,-0.9183,0,0
-2.7942,-1.669,-4.8039,-0.9,-1.4786,-198.18
0,0,0,0,0,0
-1.3364,-1.9817,1.6269,0,0,0
-0.2,-17.548,0.95414,-1.2,1.1456,0
2.0382,0,0,0,0,0
6.5103,0,0,0,0,0
-0.97252,0.90089,0,0,-1.1556,2.6078
-0.23906,-1.4405,1.2768,0,0,0
-0.73963,-13.122,1.1174,8.0917,0,-0.25312
-0.15106,-0.34036,-0.64528,-0.59884,-1.2,-1.6591
-0.29079,4.163,0,0,0,0
-1.7352,0,0,0,0,0
-2.1213,-0.09608,-1.0075,-1.2,-1.2,-1.0347
-0.16438,-0.68515,0.20733,0,0,0
-0.59492,0.43942,0,0,0,0
-0.8,-0.9,0.23803,0,0,0
-0.22743,0,0,0,0,0
0.15963,0,0,0,0,0
-7.4802,-34.778,-6.0502,-0.69522,-6.5209,-385.83
6.4226,0,0,-1.0546,0,0
-2.8526,10.388,3.6065,0.57228,-1.8501,-194.36
0.61768,1.9531,-0.7,-1.468,0.46554,15.107
-0.86439,-0.4,9.7891,0,0,0
-0.61172,-0.1,11.378,0,0,0
-0.6,-0.9,1.4766,3.4825,-1.2,24.185
14.15,0,0,3.0135,0,0
7.0834,22.804,4.3166,1.8433,-0.23206,0
-5.5506,-6.7158,-5.1541,-8.565,-5.3593,-202.28
-7.9677,-6.2277,-13.738,-17.265,-6.9801,-199.97
-18.381,-13.955,-21.035,-15.109,-18.909,-592.99
-11.434,-7.8514,-8.3988,-9.7349,-9.4814,-607.3
-7.1993,-6.331,-9.4882,-2.6767,-7.2721,-197.66
-5.564,-14.852,-1.3788,-8.6743,-8.6588,-830.44
-15.536,-11.29,-13.962,-10.547,-9.0499,-361.58
-13.782,-12.952,-13.99,-14.156,-15.977,-683.22
-7.9002,-7.141,-1.4532,-8.3216,-1.0514,-397.59
0.41308,0,0,0,0,0
-2.6393,-3.3659,4.0293,0,0,0
-4.0669,0.16229,-1.8427,-0.32054,-1.1335,-0.23347
-1.0352,-1.115,-1.0247,-0.66074,-1.8427,-162.39
7.9618,4.557,0.54116,0.92922,-0.89,-8.5257
-1.8433,3.2255,-1.9114,-1.5911,-1.547,-11.227
-5.4034,-7.0427,-4.269,-3.3711,-4.8359,-205.46
-2.0588,-6.0058,-2.3432,-1.3532,-4.675,-214.29
0.88873,4.5135,0.39826,0.78591,0.14559,0.62073
-1.817,-14.212,1.0688,0,0,0
2.1187,0,-0.76027,0,0,0
-2.3472,-2.9594,-0.51913,-1.0256,-1.0394,-200.01
-2.0413,-6.0259,-4.2978,-0.84322,-4.3542,-166.36
0,0,0,0,0,1.4238
-4.308,-2.0457,-3.3869,-2.5652,-4.0031,-230.63
-5.4579,-5.5349,-4.5728,-3.8142,-5.6268,-100.85
-0.60986,-0.7141,-0.29937,0.8402,0,0
-4.833,-7.6331,-3.1693,-4.1398,-3.4991,-157.46
-12.033,-6.8995,-3.6273,-8.7238,-5.3304,-158.68
-4.2772,-14.986,-10.932,-11.475,-10.108,-154.92
-11.864,-13.326,-10.369,-13.427,-8.1567,-87.384
-5.2888,-7.4646,-4.6145,-0.90115,-5.1971,-15.782
-3.5363,-3.403,-3.818,-5.4903,-4.7394,-9.032
-2.8648,0.02614,-0.14139,0.20567,-2.2179,-2.5935
-8.6753,-7.0318,-9.0721,-10.666,-5.402,-58.829
-7.2308,-4.3925,-10.153,-0.4915,-2.3066,-2.7849
-3.6313,-2.9423,-0.84802,-0.16341,-2.1787,-3.4458
-8.946,0,0,0,0,0
-1.9113,-4.9499,0.25376,-0.32963,-1.5505,0
3.1104,1.0372,3.643,-0.09659,-2.5669,-190.51
-2.2007,0,0,0,-0.12409,0
10.597,7.368,10.036,3.0639,-2.3467,13.611
13.406,-1.5679,8.5948,4.8488,2.7884,3.9365
2.6581,0,0,0,0,0
-2.0365,1.8476,0,0.52645,-0.69049,9.0964
17.734,0,1.7441,1.4151,5.0457,0
-4.7798,-4.0144,-4.1735,-4.138,-3.2608,-155.56
-2.9668,-2.3446,-1.0953,-0.62198,-1.8552,-192.2
-1.1495,-8.2281,-7.1734,-4.748,-2.5787,-148.02
-0.37719,-2.7507,-2.1668,-1.8497,-1.3834,5.2089
4.8126,0,0,0,0,1.4705
-3.8463,0,7.3693,0,0,2.3152
2.6904,-0.38059,1.1015,0,-1.5299,0
1.8086,0,0,0,0,0.98587
-3.6881,-0.43722,-0.31286,4.3707,0,0
-4.8994,-3.3621,-1.9982,-4.6948,-2.7719,-361.83
-2.0266,-3.5853,-3.2696,-2.2657,-5.8427,-483.14
-2.3168,-0.30916,-2.9225,1.1271,-0.68429,-350.3
-0.55671,4.6894,0,0,0,0
6.0035,1,0,0,0,0
6.1075,6.4793,14.696,1.9641,2.8485,5.0036
3.7507,0,0,0,0,0
-2.6341,0,-0.85652,0,0,4.4198
13.081,6.8391,6.5087,0,0.45271,1.9954
-0.72672,-1.4343,0.49178,0,0,0
2.3281,0.57581,-0.95048,-2.384,-7.9631,-475.92
3.21,0.60068,0,-1.2429,-0.086694,-293.86
4.0399,0,0,0,0,0
23.728,0,0,3.2081,1.8429,0
9.2301,0,0,0,0,0
1.4794,0,0,0,0,0
28.074,7.295,7.7336,0.3,-0.012283,0
9.5523,0,0,0,0,0
-2.2193,-5.1568,-5.4045,-5.5804,-9.7459,-384.07
-1.3771,-0.43619,-0.067569,1.9487,0,0
-1.3413,-0.51128,-1.1252,8.5396,-1.044,-194.61
13.8,0,0,0,0,0
2.7898,0,0,0,-1.8,0
11.665,0,0,-0.05361,-4.6326,0
8.4705,0,0,-0.772,0,0
0.62818,0,0,0,0,0
16.036,1.3564,2.928,0,-0.8,7.4343
-3.1639,-1.2875,-1.0819,0,0,0
21.282,7.1271,0,4.4536,-1.8186,0
25.748,24.875,19.75,23.031,16.578,-623.61
-1.2562,-4.0831,-0.40771,-1.776,0.64979,-13.891
24.475,14.246,21.736,10.456,6.2947,-648.04
21.676,22.486,33.182,20.786,13.444,-321.56
-2.0463,0,4.2387,1.8893,1.3367,0
12.712,13.023,25.763,14.694,10.461,-424.1
28.289,23.953,35.056,21.867,13.588,-615.31
-5.7337,-9.3923,-5.7785,-5.7079,-5.5741,-201
-11.397,0.30568,-9.6611,-10.194,-7.6911,-245.25
5.0356,0,0,0,0,0
-5.3648,-4.7429,-5.3797,-4.7843,-5.3988,-161.22
4.5768,22.791,-11.177,-11.691,-11.475,-374.35
28.172,19.11,18.805,15.6,13.345,13.859
-0.19972,-2.5492,1.2075,0,0.94384,0
16.203,31.809,19.818,19.069,10.747,-441.23
27.676,30.077,26.866,18.216,11.872,-463.18
-0.79818,-0.14667,-0.2,1.2858,0,0
-0.096343,-1.306,-2.6613,-1.4306,-1.7266,-200.82
-0.57021,-1.9765,0,0,0,0
-2.4454,-2.7225,-2.638,0.013328,-3.1811,-3.5527
-2.9523,-0.14201,-1,-0.39013,-0.06069,0
0.060507,-0.3634,0,0,0,0
-1.9739,-1.2504,-0.85603,-0.41753,-0.43409,-1.2093
0.13796,0,0,0,0,0
0.24457,0,0,0,0,0
-4.0059,-2.5202,0,0,0,0
18.356,20.511,25.429,0,9.8716,-134.03
23.139,22.542,27.968,23.359,16.394,22.793
-0.27486,-3.7036,-0.025175,0,0,0
24.553,30.715,7.3231,7.9668,2.678,17.965
24.945,24.485,34.348,16.059,9.4757,23.776
-4.8133,3.1895,0.4846,0,0,0
17.159,9.6061,0,0,8.5038,0
2.5679,5.3092,10.552,4.0504,14.731,5.9802
-3.8225,-2.058,1.627,-1.98,-1.7123,-201
-16.843,-14.536,-13.161,-12.921,-7.1743,-208.27
27.414,23.48,24.532,20.559,15.121,31.837
-2.8836,-1.0543,-0.88688,-1,-1.1276,-1.5675
23.276,26.744,26.46,16.605,11.377,31.571
34.319,30.006,28.038,20.122,10.028,30.864
-3.4035,-2.1782,-1.2848,-1,-1,-0.80322
30.453,26.285,27.114,13.426,9.8599,24.521
21.995,7.0634,12.505,2.9136,2.9997,10.28
-1.453,-0.32849,-1.1048,-1,-1.3641,-195.23
-3.0189,-2.0574,-1.98,-2.1537,-2.1225,-198.05
-1.7281,0,0,0,0,2.3564
-5.3817,-2.4686,-1.9,-1.0748,-1,1.4694
6.6027,0,0,0,0,0
15.952,0,0,0,-0.55284,0
-0.4,-0.38284,-0.2823,-0.7,-0.51501,1.9012
1.9993,0,0,0,0,0
3.2486,0,0,3.0105,0,0
0.95842,0,0,0,0,0
12.449,19.654,16.645,11.333,6.4974,-468.91
28.38,24.828,27.046,18.216,11.478,-366.32
3.317,0,0,-0.38636,0,0
25.633,0,1.8433,0,0,0
28.085,0,0,0,0,0
0,0,0,0,0,0
24.698,2.479,0,0.3,0.23878,2.5129
17.533,0,0,3.9363,1.9071,0
2.3199,0,0,0,0,0
26.201,28.975,31.521,19.537,14.347,-402.5
32.498,24.52,26.565,18.169,12.488,4.0492
2.7375,0,0,0,0,0
37.902,13.792,24.58,7.1698,8.7381,21.09
2.2062,35.397,3.6015,4.6549,10.948,0
0,0,0,0,0,0
33.221,26.685,37.504,10.442,8.5241,20.99
36.2,0,0,0,0,0
-2.9352,-2.2953,-0.73936,3.5276,-2.0338,-200.15
2.0119,0,0,0,0,0
-0.18945,8.4651,0,0,0,0
7.9193,0,0,0,0,0
0,0,0,0,0,0
3.3524,0,0,0,0,0
0.011224,0,0,0,0.18526,2.9765
12.129,0,0,0,0,0
1.464,0,0,2.6617,0,0
-0.031701,13.762,2.2203,1.4444,2.3186,0
16.344,10.425,0,0.99979,4.9849,0
14.326,28.781,13.527,13.481,11.602,-786.26
0.55585,6.5868,10.668,6.401,4.2606,-351.89
22.862,4.4947,0,3.3952,1.3073,-153.33
16.009,25.796,18.793,17.939,11.739,-697.62
11.399,21.122,8.7334,6.0484,4.3845,-151.76
-0.1,1.2815,5.5554,18.565,0,0
15.212,22.859,15.885,16.022,12.424,-486.11
2.3915,13.086,2.397,1.7382,0.734,0
8.4479,18.184,7.2493,3.9751,5.0413,-347.44
13.278,0,4.683,1.3452,3.0241,1.9133
-1.7013,8.9547,0.21722,-1.6293,1.4209,-1.9663
8.6365,18.766,3.6403,3.3852,6.7289,-129.66
24.344,2.154,1.6166,8.5107,6.1628,3.4744
-1.0088,9.8121,0,3.549,2.0455,0
23.254,13.841,11.952,9.1237,7.1023,-222.82
26.352,6.341,0,-0.2,2.1398,-323.05
-0.43143,7.5369,0,0,0,-200.72
0.40069,12.583,-0.98566,0.66325,0,-1
5.8097,0,11.964,2.2254,-1.8221,2.0611
0.68493,3.9488,4.6451,3.8997,2.9643,2.1845
14.111,5.6724,5.319,2.1687,0,-1.4463
20.601,6.7477,8.4298,5.0789,0.60459,2.2726
9.2008,17.984,8.4868,8.5544,6.4765,-38.764
17.873,0,0,0,0,0
12.214,5.3085,3.2005,9.024,6.9756,-297.18
-0.41065,7.9557,11.715,5.1291,0.65645,-4.7458
1.9074,13.361,15.158,2.0548,2.3534,-3.3049
28.497,11.508,10.309,13.182,12.702,11.88
1.6659,7.2722,2.2855,0.86801,-0.25836,1.9748
17.972,0,4.3171,3.9687,0.44756,1.5633
9.5659,22.701,17.751,10.143,6.7404,3.6069
25.294,3.1351,2.1203,0.41766,0.38812,5.4826
16.028,0,2.3438,0,0,2.2261
16.821,22.207,10.81,8.5613,2.7343,5.0152
0.56251,10.812,0,2.8802,1.3372,-1.703
6.8729,17.154,6.8501,8.1132,5.0989,-200.18
10.679,26.109,3.1866,1.0344,1.3679,6.0989
2.9281,7.7126,0,0.91342,0.47374,-7.9868
6.8391,21.248,3.1477,8.3716,5.9459,1.9209
22.53,4.1986,15.266,5.7971,5.1062,9.8796
2.4879,1.8105,0,0,0,0
-0.68184,14.411,5.1936,4.3712,0,0
-0.4,12.89,0,0,0,0
3.822,5.7049,8.1858,5.1179,3.7278,-353.84
2.0467,1.3937,11.431,-1,-0.96962,-201.71
10.666,12.548,9.6586,10.667,6.5963,-252.14
8.2556,21.444,8.8342,9.8999,8.3908,8.4322
26.964,0,4.6993,1.6168,0,5.1284
24.204,19.713,12.308,13.63,2.5796,14.491
7.0811,-0.52216,4.711,5.723,4.7993,16.508
14.382,1.4769,0,0,0,0
0,0,12.657,0,0,0
11.997,1.3047,4.6882,0,3.0395,0
16.552,0,0,2.9842,0,0
26.401,0,12.852,4.0776,6.6979,5.1672
4.7937,9.6417,0,0,-2,0
-0.22,10.729,0,0,0,0
-0.2,19.421,0,3.2376,0,2.8444
15.586,0,0,0,-2.1555,0
10.944,0,0,0,0,0
17.452,5.4,2.7765,0,1.9348,3.4531
11.648,0,0,0,0,0
3.4369,0,0,14.423,4.3515,-283.66
23.727,0,0,6.9925,3.5917,-196.57
6.9131,0,0,0,0,-0.3008
11.192,0,0,0,0,0
4.9791,0,0,0,0,0
-0.22526,10.447,0,0,0,0
6.3552,0,0,0,0,0
6.8378,0,0,0,0,0
16,18.255,9.2978,10.698,8.1376,-436.2
25.799,0,0,4.0421,0,0
25.011,19.134,16.088,9.738,7.7969,-129.77
5.7144,8.5597,7.711,4.477,0,20.055
10.389,0.64175,0,0,0,0
2.2233,26.493,3.4039,4.3811,0,11.647
5.9224,2.2838,6.5401,4.6129,-0.46726,19.283
-0.13628,7.4428,2.0268,0,1.5577,0
4.4826,29.273,3.4855,0,0,0
