-442.61,-380.56,-480.41,-35.471,-391.57,-395.71
-183.68,-447.07,-319.98,-244.15,-37.782,-432.65
-529.77,-749.31,-475.08,-353.47,-25.342,-814.18
-752.34,-534.37,-686.51,-503.3,-83.465,-504.59
-645.43,-681.43,-463.1,-514.85,-299.17,-546.01
-628.25,-559.95,-781.79,-652.01,-166.59,-967.18
-620.19,-656.2,-336.07,-307.31,-430.4,-310.11
-527.78,-412.41,-673.28,-213.71,-444.08,-914.17
-539.16,-547.11,-482.91,-210.01,-619.2,-683.57
-9.5928,-54.505,-11.134,-18.153,-12.004,-11.421
-13.331,-29.053,-14.33,-13.684,-58.004,-11.549
-219.47,-65.083,-199.21,-46.538,-25.629,-158.63
-179.73,-199.9,-185.33,-230.85,-45.599,-183.86
-357.26,-378.36,-221.85,-284.09,-61.866,-240.29
-577.02,-663.95,-118.1,-399.68,-491.65,-430.15
-203.95,-216.15,-245.15,-147.52,-59.215,-255.63
-712.41,-621.85,-637.98,-755.7,-199.27,-586.53
-572.86,-398.78,-599.54,-275.33,-369.04,-407.62
-216.65,-78.472,-99.542,-34.982,-27.336,-160.63
-200.81,-25.794,-31.585,-21.96,-220.84,-195.87
-293.84,-257.68,-331.29,-249.34,-32.901,-299.08
-290.07,-494.31,-230.05,-271.48,-177.8,-207.28
-226.38,-222.15,-52.82,-45.382,-36.457,-156.63
-526.21,-331.27,-475.39,-241.5,-55.218,-289.04
-860.36,-329.16,-551.17,-242.42,-51.634,-193.32
-102.85,-391.38,-199.25,-202.2,-39.85,-196.54
-524.33,-428.02,-361.77,-348.81,-90.52,-328.49
-493.32,-629.73,-376.34,-210.26,-57.349,-529.21
-577.55,-579.74,-517.03,-515.49,-98.561,-476.24
-513.82,-589.7,-438.36,-221.33,-569.1,-489.16
-584.75,-147.74,-138.28,-110.29,-34.313,-111.52
-556.48,-599.74,-466.11,-346.14,-408.04,-280.21
-608.15,-388.84,-266.5,-68.685,-205.65,-163.24
-467.91,-245.03,-350.55,-304.87,-163.43,-250.87
-417.98,-472.07,-499.4,-405.28,-345.36,-35.565
-201.92,-423.49,-277.63,-311.75,-264.82,-56.695
-438.8,-305.22,-297.4,-303.09,-162.51,-297.82
-287.35,-582.78,-394.42,-293.85,-83.045,-205.44
-538.62,-334.17,-385.58,-318.78,-332.03,-170.16
-200.38,-49.84,-208.08,-26.987,-29.438,-67.385
-576.76,-669.36,-708.19,-287.25,-206.34,-155.6
-356.17,-528.91,-538.68,-519.25,-234.47,3.3923
-201.22,-208.81,-230.11,-134.9,-30.81,-11.552
-352.88,-393,-350.97,-375.23,-339.94,-144.16
-492.09,-196.86,-239.79,-198.49,-214.99,-24.293
-409.91,-207.94,-391.93,-86.677,-230.67,-497.83
-70.42,-275.48,-244.31,-40.802,-63.443,-94.847
-611.95,-270.74,-305.43,-258.01,-46.796,-127.8
-418.52,-222.12,-285.28,-213.62,-235.53,-30.13
-497.05,-394.48,-69.258,-250.78,-244.56,-268.43
-542.65,-294.61,-388.69,-76.726,-196.12,-184.22
-206.17,-446.04,-265.31,-153.28,-32.691,-192.87
-200.44,-215.42,-7.9864,-1.0361,-12.846,1.3937
-200.7,-291.26,-285.32,-208.12,-7.4215,-152.14
-466.8,-284.39,-273.24,-48.607,-236.04,-308.04
-208.11,-199.2,-197.82,-239.11,-237.66,-125.91
-353.8,-390.26,-284.54,-499.14,-53.361,-181.03
-337.48,-125.95,-115.48,-35.177,-138.64,-3.6617
-153.83,-358.99,-198.08,-218.23,-201.13,-3.9931
-208.31,-157.55,-157.43,-442.63,-146.14,-7.6359
-344.78,-174.41,-124.46,-233.48,-175.03,-7.8052
-359.81,-440.57,-467.42,-367.64,-373.87,3.9685
-247.51,-488.68,-264.68,-100.08,-350.62,1.5029
-201.17,-200.34,-200,-81.844,-39.845,-118.94
-455.46,-494.26,-723.96,-528.43,-464.84,-468.99
-425.37,-330.74,-372.94,-450.22,-482.06,-321.85
-377.66,-215.47,-14.431,-5.876,-11.069,19.749
-354.21,-353.82,-394.67,-285.06,-116.32,-298.95
-197.61,-167.54,-127.23,-181.41,-3.7335,24.745
-15.579,-156.28,-199.27,-19.157,-37.301,12.133
-473.74,-625,-840.37,-306.23,-282.98,28.637
-584.55,-619.53,-347.3,-265.79,-128.47,19.798
-502.01,-520.17,-265.71,-39.785,-205.68,-764.4
-329.27,-377.33,-292.76,-276.51,-54.819,-360.22
-427.48,-456.49,-353.68,-353.97,-101.75,-573.9
-429.4,-264.15,-365.15,-209.86,-205.77,19.229
-197.12,-194.23,-212.4,-236.12,-26.573,-182.33
-291,-592.03,-128.77,-156.39,-144.13,19.572
-260.87,-324.45,-400.14,-271.17,-463.23,23.122
-644.36,-348.92,-153.02,-213.29,-205.15,30.314
-412.47,-216.84,-145.37,-144.25,1.0223,28.1
-32.034,-214.38,-73.293,-9.2088,-14.045,-212.08
-26.294,-14.054,-12.504,-11.434,-11.886,-25.628
-188.31,-63.163,-125.81,-132.31,-14.739,-250.9
-63.037,-17.971,-20.45,-12.976,-12.329,-200.62
-0.48266,-18.868,-33.187,-4.27,-3.1155,-12.769
-93.858,-60.611,-86.544,-97.202,-46.103,-227.61
-51.169,-198.23,-37.483,-23.421,-20.544,-402.44
-183.56,-51.799,-10.27,-9.4645,-11.156,-436.45
-90.82,-34.992,-56.371,-22.965,-17.266,-200.66
-318.52,-98.571,-34.981,-30.092,-35.25,-371.73
-177.9,-120.21,-36.927,-34.922,-33.687,-265.97
-280.08,-10.189,-1.1599,-0.49282,-3.0705,-1.6707
-227.41,-159.51,-25.769,-50.775,-32.449,-822.96
-439.33,-149.15,-23.92,-35.834,-36.077,-506.96
-15.938,-32.609,-3.308,-2.9443,-3.0956,-202.74
-69.291,-36.748,-36.719,-30.4,-36.143,-138.23
-176.83,-234.82,-18.676,-18.274,-14.963,-200.96
-60.702,-266.97,-49.396,-42.13,-30.532,-369
-135.49,-181.58,-48.221,-46.078,-29.827,-72.735
-115.34,-98.623,-38.792,-34.41,-31.095,-343.32
-18.59,-13.362,-15.508,-12.828,-15.728,-93.54
-99.946,-67.418,-38.794,-36.231,-38.66,-57.57
-313.34,-318.05,-35.114,-37.08,-36.797,-328.42
-14.458,-12.238,-199.02,-13.13,-15.962,-146.11
-311.76,-168.34,-36.089,-36.997,-38.9,-168.87
-123.45,-81.861,-50.81,-32.869,-33.423,-106.45
-119.6,-100.66,-78.692,-56.21,-29.69,-82.976
-26.89,-245.21,-15.965,-25.521,-13.549,-208.75
-21.868,-16.371,-49.687,-9.1302,-10.047,-50.839
-92.622,-64.852,-69.098,-42.465,-39.565,-225.19
-15.975,-25.637,-17.123,-13.879,-13.723,-15.718
-22.629,-16.495,-9.3713,-10.039,-5.2158,-17.271
-47.216,-12.496,-9.3824,-5.2188,-9.074,-10.831
-30.21,-30.396,-15.057,-16.011,-4.8837,-12.533
-20.917,-23.862,-33.875,-2.5205,-8.7777,-35.674
-9.7277,-65.973,-10.477,-23.298,-9.0603,-22.9
-322.37,-140.3,-36.517,-34.658,-38.093,-830.79
-186.35,-470.54,-35.524,-37.105,-29.149,-416.3
-28.963,-43.638,-4.5898,-3.9193,-1.688,-5.6802
-298.92,-187.28,-27.578,-28.659,-27.403,-28.447
-215.38,-124.82,-27.113,-27.028,-25.704,-18.899
-28.969,-1.3588,-1.9878,-2.0175,0,0
-30.405,-218.54,-24.397,-25.266,-22.881,-23.34
-5.7248,1.1955,0,-1.0387,0,-4.2436
-202.32,-7.3129,-8.4374,-7.5048,-5.2229,-2.14
-394.27,-70.322,-38.892,-38.29,-37.688,-699.14
-84.29,-165.57,-35.498,-45.608,-37.607,-345.21
-18.861,-61.845,-19.552,-15.47,-19.849,-24.719
-262.72,-110.87,-38.165,-38.486,-39.479,-72.929
-405.02,-96.837,-37.172,-57.897,-34.288,-59.87
-10.819,-15.343,-5.2865,-8.8263,-4.1082,-16.585
-276.08,-208.36,-49.145,-39.828,-37.577,-74.342
-3.0611,-20.376,-4.5491,-5.374,-3.4311,-4.6841
-23.582,-171.71,-13.88,-12.991,-22.16,-197.1
-33.461,-10.185,-2.2913,-2.7475,-1.483,9.3855
-34.929,-5.5195,-6.4033,-1.851,-2.9929,3.6331
-6.0467,-79.376,-7.3329,-2.662,-1.5352,3.8233
-15.626,-6.922,-13.297,-5.3393,-3.4298,-1.1459
-5.7705,0,0,0,0,4.608
-214.15,-0.29612,-0.22556,-3.3156,-1.939,-1.0919
-198.21,-200.04,-136.45,-207.44,-8.7679,-11.699
-4.7472,-11.273,-87.511,0.51762,-3.4294,-5.9285
-5.1812,0.64685,-2.2744,-2.7971,-1.7782,-9.5964
-149.18,-177.66,-33.267,-33.824,-33.658,-591.9
-36.557,-46.962,-39.692,-8.8117,-10.79,-162.02
-7.6909,-23.326,-8.0651,-1.3964,-7.3055,-1.7442
-12.787,-16.358,-11.825,-9.2282,-7.3713,-1.5157
-130.3,-128.01,-11.162,-10.871,-11.054,-4.1894
-32.277,5.1371,0,0,0,0.56147
-199.7,-7.5932,-6.8687,-7.5954,-6.8505,-7.8536
25.397,-44.375,13.397,1.7066,0.85833,29.613
12.08,31.012,-187.66,4.0881,2.5484,13.145
-167.77,-47.289,-39.765,-40.828,-28.106,-560.41
-131.39,-192.9,-35.296,-35.131,-34.715,-778.82
-17.07,-18.287,-41.442,-18.81,-13.577,-195.12
-161.18,-150.95,-37.722,-37.931,-38.449,-37.765
-1.1447,-356.03,-7.4961,0.088617,-13.495,12.871
-272.23,15.515,0,0,0,0
-140.84,-183.89,-36.922,-22.134,-37.108,-61.554
-133.3,-5.9774,-20.017,-1.7164,-10.659,26.168
3.772,0,4.695,2.9988,-0.29732,17.87
-42.207,-21.691,-40.578,-30.433,-14.23,-200.82
-24.269,-18.305,-98.594,-10.938,-9.5337,-12.465
-93.963,-67.637,-37.213,-5.8692,-54.333,-530.48
-62.622,-22.486,-17.143,-11.147,-14.886,-166.79
-223.58,-49.411,-13.337,-3.1205,-5.2978,-229.74
-48.463,-24.185,-20.553,-8.47,-6.027,-339.87
-147.15,-32.748,-49.47,-26.186,-14.66,-245.21
-38.606,-14.055,-52.508,-2.443,-10.759,-229.65
-73.463,-92.204,-85.13,-72.371,-52.883,-169.53
-256.34,-20.582,-12.443,-13.171,-7.055,-203.38
-16.006,-19.874,-34.207,-6.7746,-1.4061,-568.3
-43.438,-47.493,-11.699,-23.678,-28.137,-10.5
-52.644,-157.32,-16.181,-14.901,-19.428,-57.801
-18.604,-10.79,-10.889,-1.451,-9.7632,-519.26
-46.67,-12.581,-40.727,-6.1185,-22.306,-200.52
-39.005,-25.815,-23.146,-7.5593,-20.875,-297.43
-2.1334,-50.433,-0.78447,-1.3585,-1.573,-319.22
-51.629,-58.322,-14.669,-81.125,-7.1235,-201.83
-48.655,-45.292,-28.42,-12.609,-33.111,-84.057
-50.867,-29.002,-21.601,-16.168,-22.076,-128.75
-230.92,-25.946,-18.281,-22.422,-16.466,-129.28
-134.61,-25.905,-11.048,-24.962,-22.02,-28.949
-18.651,-18.743,-25.628,-16.503,-9.584,-70.664
-71.562,-23.381,-31.472,-4.8614,-17.012,-202.11
-44.609,-32.875,-2.3121,-13.157,-14.259,-169.47
-58.154,-33.457,-43.184,-39.806,-17.172,-69.256
-28.979,-43.168,-67.328,-8.9317,-15.137,-163.94
-52.614,-32.479,-19.138,-25.915,-10.003,-20.205
-33.191,-7.8109,-51.461,-7.5618,-9.193,-9.2422
-46.632,-44.171,-187.73,-26.819,-9.1543,-161.92
-24.353,-217.18,-32.303,-17.819,-10.189,-29.912
-11.601,-32.057,-12.487,-5.6701,-6.4909,-5.7486
-51.345,-18.75,-13.287,-2.2498,-8.4833,-16.839
-24.36,-19.975,-33.237,-6.4568,-12.305,-13.262
-15.7,-10.551,-66.215,-5.3375,-5.9644,-13.066
-21.382,-20.538,-10.64,-9.8914,-10.162,-12.247
-18.645,-44.853,-20.104,-8.6624,-23.264,-495.14
-54.423,-28.153,-17.594,-13.021,-5.4999,-190.88
-11.475,-29.433,-16.499,-4.9698,-3.174,-6.5716
-18.245,-30.185,-16.68,-19.02,-9.8129,-18.157
-15.064,-75.601,-5.8061,4.388,-8.2481,-20.903
-3.3125,-20.198,-5.0653,-3.4435,-3.5466,-2.0328
-16.63,-48.272,-10.167,-17.948,-21.707,-17.486
-15.206,-0.082338,-0.98823,-1.9864,-1.0764,-4.355
-14.55,-11.096,-6.8635,-6.3085,-5.7184,2.6699
-133.13,-59.866,-15.8,-20.338,-20.594,-245.91
-28.015,-27.88,-20.163,-20.421,-18.279,-52.96
-63.929,-66.161,-34.068,-50.82,-14.705,-200.49
-36.239,-10.883,-17.104,-20.959,-15.45,-159.66
-26.861,-11.511,-2.792,-19.502,-13.3,-98.088
-200.33,-14.478,-9.9546,-10.506,-8.7763,-9.0596
-131.22,-17.655,-17.888,-16.002,-13.049,-2.4557
-16.337,-15.162,-6.8871,-38.701,-7.0631,2.2089
-32.325,-13.6,-7.8905,-7.9294,-7.7196,-9.5842
-39.417,-33.889,-35.191,-27.237,-20.164,-202.27
-13.48,-17.947,-10.076,-6.3414,-6.4125,-9.7445
-7.7241,-69.063,-18.916,-17.991,-8.4241,-0.88572
-18.204,-15.582,-7.4118,-7.0475,-7.1609,-4.2385
1.3346,0,0,0,-1.2491,-0.15248
-8.5858,-0.79859,3.5633,-1.9002,1.3896,-7.3148
-3.7808,-5.2453,-6.5581,-4.3452,-3.5061,-3.8691
-1.861,2.5748,-0.4,0.18189,-2.1123,-2.6068
-7.2483,-4.8729,-16.23,-1.2,-6.4429,-6.5249
-31.28,-37.238,-53.684,-37.253,-15.545,-366.61
-7.6425,-39.381,-72.614,-5.9541,-4.0963,-1.8751
-4.1716,-5.3782,-8.4173,-12.748,-3.396,2.6948
-10.311,-1.1539,-8.9033,-6.6881,-7.2382,-5.5979
-2.7666,-199.91,3.5311,-1.5845,-1.4485,-2.1295
-200.67,-0.16053,-0.86964,-0.12758,1.6957,0
-3.6714,-15.835,-4.0422,-2.2494,-1.0767,6.7171
-1.1513,-6.2707,0,0,-2.2,0
-0.76321,-1.6315,-0.57631,-0.9,-0.54982,-1.9424
-29.069,-19.719,-22.555,-19.394,-5.6046,-376.27
-48.902,-24.363,-30.535,-29.175,-11.329,-491.23
-37.298,-41.612,-54.335,-37.524,-20.531,-156.16
-18.845,-15.891,1.327,-10.109,-6.2423,-187.61
-0.9,-192.51,-0.33299,1.9964,-3.0364,13.991
-149.5,0.8455,4.2316,4.2381,0.81158,14.922
-107.56,-7.751,-12.282,-12.171,-12.315,-29.169
-2.0602,2.8089,-12.94,-2.0104,2.7804,11.97
19.745,6.7036,6.1886,0.26342,-6.2758,0
-29.696,-30.934,-69.759,-34.377,-23.386,-359.98
-47.95,-67.821,-63.036,-60.915,-22.171,-625.85
-77.2,-50.012,-95.885,-41.984,-29.802,-583.01
-68.338,-64.344,-87.824,-60.962,-49.149,-510.23
-54.745,-72.987,-74.103,-50.114,-66.349,-746.08
-130.88,-98.421,-92.886,-30.659,-66.072,-599.49
-72.152,-118.55,-54.644,-66.314,-31.961,-617.59
-89.169,-70.177,-69.898,-56.762,-32.362,-565.42
-93.065,-104.31,-109.72,-46.697,-154.22,-825.12
-30.328,-36.164,-16.992,-12.926,-10.792,-12.921
-26.342,-10.029,-8.708,-9.7246,-12.073,-201.86
-40.251,-104.07,-57.246,-81.129,-15.444,-165.77
-34.902,-60.311,-73.037,-35.866,-20.836,-252.58
-99.097,-44.685,-42.941,-42.71,-25.878,-105.75
-75.311,-138.89,-79.507,-42.226,-32.485,-405.67
-32.296,-65.567,-59.744,-30.6,-24.75,-487.68
-98.007,-64.492,-91.101,-20.861,-47.422,-392.95
-78.944,-75.609,-73.584,-62.485,-41.847,-567.32
-39.813,-82.216,-25.607,-25.38,-14.987,-83.829
-22.337,-35.579,-35.59,-18.681,-20.272,-153.75
-35.501,-37.034,-29.083,-28.018,-25.288,-132.17
-52.125,-64.091,-32.408,-31.162,-21.78,-416.25
-83.822,-31.192,-34.66,-23.207,-38.036,-206.6
-46.63,-41.102,-32.577,-30.271,-27.324,-54.113
-91.24,-56.707,-39.329,-30.686,-27.116,-86.246
-67.478,-38.739,-48.042,-34.572,-19.121,-130.59
-41.302,-88.072,-42.995,-40.109,-19.668,-134.19
-78.228,-71.756,-32.598,-36.903,-27.133,-276.94
-53.567,-55.387,-35.552,-28.988,-19.209,-349.15
-78.874,-87.676,-72.896,-97.863,-24.061,-272.5
-52.529,-95.905,-26.277,-29.448,-58.94,-55.397
-83.594,-110.48,-82.061,-85.101,-84.658,-34.082
-47.411,-49.723,-67.815,-60.244,-20.321,-42.504
-42.211,-64.632,-51.047,-59.496,-51.541,-54.933
-56.578,-53.05,-93.694,-15.192,-57.605,-75.441
-20.966,-33.445,-32.059,-39.254,-49.587,-47.719
-49.426,-57.644,-64.679,-39.02,-62.361,-273.31
-49.275,-41.839,-45.367,-48.655,-25.825,-55.309
-48.671,-42.559,-39.172,-23.684,-36.458,-66.442
-85.141,-29.135,-28.752,-45.988,-17.963,-35.037
-36.76,-27.311,-31.142,-41.045,-17.062,-156.05
-12.3,12.898,-11.458,-30.068,-28.525,-147.28
-27.925,-56.659,-12.467,-19.047,-21.884,-48.785
-23.152,-21.509,-51.574,-16.79,-21.698,-25.287
-7.6356,-3.048,-1.7545,-6.0452,-5.8559,14.217
-62.565,-29.476,-36.798,-58.392,-24.507,-371.54
-50.241,-41.969,-25.624,-23.301,-28.464,-197.68
-40.129,-47.615,-33.237,-30.369,-24.248,-287.93
-50.788,-29.6,-34.931,-23.482,-28.661,-60.284
-37.63,-28.163,-29.673,-18.759,-37.271,-233.58
-85.122,-44.583,-32.043,-25.666,-30.555,-155.36
-30.173,-35.881,-22.789,-24.68,-21.856,8.6098
-8.3087,-13.341,-4.0104,-9.3528,-9.5375,-7.4114
-36.701,-16.377,-25.392,-31.805,-47.597,-156.72
-46.557,-46.921,-48.964,-26.386,-48.104,-672.39
-67.199,-59.882,-53.425,-49.997,-24.069,-288.02
-38.438,-43.807,-51.288,-49.88,-32.948,-381.32
-15.036,-16.42,-20.628,-15.693,-17.323,-8.4233
-24.623,-25.758,-23.397,-17.833,-15.389,-164.11
-13.46,-19.979,-8.3065,-2.2246,-8.4041,-7.573
-33.744,-29.994,-29.942,-31.592,-8.4414,-214.23
-29.519,-23.096,-40.572,-8.7511,-28.422,-34.591
-5.0813,-3.9315,-6.2809,-17.829,-7.5808,-7.3372
-38.001,-37.377,-49.094,-32.066,-24.606,-511.33
-32.393,-41.625,-35.983,-19.052,-30.084,-470.46
-57.44,-50.403,-58.02,-52.976,-21.48,-189.21
-4.8317,-34.807,-11.627,-9.6978,-12.973,4.8444
-42.389,-55.258,-30.386,-10.009,-25.005,-91.21
-6.3884,-2.1633,0,0.73408,0,29.032
-28.473,-16.223,-5.7337,-23.42,-1.2765,0.2843
-33.034,16.528,-19.635,-13.987,-11.192,-90.596
19.764,-7.3437,-17.794,-12.865,-27.206,-32.134
-34.64,-51.031,-29.171,-23.139,-22.746,-880.49
-52.632,-42.058,-39.71,-20.394,-36.146,-669.14
-45.625,-78.171,-50.57,-74.842,-24.953,-322.89
-41.585,-28.039,-39.026,-31.371,-21.619,-35.347
-36.436,-24.758,-20.192,-9.0011,-20.667,-145.98
-24.522,10.997,1.6608,-9.0235,-7.9101,27.336
12.203,-19.538,-47.948,-30.219,-29.453,-172.45
8.4039,0,-5.0532,9.0353,0,22.79
9.6559,-4.1782,5.6611,4.1518,2.8787,3.6702
-11.237,-18.894,-12.986,-5.7615,-9.4826,-220.27
-1.4419,-2.9006,-0.83641,-3.5964,-5.7554,-229.13
-13.266,-5.366,-5.0038,7.5502,-6.6459,-224.89
-11.628,-12.522,-16.062,-13.705,-7.1724,-230.53
-1.0846,-11.37,-4.4511,-2.3939,-0.30179,-164.63
-18.919,-20.356,-4.6309,11.669,-11.04,-306.89
-20.596,-20.591,-10.499,-4.0846,-7.0526,-466.59
2.8004,-37.685,-7.9671,7.6924,3.4432,-482.26
-15.563,-23.963,-6.8359,-4.5314,0.26126,-461.79
-35.129,-28.277,-27.925,-27.454,-27.449,-392.18
-61.989,-28.6,-29.184,-29.427,-29.469,-667.4
-32.683,-8.4845,-12.861,-9.6329,-4.5454,-159.39
-48.056,-67.27,-25.04,-22.201,-22.518,-273.97
-32.753,-28.958,-28.24,-17.01,-27.419,-460.18
-6.0393,-23.401,-3.8238,-6.4075,-3.1663,-365.77
-32.033,-42.327,-21.469,-26.015,-25.705,-378.8
-54.588,-21.414,0.80462,-9.4698,-5.0441,-498.67
-38.32,-29.903,-17.554,-18.183,-19.608,-253.65
-30.003,-35.687,-28.69,-27.243,-21.424,-429.19
-27.997,-27.944,-24.857,-25.648,-25.625,-366.57
-10.921,-49.391,-9.9793,-9.111,-13.486,-9.5941
-69.613,-32.2,-26.59,-25.016,-26.344,-177.39
-33.982,-29.642,-19.734,-25.456,-25.68,-141.27
-28.357,-4.6819,-10.829,-7.7056,-7.7284,-231.09
-46.164,-24.423,-26.298,-24.922,-25.704,-61.685
-49.764,-32.046,-20.861,-27.022,-25.187,-41.133
-60.342,-33.906,-20.434,-19.216,-13.94,-54.65
-29.07,-91.533,-12.382,-10.759,-9.8568,-205.94
-26.703,-3.2357,-15.148,-1.3561,-6.9489,-98.677
-57.483,-8.1786,-8.5497,-4.598,-0.19054,-111.03
-14.846,-9.5516,-9.7142,-12.41,-11.955,-10.222
-5.3718,-0.65462,-12.497,-4.1113,7.8029,-1.0512
-53.405,-14.12,-5.7916,-5.6137,-1.9066,-34.165
-34.799,-88.77,-16.576,-8.0515,0.54018,-46.03
-2.1722,2.3236,-0.70756,-3.2306,2.7246,-99.936
-51.83,-3.2573,-2.5853,-3.8098,0.71807,-2.4261
-35.161,-26.716,-27.674,-22.579,-26.365,-789.82
-54.632,-31.333,-27.163,-26.679,-12.935,-700.47
-12.803,-0.2,0.098424,-1.9218,3.2722,0
-28.295,-29.789,-22.389,-27.766,-25.428,-89.84
-18.373,-16.536,-15.029,-13.08,-14.375,-7.6262
-0.24926,0,-58.57,-5,0,6.8246
-43.382,-43.843,-25.163,-23.586,-24.429,-17.65
-5.2605,-13.274,-6.7566,2.3259,-6.4198,-68.906
-21.281,-9.2027,-7.3214,-3.9709,-7.5412,-13.557
-31.321,-36.591,-26.733,-27.14,-27.455,-401.58
-40.681,-20.543,-30.07,-27.587,-29.781,-727.92
-31.576,-26.333,-30.179,-7.9497,-15.46,-382.28
-46.913,-28.008,-22.061,-26.699,-26.763,-49.329
-32.049,-29.696,-26.453,-17.775,-28.153,-46.515
0.036613,-4.1123,-0.44877,4.8035,-1.2278,-5.1586
-30.578,-29.255,-26.747,-24.784,-23.664,-47.753
-5.5998,-4.3186,-3.8143,-6.8712,-5.2548,-5.1093
-10.926,-7.5235,-12.705,-11.388,-10.947,-29.193
-8.5606,-9.1185,-8.9711,-8.7546,-2.062,-198.81
-4.5179,-15.941,-5.0267,-6.1296,-9.3724,-197.54
-1.8717,-8.966,-8.2397,-0.096996,-3.5299,-153.91
-7.2007,-11.549,-3.2522,-5.2927,0.82945,-4.5273
0.56483,0,1.6999,4.132,2.7725,3.6086
-0.56511,2.0224,5.1963,2.0341,-0.087674,1.8615
-6.3003,-5.2,-8.8378,-5.421,-2.1988,-8.3492
3.7228,3.6842,13.421,1.6414,1.3036,1.087
2.7839,4.4284,7.3105,11.212,2.8179,-1.801
-28.084,-27.47,-65.515,-26.185,-26.609,-302.65
-20.38,-17.708,-33.134,8.2469,-11.592,-606.94
-4.4218,0.94852,4.8087,-0.96892,0,-176.32
-24.645,-47.87,-22.091,-21.465,-17.468,-115.83
2.277,10.444,18.368,7.6659,-1.3261,-21.887
16.389,0,0,0,1.5144,0
-2.195,-8.4687,-1.2084,-5.5825,-5.9453,2.6488
-174.89,21.343,34.517,8.7262,2.3496,-267.36
15.213,19.567,26.798,13.078,10.792,9.6148
-35.137,-28.024,-27.662,-27.492,-26.441,-904.33
-38.022,-28.382,-18.063,-25.256,-24.453,-732.12
-23.29,-9.5289,-19.342,-11.565,-9.9129,-196.08
-36.069,-17.467,-28.387,-28.693,-27.927,13.951
-0.51852,-3.7964,-5.7484,-2.3748,-3.3648,15.431
19.197,0,4.5084,0,0,1.6573
-29.996,-36.783,-1.3253,-23.573,-14.03,-70.652
25.798,5.4439,14.816,6.462,0.6256,-89.267
-19.809,5.5463,4.1538,-2.7,-1.8253,16.288
-1.6365,-17.611,-2.997,3.9198,-1.6008,-678.64
-18.534,-2.6782,-10.147,10.792,2.2676,-196.92
-3.3803,0.94611,-5,-1.2862,8.4852,-498.97
-61.936,-5.0313,-6.6051,-1.0552,8.3793,-393.01
6.094,-6.7212,8.2696,2.4764,1.1011,-200.18
1.2877,-5.6265,0.31584,10.775,-0.60253,-775.95
-2.8902,-3.4448,-3.8245,5.929,-2.5805,-618.72
-1.747,0.32003,-0.81252,6.1396,-3.1675,-384.08
-17.938,-5.0937,3.1108,11.506,3.7086,-648.95
-8.2672,-1.728,-0.67542,7.0801,2.0686,-241.34
-6.4742,6.1564,0.3071,0.81477,2.4877,-513.54
-5.4544,-58.931,-3.7031,-6.9053,1.9192,-196.25
-13.685,0.26047,-3.8596,-1.7219,-4.5439,-186.47
-8.9759,0.35222,9.0357,-6.034,-4.0272,-336.77
-1.1894,-0.45968,-3.4979,-2.628,0.48127,-361.31
-10.623,-9.2432,1.4064,-6.5172,-6.3544,-350.55
0.21982,9.7529,5.6296,0.051122,5.3175,-398.39
-6.5911,8.6026,1.3627,3.1072,2.335,-352.56
-16.349,-11.483,-14.224,-8.9471,-7.8956,-223.02
-8.3101,-4.5465,-7.6577,-6.3425,-6.2535,-96.794
-12.26,-9.7855,-10.437,-7.2476,-1.2933,-127.99
-5.0068,-2.5994,-2.1027,-6.7101,5.2687,-85.248
-4.0305,-3.8222,-4.5019,-2.9199,1.3158,-56.017
-4.5844,-9.1582,-4.1174,-5.0124,1.8234,-3.8051
-40.225,-10.043,5.5082,-3.2365,-3.3553,-4.929
-16.201,-5.2321,3.7705,-4.9584,-4.7514,-189.03
-14.167,-6.8947,-7.8359,-7.1282,0.51246,-29.08
-13.649,-28.327,-39.638,0.54213,-4.2751,-551.22
-4.7754,-22.371,6.4671,-0.83185,-7.6608,-358.75
-3.8549,-9.5708,0.84723,11.116,1.783,-192.34
-7.7171,-8.1298,-8.2598,-5.9507,0.13311,-19.186
-4.7191,9.1409,-4.5369,-3.845,-2.7762,-6.4206
1.4758,3.1952,22.568,2.9776,7.5979,-10.898
-4.1725,-2.5711,-10.863,8.0079,-3.258,-8.0217
4.469,3.4715,12.112,1.4098,1.0889,-2.7423
3.6557,4.9015,13.931,6.2076,6.0136,-12.967
-4.197,-8.1234,-0.019022,-4.6333,-6.5634,-470.33
-6.1966,2.4112,11.578,2.2618,-4.3957,-350.87
-1.3162,-26.638,-1.8091,5.2633,-1.3816,-3.1165
-11.714,3.667,-159.64,-160.99,-10.374,-19.359
0.53803,-2.893,12.453,-73.178,1.134,-26.27
-10.266,-8.6638,3.7644,0,-0.068054,-0.15762
-11.054,-22.262,2.1413,-5.8401,-3.6345,-18.155
-4.401,-0.54662,-4.0881,13.543,0,-1.2604
-3.3925,1.1553,9.5527,-0.39447,-1.0629,-4.7051
-8.9156,-11.894,-23.499,-10.753,4.111,-249.77
-7.5445,-5.6516,-4.6999,-2.1559,-7.5682,-205.32
-7.8226,-2.465,-63.038,3.2299,-4.5099,-520.61
-4.0456,-7.085,7.354,-3.0898,-3.6016,-80.318
-3.6118,-16.383,-3.5513,-0.36771,-3.5035,6.0321
-6.8977,3.5652,-0.66715,2.3102,8.0852,3.4458
-6.0583,-8.9394,5.3341,-4.1965,-5.5167,-159.86
-7.9659,-6.1818,-6.7535,-2.4088,-1.2225,-6.262
-5.2487,-2.5416,-2.1031,-3.3424,4.0203,-1.0766
-9.9314,-12.008,-15.257,2.0421,-11.231,-465.17
-6.8361,-7.7948,-12.685,0.052385,-3.4381,-153.83
-2.9012,-6.4846,-13.824,-7.721,-3.7758,-150.55
-2.5728,-2.5868,-0.88371,-3.2219,-7.3409,-80.603
0.38584,13.1,0,0,2.7863,-0.068637
5.04,8.5575,-2.8693,6.1505,4.8654,1.2881
3.8776,-2.0579,-1.049,-0.1509,-2.8038,-6.0179
-2.795,13.207,0.37496,0.17099,0,1.6067
4.9879,-0.88335,1.7177,11.291,3.3515,0
-15.884,-10.178,-12.304,-9.71,9.7913,-472.59
9.1424,-14.959,-0.93063,-2.2093,-1,-199.39
-4.6877,-2.7019,-2.1607,-2.1387,-0.07798,-200.48
-3.5581,-3.2576,-2.9306,-200.19,-2.9609,-1.9763
-0.29237,10.656,0,1.4855,0.70412,-6.2442
5.3635,0,0,1.1885,0,0
7.1236,-11.952,-3.1094,-1.8948,-1.5206,-2.5449
-3.1043,-2.6883,-0.00071017,4.9633,-0.63944,0
-0.045239,0.075925,-4.4191,2.019,0,0
-0.3808,-6.6334,6.838,-4.2412,-1.4694,-736.19
-11.694,-3.2614,-1.5848,-5.8128,-2.3986,-384.06
-23.261,-3.0239,-7.1712,4.8156,-0.96352,-377.29
-6.0551,0.96143,-13,1.5027,-5.1903,-19.297
15.889,4.4525,7.5825,6.241,3.9347,5.4912
2.8721,16.162,8.626,6.9235,-121.74,-88.438
0.18395,-1.1506,9.9076,-0.78547,-0.22126,-49.415
6.8158,0,7.2219,5.8317,4.2526,17.947
16.386,23.461,6.3265,8.7734,7.1058,15.031
-11.925,-13.589,-13.512,-10.104,-11.713,-311.22
-3.0312,-2.5659,-11.616,-10.112,-9.0947,-552.68
-11.181,-11.18,5.8445,-8.1108,-10.871,-561.91
-6.9485,-11.861,-9.9089,-19.707,-10.039,-534.26
-2.7468,-9.6984,2.9512,-1.2658,-8.7987,-526.1
-0.4156,-7.2211,-7.6977,-9.6207,-7.3608,-662.94
-2.4574,-9.3455,-9.2828,-10.178,-12.508,-382.58
-3.9539,-10.497,-7.0206,-10.533,-12.921,-555.94
-10.14,-4.1466,-2.6604,-0.2939,14.716,-686.37
-0.94044,-4.1897,-1.9438,-1.28,-2.3128,-29.209
-10.875,-0.97928,-1.9979,-0.1,-3.5393,1.3572
-11.363,-8.3167,-8.2034,-8.3032,-12.535,-79.277
-21.251,2.1944,-8.7762,-9.3112,-11.209,-321.91
-7.8772,3.022,-7.2858,-10.119,-3.7786,-61.044
-6.8813,-11.111,-7.4957,-7.8901,-10.174,-74.001
8.7371,-4.1145,-13.882,-12.825,-13.368,-471.14
-11.293,-2.4689,-4.4892,-6.6514,-10.117,-243.67
-8.1246,-25.03,-7.6441,-5.6042,-0.54408,-568.89
-8.3095,-6.3777,-7.0965,-6.3733,-7.1032,-361.93
-2.6081,-1.4204,-4.025,-2.1208,-1.7912,-248.94
-18.853,-8.926,-9.8986,-8.3663,-11.595,-4.611
-3.3277,-7.8048,-12.986,-6.3759,-4.52,-80.843
-6.7337,-8.0522,-7.2471,-8.2394,-1.0598,-110
-14.936,-8.7513,-11.989,-9.8206,-7.2149,-99.919
-12.954,-9.1958,-9.2482,-10.243,-2.0202,-108.41
-3.2765,-10.593,-9.6625,-10.283,-12.171,-126.5
-9.1375,-6.128,-7.6233,-1.9618,-7.6585,-276.21
-4.3335,-9.8118,-10.732,-10.714,-13.775,-394.44
2.1382,-6.5708,-4.6426,-8.6321,-8.9051,-158.87
-8.2822,2.6355,-0.69529,-6.3435,-3.429,-140.9
-9.7524,-1.7086,-10.707,-10.464,-10.763,-37.358
-9.4381,-11.256,-6.8601,-13.043,-5.0636,-11.176
-4.5799,4.2107,-2.8968,-2.9319,-3.1473,-29.352
-12.737,-15.659,-12.769,-2.9724,-11.603,-11.752
-11.069,0.51446,-11.37,-11.434,-13.26,-35.736
8.4353,-2.7804,7.4238,2.1551,5.9118,-6.7902
-5.4456,3.1083,-6.5565,-8.2421,-7.4776,-199.67
-6.8514,-4.0701,-2.1435,-5.8649,-6.8275,-130.85
-2.8692,-4.7757,8.6945,-3.1876,-9.5521,-24.448
-9.1546,0.8659,-8.1177,-7.3953,-7.9236,-8.5771
-6.5789,-5.6679,0.40122,-6.2452,-15.793,-144.47
5.3152,5.863,5.1128,1.5054,5.3635,21.904
-3.088,-0.69943,-0.10655,-0.9,-0.15422,-1.4752
0.85116,-0.87657,0.43515,-4.4926,-8.7138,-67.16
9.5082,4.3186,1.5217,3.9193,2.2332,0.42462
-15.035,-15.96,-14.089,-6.0607,-13.951,-70.283
-7.1917,-10.254,-10.61,-8.4893,-8.9662,-53.067
-9.0374,2.4706,-9.642,-8.3596,-5.0655,-87.681
-10.599,-5.0414,-10.194,-10.18,-11.847,-93.679
-6.2068,-6.0157,-1.3078,-8.7499,-7.983,-150.38
-7.0617,-5.2605,2.0763,-6.0397,-6.605,-33.257
-3.2742,-10.225,1.4597,-3.1012,-5.9233,-2.8681
6.2528,-1.391,0.69407,0,0,-55.053
-1.9111,4.3431,-2.3394,-2.3008,-1.1396,-1.1372
-12.111,-13.445,-6.0187,-13.875,-11.447,-612.66
3.0667,-6.0318,-3.8738,-4.214,-4.4996,-376.23
-3.0684,-5.155,-1.5654,11.818,-2.5268,-101.61
-7.5402,-3.4075,1.4713,0,1.072,-1.9043
0.20642,-0.96969,0.84665,-0.55566,0.59754,-2.5981
4.6752,9.4663,9.1011,9.1613,5.5709,9.1436
-5.2884,0.083014,-6.4382,-0.84994,-2.8369,5.2486
-3.7456,-3.8198,-3.5395,-0.29928,-5.1306,-4.4136
8.0771,7.6067,8.872,4.1913,2.5882,5.5658
-4.1055,-3.6709,-5.8875,-3.1583,-6.8874,-588.68
-1.1478,-2.4554,2.2199,-5.5022,-5.8628,-428.91
-8.7309,-7.6996,-5.9426,-5.306,3.9753,-221.56
8.305,0,0,0.31924,-0.73042,0
7.6654,-1.7196,-5.5019,-7.3312,-6.5309,-10.931
3.6089,10.995,11.077,1.4795,-5.8912,31.943
5.487,0,-3.371,0,0,0
9.0031,23.311,2.3987,3.5276,1.7513,-228.81
11.149,8.7398,7.2704,15.422,0,6.7717
-11.433,-8.2697,-12.033,-4.9374,-7.9642,-747.46
-8.6859,-10.203,-9.0658,-17.633,-6.6051,-379.07
-8.8545,-11.417,-8.1346,-7.2032,-7.4688,-773.7
-12.777,-5.7385,-7.1766,-5.9175,-8.2059,0.18039
12.39,0.31493,0,2.0169,0.27837,5.0696
13.108,13.203,3.4362,3.3889,0.55785,23.994
12.264,-0.1938,1.2388,-3.2309,-2.1522,-110.9
12.276,4.5061,0,0,0,3.1899
13.706,14.168,13.088,6.0715,7.7776,18.718
-0.34608,-4.3995,-0.49566,-0.88763,5.5917,0
23.248,32.993,22.807,23.973,11.305,-70.183
41.59,32.276,33.42,30.372,20.756,-954.63
-1.6254,-7.3297,-2.085,-2.8666,9.5807,-224.32
29.42,43.404,25.977,27.1,18.079,-547.18
32.876,43.012,34.385,26.925,20.131,-407.26
-0.78468,-0.37181,2.2825,1.9643,7.2138,-192.07
22.337,22.795,40.573,25.423,20.977,-900.97
40.452,34.187,38.101,28.358,24.76,-978.29
-14.032,-14.118,-11.808,-10.096,-9.5924,-263.45
-6.8323,-21.989,-15.123,-16.116,-14.481,-486.27
3.7573,10.848,0,4.2956,11.425,0.10804
-11.912,-3.6518,-9.1501,-9.1443,-7.4775,-499.08
-7.5783,-2.1785,28.224,-4.5498,-4.4078,-193.56
25.089,24.78,22.413,21.525,22.315,-93.553
-9.4081,-14.261,-4.1339,-8.9554,-8.8,-403.65
24.626,29.56,27.988,13.913,10.769,-377.44
21.927,26.083,25.836,22.229,19.723,-700.43
-6.0702,-0.19493,-5.2037,-5.3888,-5.7042,-158.36
-11.17,-5.1297,-11.997,-12.079,-10.638,-203.63
-3.5183,-6.6127,-3.7718,4.971,-1.4833,-195.23
-10.934,-8.0806,-8.9599,-9.1972,-9.2122,-65.534
-15.734,-9.7607,-10.078,-6.1961,-9.181,-288.43
0.76072,-0.33385,0.70232,4.6198,9.5597,0.92197
-9.953,-10.011,-8.9393,-10.772,-6.3384,-54.126
-4.563,-4.4935,-4.3242,-4.8249,-4.1827,-216.96
-0.45085,0.57244,-0.88655,0.29804,2.285,-689.13
-2.2054,2.5287,17.712,2.0581,1.4685,-158.2
27.151,39.128,28.131,27.079,16.284,-340.86
43.457,29.013,28.156,28.979,19.426,11.444
-2.5331,2.0403,-2.6234,7.2799,2.134,-17.883
40.806,29.048,24.923,19.393,16.016,7.7437
36.927,34.982,27.816,25.69,17.349,25.362
-2.3708,-0.57194,1.9725,11.017,1.177,-2.5905
21.073,15.151,31.754,16.659,14.142,-59.993
27.446,21.618,36.163,26.751,18.581,19.11
-10.342,-10.695,-8.7781,-1.2583,-8.4584,-537.45
3.5258,4.2,17.631,4.2262,9.1639,-340.43
32.3,36.855,31.385,29.467,21.854,23.357
-13.906,-10.566,-7.5967,-7.5984,4.1639,-12.024
32.342,30.705,37.969,18.379,14.954,27.063
34.647,31.651,39.545,21.255,13.158,29.821
-9.043,-14.148,-0.43122,-8.5845,-8.4692,-19.102
29.13,31.209,28.237,14.269,15.796,11.03
21.467,37.47,20.726,20.689,16.477,13.775
-9.6457,-11.127,-11.705,-9.5767,-2.1543,-336.2
-12.916,-9.1062,-11.012,0.12948,-8.7254,-733.12
5.0626,9.5101,-1.551,0.86154,0.85109,-150.6
-10.662,-4.306,-11.228,-10.662,-7.4319,-240.24
-3.9567,-4.6764,-3.5522,-3.7794,-0.53148,-148.67
-0.52818,-4.5233,2.2953,10.866,3.5545,3.8582
-7.9351,-10.841,-5.0585,-7.4627,-7.0183,-9.5726
-0.40325,-0.58256,0.37584,0,0,0
-0.30177,-3.5088,9.3708,0,0,5.8605
-8.3415,5.3233,-0.20403,1.7326,0,0
23.597,32.807,28.183,16.886,16.595,-199.87
34.027,29.807,38.882,32.404,20.272,-246.7
3.6594,0,0,1.5115,3.2298,0
35.259,22.044,26.574,19.498,10.378,12.79
17.126,27.228,20.367,15.305,3.8225,13.523
-1.5919,0,0,0,0,9.8335
20.628,21.568,20.999,22.033,16.415,-3.4923
39.591,20.855,26.779,10.795,4.9885,13.332
-4.7766,-2.6974,-2.0443,-1.7234,-0.51142,-192.22
31.361,39.709,35.912,20.059,15.339,-615.07
31.811,41.801,26.401,19,11.572,-153.34
-4.4105,-1.2863,-1.0232,-2.076,-0.8,14.114
36.645,28.549,25.909,21.365,16.057,-41.215
29.227,39.877,29.104,18.614,15.998,-162.27
0,13.056,0,-0.71649,0,0
37.061,30.892,36.047,20.024,15.3,-239.64
40.651,35.599,34.417,19.018,16.631,34.499
-13.639,-2.67,-9.8828,-9.1405,-9.7279,-769
-8.3116,-8.2315,0.60729,-4.745,-3.5287,-502.91
-0.43891,2.8464,-1.0642,12.237,4.0356,-316.48
-10.7,1.3415,-6.4582,-8.7784,-8.4651,-26.999
21.362,6.4532,16.938,3.6353,5.9788,6.2676
20.182,0,0,0,5.5355,0
2.5459,-2.1427,-1.2986,-1.3385,-1.314,-113.93
39.194,23.626,4.2871,16.598,7.9723,-145.92
16.712,6.0551,3.8777,10.521,4.0176,4.2831
13.511,26.242,14.948,15.253,15.381,-164.49
22.467,19.968,28.892,15.808,14.65,-648.75
17.797,32.774,23.254,22.237,16.789,-573.8
12.642,12.576,20.873,14.837,11.668,-355.01
19.954,17.627,20.089,18.795,16.632,-434.7
37.139,15.789,17.901,17.896,16.572,-631.97
7.9629,19.309,10.619,12.287,7.617,-739.84
25.787,18.279,19.8,18.199,14.075,-306.03
29.902,29.13,25.851,23.887,26.008,-884.16
6.0423,20.511,12.372,10.275,13.336,-140.64
19.992,13.966,11.774,14.932,12.099,-319.33
6.5241,11.267,18.996,12.065,7.2973,-91.098
12.656,17.149,10.975,9.0137,11.749,-312.49
10.087,21.668,11.359,11.243,9.9012,-447.62
16.998,15.031,19.376,17.153,8.9614,-328.15
20.869,10.075,12.412,11.498,8.3948,-580.3
18.766,31.614,19.669,17.387,14.358,-246.64
19.775,26.568,22.882,21.799,18.017,-795.45
4.4638,9.0671,4.5468,4.1341,1.9368,-297.35
6.5458,11.612,4.7103,6.4573,4.6277,-50.378
2.1301,9.9009,14.844,7.801,9.0538,-152.33
3.517,0.87896,6.993,2.895,6.0583,0.56272
4.3009,16.117,7.2173,6.8229,6.8898,1.4066
8.4077,9.8886,16.687,10.563,7.9521,6.9892
11.33,3.627,3.9336,4.5863,3.5616,-37.576
14.182,19.429,11.507,13.025,9.7777,-46.646
14.517,22.969,15.405,14.169,7.6437,-434.55
10.47,12.668,22.191,14.382,11.744,-396.13
23.865,25.059,23.005,21.311,11.859,-121.09
20.235,20.523,24.441,16.486,18.388,-16.733
12.157,11.363,17.71,11.023,8.7214,-43.152
16.353,23.509,17.104,19.422,10.951,10.25
28.498,24.373,24.465,23.688,16.686,21.94
6.6143,12.648,8.1315,6.8521,7.0424,1.2676
8.7118,7.7057,22.721,3.1903,5.527,4.8572
18.213,35.007,17.965,19.201,15.48,17.399
15.95,4.5039,7.6906,7.9591,8.0391,-388.51
18.198,24.076,16.516,14.375,15.858,-339.31
25.118,26.969,23.648,18.366,10.554,-220.4
10.956,11.248,15.644,8.5587,-152.16,-8.0483
24.045,23.8,22.019,18.52,15.002,4.5602
28.919,35.275,24.193,12.608,11.023,24.225
10.335,10.448,1.9426,3.25,3.8776,1.4144
31.113,18.97,17.526,15.906,8.5414,18.302
24.225,11.344,11.127,9.2563,4.3895,18.83
12.346,5.3096,8.2512,6.0019,6.9497,-173.52
16.742,8.222,8.6205,8.7048,9.0648,-132.21
12.944,16.435,18.458,12.957,8.0709,-26.393
8.7186,17.64,9.3693,12.767,8.386,9.7671
24.88,8.2466,11.035,9.749,9.9688,5.9661
18.385,23.297,20.054,12.387,11.561,20.16
10.583,6.0282,11.976,8.5639,7.657,8.8697
22.713,3.1625,2.6451,0,3.6085,0
8.5912,11.866,11.301,15.435,9.7679,9.5145
17.419,30.16,14.043,11.584,9.0062,-543.62
16.775,26.209,18.117,16.731,12.587,-501.37
23.899,31.744,23.599,20.211,18.253,-441.78
15.715,12.931,9.5507,5.0958,8.5839,8.0786
18.742,0,13.97,0.26323,3.5747,4.437
18.222,20.653,23.298,17.495,13.229,6.473
13.881,28.433,12.2,14.169,4.8273,4.4339
25.88,0,5.9108,7.0195,0,0.28
15.666,20.699,17.071,16.009,14.925,6.3931
18.689,17.521,10.864,8.2042,7.723,-589.65
-34.435,30.842,26.105,14.241,12.151,-476.02
-0.24673,21.988,27.166,15.87,11.345,-423.87
6.0214,16.83,8.4498,2.1044,2.6243,5.1429
21.437,16.287,15.987,11.617,-91.574,13.198
5.8606,19.81,2.1595,5.7694,0,0
14.596,5.5188,5.201,4.4367,0,0
23.282,0,8.5268,3.122,5.4079,0
16.756,2.3768,0,1.9634,0,0
12.224,26.811,8.3155,14.33,7.4869,-891.94
13.565,11.29,18.056,10.121,5.7266,-766.77
19.772,20.402,20.547,15.472,11.669,-171.22
8.868,22.043,10.976,10.126,8.7345,1.1609
25.663,15.829,16.903,10.171,10.785,13.232
33.625,19.042,19.173,13.928,6.0719,17.665
20.596,2.4641,9.0527,12.129,5.736,-36.703
18.278,9.8154,9.6837,2.0256,0,11.045
28.657,12.396,14.974,13.235,10.836,21.735
-257.64,-207.94,-188.32,-204.43,-25.515,-263.62
-361.78,-320.1,-287.28,-207.48,-31.737,-504.87
-530.01,-498.76,-409.72,-357.14,-54.917,-886.74
-497.94,-476.5,-474.74,-355.51,-75.359,-902.49
-410.14,-434.68,-541.53,-134.79,-346.84,-397.43
-728.08,-850.84,-261.24,-387.14,-486.25,-552.93
-683.44,-579.53,-540.79,-582.91,-88.953,-728.78
-653.17,-730.98,-531.19,-542.86,-339.74,-870.51
-680.51,-685.02,-386.48,-516.85,-325.29,-736.55
-53.613,-5.1476,-0.72,0,0,0
-254.36,0,0,0,0,0
-242.78,-37.404,-239.63,-28.784,-21.299,-266.77
-34.615,-70.359,-36.092,-40.096,-31.286,-225.94
-526.39,-366.63,-394.46,-352.32,-277.17,-245.1
-337.47,-388.94,-321.34,-337.19,-270.44,-303.68
-198.13,-416.23,-213.42,-202.37,-81.814,-367.53
-665.7,-592.23,-598.46,-480,-212.9,-495.84
-398.18,-390.28,-537.11,-282.76,-374.78,-467.7
-216.11,-30.823,-200.32,-18.763,-19.17,-199.03
-229.28,-6.3185,-7.7336,-6.2215,-5.896,0
-151.17,-229.25,-189.12,-273.28,-37.052,-86.333
-612.52,-303.36,-144.26,-250.23,-275.07,-229.25
-206.7,-200.42,-159.7,-17.956,-17.745,-160.27
-523.64,-351.95,-327.48,-297.59,-120.52,-311.63
-330.71,-389.38,-345.15,-382.38,-42.359,-445.14
-200.92,-390.88,-213.44,-31.136,-39.533,-200.64
-533.57,-359.09,-326.67,-505.39,-40.533,-271.27
-466.72,-223.68,-397.71,-50.377,-164.64,-330.97
-544.61,-541.27,-458.42,-587.03,-405.59,-469.31
-940.95,-810.46,-639.19,-328.17,-48.327,-591.7
-231.67,-415.23,-401.98,-206.94,-109.33,-63.255
-535.91,-529.07,-394.71,-338.38,-346.33,-43.815
-160.04,-416.5,-302.62,-165.49,-181.87,-94.794
-458.93,-636.02,-335.72,-383.66,-222.78,-28.014
-290.98,-824.73,-338.8,-419.7,-406.06,-112.29
-205.45,-498.02,-604.77,-109.14,-160.88,-44.371
-249.48,-241.89,-46.227,-252.91,-36.005,-202.71
-347.72,-394.26,-350.27,-359.9,-365.01,-86.888
-296.63,-358.64,-123.27,-281.51,-204.07,-228.66
-201.75,-229.64,-47.756,-212.54,-188.79,-66.013
-749.68,-278.65,-569.4,-463.27,-440.67,-88.151
-392.88,-355.52,-365.11,-357.24,-386.4,-230.83
-199.22,-27.653,-232.34,-205.77,-209.38,-15.716
-482.86,-358.78,-394.46,-199.72,-307.76,-352.23
-198.82,-226.34,-197.74,-201.49,-197.47,-52.989
-256.59,-364.25,-152.3,-144.87,-36.883,-301.8
-200.22,-300.65,-40.596,-221.99,-27.296,-186.03
-459.9,-378.04,-393.22,-370.98,-37.492,-282.76
-613.22,-328.01,-182.2,-293.47,-296.39,-132.12
-232.87,-334.62,-258.39,-56.018,-128.94,-115.3
-563.17,-277.09,-311.07,-40.019,-278.72,-319.08
-425.23,-415.34,-178.02,-241,-451.43,-8.1765
0.78,0,0,0,0,11.475
-199.37,-199.42,-199.32,-35.083,-12.021,-151.01
-380.49,-263.31,-235.48,-381.18,-64.243,-491.46
-199.22,-197.71,-197.12,-265.01,-263.13,-130.26
-388.9,-300.92,-645.47,-571.13,-177.6,-351.79
-307.34,-279.72,-269.48,-216.69,-233.7,-4.6624
-199.22,-290.79,-205.8,-205.21,-167.26,9.4114
-130.57,-136.63,-172.57,-358.37,-182.63,3.9244
-315.13,-355.31,-204.79,-257.03,-241.29,0.93579
-266.32,-608.06,-532.59,-273.16,-568.31,0.53015
-59.937,-364.24,-380.11,-193.94,-199.71,-0.04697
-19.332,-199.92,-42.964,-0.42,-9.1251,-201.87
-567.9,-715.39,-540.86,-591.38,-589.68,-143.49
-538.91,-486.27,-573.52,-442.25,-507.43,-397.79
-199.22,-199.05,-2.7646,-4.4967,0,0
-357.07,-505.74,-497.63,-370.12,-440.38,-32.402
-128.58,-200.42,-217.29,-7.0582,-151.97,26.365
-192.88,-30.76,-26.806,-10.616,0,16.247
-483.63,-289.91,-459.89,-421.68,-464.1,14.9
-528.39,-676.46,-371.99,-251.11,-429.58,38.525
-547,-331.83,-326.12,-332.51,-143.11,-760.77
-370.63,-436.03,-243.79,-97.09,-237.64,-357.18
-379.36,-333.01,-326.3,-210.11,-301.03,-331.36
-581.78,-320.39,-304.71,-152.72,-35.87,-262.87
-321.65,-192.88,-212.82,-173.57,-30.406,-129.7
-355.23,-155.11,-118.96,-355.05,-8.669,24.087
-571.45,-541.75,-292.04,-198.77,-356.74,22.526
-356.69,-116.35,-576.75,-257.65,-139.33,29.016
-356.14,-650.85,-254.97,-238.1,-310.23,26.262
-34.846,-0.42,0,0,0,0
-35.268,-0.73007,-0.21145,0,0,0
-7.6862,-205.38,-36.71,-6.0065,-1.8697,-615.36
-224.77,-26.821,-24.953,-5.8183,-11.337,-12.766
-15.71,-7.754,-3.8907,-0.3026,0,0
-225.79,-41.836,-13.53,-0.067189,-9.1882,-368.72
-30.392,-11.364,-28.46,-37.101,-8.3767,-388.13
-133.02,-18.839,-277.13,-1.9591,-4.4406,-515.56
-5.1584,-68.325,-60.112,-98.498,-2.5128,-196.73
-104.31,-49.552,-34.697,-31.019,-33.707,-466.38
-198.23,-223.25,-34.654,-32.994,-32.463,-231.92
0,0,0,0,0,0
-173.78,-47.384,-28.706,-34.615,-34.483,-447.52
-438.55,-68.341,-41.619,-28.887,-18.1,-395.69
-9.752,0,0,0,0,0
-301.26,-87.638,-34.375,-28.807,-34.588,-303.07
-71.349,-317.93,-29.204,-21.491,-29.38,-367.71
-247.76,-151.03,-13.432,-13.213,-16.595,-372.53
-177.89,-167.67,-34.061,-34.449,-32.648,-84.393
-146.54,-39.188,-35.515,-36.826,-37.064,-126.2
-261.86,-14.262,0,0,0,0
-151.06,-243.48,-36.98,-35.878,-34.374,-47.357
-155.96,-143.21,-34.086,-35.4,-35.223,-123.14
-3.3543,-233.92,-1.8394,-0.60479,0,0
-262.15,-46.911,-40.331,-29.942,-38.161,-100.52
-216.13,-337.9,-34.728,-34.741,-23.062,-108.65
-345.63,-158.98,-9.4262,-15.332,-14.632,-200.13
0,0,0,0,0,0
4.7113,0,0,0,0,0
-18.811,-20.743,-31.158,0.65425,1.8993,-27.637
-268.77,-14.178,-22.654,-6.5519,-5.7697,-5.021
-15.446,5.0259,-15.687,0,0,-49.155
-201.68,-266.62,-3.5512,-7.7205,-4.3319,-8.9265
-67.838,-22.375,-11.136,-6.8563,-9.7403,-10.62
-15.59,-8.4687,-12.718,-18.371,-5.2216,-56.13
-4.1949,-222.45,-4.4003,8.9504,0.047537,-46.681
-85.513,-205.07,-36.901,-32.566,-36.434,-745.82
-240.7,-143.96,-30.143,-36.62,-36.69,-396.8
5.2796,0,0,0.08,0,0
-207.4,-119.42,-25.524,-27.896,-25.814,-26.537
-125.81,-283.08,-28.077,-26.776,-27.419,-21.503
3.5485,1.2401,0,0,0,10.185
-206.95,-54.25,-216.06,-13.959,-11.659,-11.481
10.508,1.2425,2.4421,0,-1.02,0.73132
-6.6274,-8.89,0,0,-1.02,-1.1408
-86.997,-38.381,-37.31,-35.983,-37.39,-544.17
-175.96,-91.345,-35.953,-37.865,-37.779,-551.85
-18.347,-31.214,-0.25688,0,0,0
-196.89,-102.16,-28.577,-38.669,-37.765,-223.48
-44.49,-237.25,-33.117,-28.512,-33.613,-158.7
-48.341,4.0167,0,0,0,0
-92.771,-216.46,-36.762,-32.373,-36.749,-34.122
-0.6396,0,0,0,0,0
-38.561,-10.472,-7.8831,-11.527,-12.756,-195.96
-28.437,-3.1181,-6.0813,-3.9509,0,0
-30.361,2.3089,0,0,0,0
6.5455,0,0,0,0,-3.5148
-22.358,-6.4189,-4.4285,-2.517,-2.0366,-5.15
-12.798,-1.6126,2.853,0,0,0
0.56038,0,0,0,0,-2.3939
-163.24,-358.88,-8.4774,-11.352,-11.278,-4.0055
-91.082,-58.338,-3.8171,6.5259,-3.3112,-3.2123
7.899,-155.17,18.89,1.8348,-0.97594,6.9191
-151.7,-167.14,-27.338,-36.231,-36.796,-582.23
-194.31,-10.16,-4.0448,-3.5873,-4.0401,0.72245
0,0,0,1.9582,0,0
-194.87,-201.74,-27.9,-28.011,-27.056,-131.17
-201.52,-197.73,-13.29,-8.1468,-7.4337,-0.44721
-1.6911,0,0,0,0,0
-201.5,-1.3685,-2.7618,0,0,0
24.098,-17.316,-171.97,8.1814,8.8678,31.853
-172.62,0,0,0,4.3197,36.3
-79.658,-87.838,-38.596,-29.311,-38.982,-781.33
-184.19,-220.98,-35.495,-34.208,-34.902,-485.56
-7.1655,0,-4.8625,0,0,0
-93.32,-215.23,-33.519,-36.166,-36.303,-184.6
-354.75,-141.75,-8.4604,-3.8296,-6.7092,11.536
-201.3,-0.42,-202.45,-6.2755,0,0
-290.04,-135.54,-19.607,-10.196,-12.629,-142.17
-143.89,-87.109,-178.25,15.487,1.1285,0
-199.22,-0.33147,-1.22,-1.1293,-0.3894,20.742
-1.3758,-0.62,-0.75054,-0.92,-0.64947,-14.233
-6.6124,0,0,0,0,0
-18.758,-21.45,-9.7848,-5.0542,-0.2309,-423.92
-36.118,-18.733,-12.659,-14.895,-0.92705,-221
-11.259,-6.6736,-0.22,-1.9954,1.9057,-0.9
-45.409,-6.487,-13.691,1.8038,-4.4588,-200.84
-29.26,-14.54,-28.472,-18.506,-4.277,-439.34
-21.844,-2.1454,-48.056,1.1228,-0.87827,-0.82851
-11.656,-65.625,-51.635,-13.95,0.98512,-14.245
-1.4035,0.11709,-5.1849,-1.1467,2.2312,-204.5
-30.729,-41.573,-6.4866,-3.9555,-5.9477,-379.83
-23.415,-0.42,1.8078,0,0,0
-182.02,-10.042,0.078721,-10.818,-10.817,-150.08
-31.53,-3.4366,-3.4659,1.678,-5.2088,-202.67
-0.87224,-7.2416,-18.099,-0.59627,-1.6311,-37.848
-13.287,-35.947,-30.407,-0.68089,-4.0451,-5.7238
-0.50386,-0.73456,-3.7225,4.3295,0,-5.5179
-1.6033,-2.261,1.2629,-1.22,-0.91675,-3.2669
-1.0673,-0.63305,-3.9167,-7.5534,-1.6214,-1.5469
-96.273,-5.8444,-5.326,-0.39671,-6.1136,-6.3332
-27.534,-8.1571,1.8954,-2.1504,-0.6827,-0.98327
-149.28,-10.547,-0.41643,-4.5114,-10.461,-105.9
-4.1393,-4.0914,0.72668,-4.7004,-8.098,-7.4262
-17.751,-14.401,2.8782,-1.0557,-1.02,-1.4261
-79.234,-31.515,-5.6398,-8.0543,-4.2601,-10.119
-1.9914,0.018764,-6.5218,-1.7635,-1.3318,-4.9375
-17.145,-7.6851,-0.16753,-0.16848,-0.7873,-203.16
-152.6,2.8832,-1.9146,-0.72588,-2.1221,-203.4
0,0,0,0,0,0
-3.3069,-12.803,-10.913,-3.2065,-3.7182,-4.6801
-18.084,-176.14,-33.564,-11.975,-4.3674,-13.011
-0.6776,-7.5775,2.8916,0,0,0
-22.37,-1.651,-11.34,-0.58275,-2.121,-16.978
-80.126,-104.87,-4.9815,-1.8004,-7.4438,-12.784
-3.0005,-7.5605,9.0092,0,0,-2.9803
-11.746,-7.3999,-2.1964,-1.8378,0.25409,-3.5223
-29.292,-27.602,-6.4185,-9.6099,-12.994,-371.72
-12.479,-7.6149,-5.7182,-3.5323,-1.2126,-141.81
-8.2493,-3.9417,2.7895,0,0,0
-399.29,-14.12,-12.299,-13.967,-13.388,-13.509
-131.37,-15.993,-4.44,5.9848,-7.1273,-21.137
-2.9989,-7.537,-0.65386,0,0,0
-9.7836,-40.643,-5.8319,-1.9024,-5.8778,-5.4163
1.2512,-8.4717,5.928,-0.78715,0,0
-12.812,-3.5841,-0.35127,-1.5541,0,0
-6.318,-25.289,-1.7467,-5.966,-7.1284,-256.93
-4.5701,-33.31,-9.092,-6.7848,-9.2806,-145.89
-3.5037,-11.456,-3.7767,0.26204,-2.7994,-198.71
-8.1659,-9.7981,-6.9888,-4.2426,-9.367,-198.8
-126.62,-11.019,-7.0023,-8.9049,-4.2115,4.5793
-203.88,-0.9376,3.3402,-1.0284,-1.029,-2.7713
-13.678,-160.9,-4.9637,-5.8644,-2.5546,-11.732
-0.36191,3.4088,3.3588,-0.88625,-1.22,0
-5.1554,-0.27727,5.9111,-1.0806,-0.96912,-0.048165
-18.448,-0.21444,-0.52,-0.28693,-1.4941,-200.44
-0.32,-0.23181,0,0,0,0
-9.9027,-0.59977,2.1637,0,0,0
-4.6712,-6.3427,0.91099,-1.9242,-2.8203,-3.0667
9.7365,0,0,0,0,0
-0.57069,-13.324,-153.55,3.2868,-3.2103,-0.74856
-7.5912,-26.517,2.6113,-2.3318,-3.0859,-8.9737
1.8149,8.6269,0.46436,0,0,0
-4.9045,-2.2653,2.3427,6.8984,0,0
-27.659,0.37221,-3.9118,-2.2245,-1.7092,-2.1769
-1.3327,2.0397,0,0,0,-2.1635
0,0,-0.12,0,0,0
-3.2932,-6.8653,-2.2782,-2.7866,-3.047,-3.5142
-3.2017,2.4085,-1.1963,-1.22,-194.39,-3.2152
-4.6519,-0.057206,-0.22,-0.42,-0.0087499,4.4937
0.078731,-0.13529,4.0162,0,0,0
8.0493,0,0,0,0,0
8.3898,0,0,0,0,0
-9.6863,-8.9603,-5.0939,-7.5265,-6.0711,-739.35
-2.1786,-3.1158,-1.7692,-4.2425,-1.3001,-156.96
-2.9639,-0.42,3.1166,0,-2.3247,4.4645
-20.339,-169.94,1.2796,-4.8388,-10.806,-70.57
0.12324,4.2207,-1.7369,-6.7112,-1.2412,12.34
-91.821,-90.94,-149.95,-0.43901,-0.92664,13.595
6.694,-91.863,5.9505,0,-1.6939,15.419
-0.92,25.64,4.1286,0,0,3.4841
-134.63,-82.495,1.3652,0,1.8161,20.26
-28.998,-58.943,-18.044,-30.216,-30.349,-466.13
-40.239,-39.916,-47.86,-23.15,-42.379,-533.08
-102.82,-99.975,-109.6,-20.86,-85.064,-499.48
-75.79,-93.819,-96.003,-33.331,-67.096,-500.19
-46.63,-38.508,-36.028,-54.383,-31.261,-527.37
-35.757,-102.52,-67.257,-88.319,-76.44,-847.51
-99.153,-100.65,-52.383,-66.363,-47.508,-699.11
-148.15,-96.55,-109.65,-47.668,-68.543,-984.52
-90.184,-148.75,-108.87,-41.443,-84.218,-783.97
-35.605,-5.3124,-4.6404,-5.557,-8.16,-1.7689
-6.6316,-15.212,-5.8156,-4.8723,-5.943,-3.169
-32.242,-48.024,-36.235,-27.974,-24.929,-200.8
-65.483,-52.051,-61.988,-27.046,-27.164,-284.17
-56.346,-50.595,-39.249,-39.742,-30.121,-69.27
-65.675,-51.409,-41.289,-31.803,-51.924,-243.44
-88.412,-42.211,-32.255,-26.363,-39.632,-439.67
-115.77,-64.694,-66.038,-58.699,-57.857,-338.18
-63.129,-74.601,-50.294,-25.239,-71.945,-372.13
-14.319,-13.764,-14.906,-16.131,-13.626,-138.34
-13.725,-10.174,-8.7575,-9.4503,-9.4899,-201.1
-40.286,-40.499,-40.766,-33.819,-26.524,-168.22
-55.647,-51.354,-33.689,-40.741,-24.265,-227.68
-60.768,-33.601,-28.943,-28.119,-23.073,-100.23
-63.456,-61.208,-56.206,-43.556,-28.713,-241.29
-55.558,-67.998,-46.947,-48.184,-32.005,-133.12
-98.289,-51.262,-38.544,-27.666,-29.217,-73.106
-67.16,-60.583,-51.075,-50.662,-19.218,-370.44
-55.542,-34.127,-34.153,-24.281,-36.914,-333.26
-100.44,-40.648,-50.218,-77.675,-29.509,-223.1
-68.224,-107.52,-57.601,-24.829,-59.351,-39.098
-53.565,-51.818,-36.227,-80.178,-27.726,-38.701
-39.031,-38.062,-45.413,-44.65,-32.628,-57.232
-94.286,-69.081,-57.918,-49.722,-23.287,-71.683
-34.436,-81.082,-82.89,-66.435,-97.05,-80.337
-61.868,-64.152,-42.547,-43.254,-38.796,-71.252
-37.087,-42.839,-44.193,-23.446,-31.464,-37.136
-49.79,-45.135,-49.201,-27.066,-29.629,-336.01
-60.808,-61.659,-64.894,-21.646,-69.89,-177.31
-74.32,-34.601,-47.227,-58.573,-30.963,-59.218
-30.867,-49.143,-31.947,-25.427,-25.379,-30.988
-55.637,-43.713,-35.713,-34.129,-30.296,-115.66
-53.369,-36.051,-45.16,-32.328,-24.833,-71.898
-34.657,-10.389,-10.917,-13.674,-14.42,-13.629
-41.924,-38.657,-56.092,-41.72,-26.711,-88.668
-5.3493,-1.9408,-6.7248,-6.1468,-6.2536,-3.8807
-48.371,-56.128,-39.498,-55.419,-32.611,-274.94
-37.495,-43.189,-37.334,-28.469,-36.912,-196.5
-53.023,-59.653,-47.02,-37.132,-25.795,-62.866
-43.542,-40.604,-40.555,-29.205,-33.253,-64.649
-55.612,-44.143,-53.566,-37.983,-24.167,-205.49
-77.931,-72.808,-44.758,-28.281,-46.211,-45.882
-36.48,-65.587,-46.66,-36.496,-29.649,-157.02
-8.9858,-8.2361,-7.5756,-6.0527,-6.5383,16.969
-15.921,-6.8366,-0.65736,-7.2168,-9.2647,-96.018
-118.73,-45.929,-46.313,-46.358,-33.612,-493.08
-98.08,-80.909,-59.457,-38.294,-30.987,-153.64
-66.63,-42.585,-62.102,-53.278,-23.819,-146.47
-32.897,-40.097,-36.023,-24.674,-56.104,-158.96
-24.89,-36.927,-17.43,-25.758,-18.754,-201.68
-33.394,-12.816,-13.806,-12.388,1.4106,-6.5628
-32.33,-32.988,-58.968,-16.186,-25.719,-56.668
-28.994,-45.045,-28.041,-12.135,-32.211,-80.425
-6.3057,-3.7293,-4.5816,-24.255,-10.918,10.36
-27.451,-50.358,-38.466,-23.638,-27.211,-199.68
-94.373,-46.576,-93.171,-38.139,-30.546,-311.13
-131.72,-75.725,-70.689,-61.088,-69.328,-498.41
-20.275,-5.7432,-4.7194,-4.6281,-6.2326,9.9589
-41.835,-39.584,-49.742,-36.301,-28.729,-88.351
-9.8819,-12.274,-10.831,-5.7777,-5.481,31.007
-33.373,-27.925,-4.7956,-41.345,-9.9943,-197.65
1.9781,-9.8249,-28.462,-10.248,-29.401,-186.92
-24.063,6.4595,0.68838,2.5447,-11.824,7.5737
-67.588,-75.656,-46.665,-56.907,-31.246,-738.04
-95.436,-76.022,-61.277,-38.36,-69.722,-277.52
-44.094,-86.445,-55.864,-55.233,-67.377,-569.43
-44.93,-36.007,-43.094,-38.364,-26.112,-88.709
-11.776,-0.4956,-7.8758,-4.6418,-5.8037,-170.43
-18.571,8.6704,-12.751,-3.7539,-12.017,25.987
-22.595,-25.774,-26.397,-20.014,-22.71,-259.05
-6.8434,-6.4226,6.9205,-15.02,-19.181,23.869
2.0167,2.984,7.4774,3.7798,2.263,25.92
-18.973,-4.4325,-0.054381,-2.0377,-0.3156,-2.8023
-0.39996,-1.9612,1.6732,0,0,-14.895
-8.4935,-9.7913,-1.8099,-2.918,7.8362,-708.06
-17.168,-33.933,-21.965,-11.288,-15.89,-223.03
3.2944,-6.0371,-1.9965,3.6853,0,0
-9.8565,-35.885,-15.926,15.824,-13.766,-657.65
-91.61,-51.215,-30.903,-0.77479,-8.4536,-171.65
-2.2525,1.253,2.5007,10.74,3.8419,-685.71
1.1714,5.2217,6.8441,18.347,7.2772,-637.71
-65.143,-31.942,-30.249,-30.407,-28.741,-223.78
-41.093,-31.582,-26.06,-30.396,-31.901,-417.71
-4.3814,-4.23,-3.8518,-0.80029,1.8951,0
-31.144,-37.516,-22.973,-51.096,-31.027,-438.39
-30.551,-47.045,-29.71,-29.551,-29.835,-497.89
2.8303,-0.20444,0.52855,17.247,2.7707,0
-32.544,-48.182,-25.988,-25.196,-29.623,-473.09
-20.403,-56.344,-20.451,-2.4113,-20.953,-250.91
-23.177,-24.762,-13.301,-7.7422,-11.657,-366.2
-28.425,-29.46,-28.54,-28.52,-27.833,-100.85
-44.882,-51.437,-25.984,-29.955,-30.123,-401.45
-1.7096,-4.0843,-1.3359,-0.62312,-2.2922,-0.6758
-37.958,-30.814,-32.531,-32.332,-32.6,-82.709
-29.68,-55.902,-28.935,-27.599,-28.84,-41.029
-8.3772,-8.118,-4.1745,-3.6744,-0.34326,-199.67
-40.273,-49.339,-32.541,-32.746,-32.477,-56.385
-28.401,-23.671,-25.786,-23.35,-27.937,-27.033
-23.532,-20.612,-19.795,-21.022,-12.652,-235.31
-11.267,-14.532,-5.2664,-8.3998,-6.0676,-5.1131
-26.433,-1.8307,-1.2808,-0.74308,8.6869,-285.69
-6.9123,-2.8438,-10.247,11.781,0.82456,-38.758
-62.625,-13.467,-25.755,-12.604,-14.404,-21.055
-4.3609,-8.5263,-2.151,-2.8317,-1.2902,-2.8695
-26.307,-7.6242,-3.2299,-3.041,-6.5651,-13.21
-42.52,-67.139,-10.279,-9.2052,-6.0857,-24.597
-11.088,-2.5167,-8.4625,13.705,1.7202,-16.331
8.7297,5.5192,3.9598,10.993,9.322,5.7039
-34.657,-95.465,-30.512,-30.498,-27.553,-591.56
-33.248,-37.984,-25.463,-11.277,-25.578,-601.45
-1.9448,2.6119,-1.8774,-3.475,-2.6382,-193.15
-33.936,-38.039,-21.267,-84.218,-151.75,-94.508
-15.267,-11.151,-10.293,-4.4884,-12.835,-15.486
-0.8303,5.3641,7.7741,4.1239,1.6215,4.6953
-29.87,-37.687,-24.237,-24.271,-24.956,-16.041
-4.9346,-11.471,-5.5763,4.003,-5.9144,-6.3897
2.0803,6.7524,4.8201,1.9541,-0.15533,-57.176
-33.464,-29.557,-31.952,-31.932,-31.624,-489.89
-34.637,-42.336,-29.76,-24.636,-29.968,-595.59
-6.1982,-26.879,-6.2479,-9.4485,2.5651,-150.75
-35.969,-37.552,-31.222,-31.041,-32.259,-53.758
-49.81,-31.929,-28.576,-29.73,-19.892,-106.42
-1.6651,1.1863,0,0,2.9967,0
-32.247,-33.564,-18.844,-31.785,-31.931,-63.871
-0.96764,-13.215,-2.102,-4.6672,-5.7635,3.5714
-1.4829,-4.6662,-3.0075,-1.7887,-2.0196,5.3073
-1.3793,-2.4979,-5.014,-3.1443,-1.2531,-200.6
-70.817,-6.9912,0,11.11,-0.82,-159.5
6.7639,10.484,-17.704,2.363,0,0
-4.9126,-6.9268,-7.2858,-4.8652,-3.3558,-6.0221
-0.26302,7.1538,0,0.77029,0,0
16.491,0,2.6196,3.7086,3.0316,2.3709
-29.157,-15.804,-8.3901,-1.8948,-4.7459,-3.8354
5.8558,9.463,10.273,10.093,2.8891,-6.5028
19.108,15.362,14.779,14.532,7.8943,5.5865
-50.123,-30.097,-28.932,-28.946,-14.735,-355.19
3.5244,10.088,31.933,7.0274,7.4041,-515.59
5.3965,24.683,10.261,5.0047,2.474,-48.056
-51.396,-18.801,-24.784,-24.922,-25.105,-110.08
1.2186,9.5002,9.0632,3.1732,2.7248,-11.12
18.599,0,0,-4.3241,0,-172.81
-0.95337,-16.11,-1.02,-1.547,-1.02,11.903
8.4884,28.503,25.472,9.3095,4.9042,-53.947
31.28,18.977,21.223,16.11,8.1223,-36
-62.75,-37.991,-33.444,-30.4,-33.226,-397.09
-38.982,-60.446,-28.096,-27.956,-28.302,-668.37
-2.4187,-4.966,-6.3755,-8.7011,3.5542,-192.38
-37.432,-33.034,-31.789,-31.501,-31.884,-83.941
11.075,0,-1.8712,0,0,1.6925
17.288,4.431,0,4.9119,0,0
-24.999,-31.075,-26.693,-26.256,-28.326,-79.734
0,8.0537,0.94619,5.8672,4.129,30.222
28.359,3.9013,13.545,0,0,6.6517
-3.7366,-1.3178,7.0054,3.1557,11.06,-336.59
1.7144,13.166,2.6591,3.0028,1.972,-359.18
1.2062,4.0368,-0.81223,10.871,4.4366,-505.31
-11.823,-3.4045,10.686,0.45221,-40.98,-417.01
4.6298,7.4483,22.266,5.0333,6.8992,-20.368
1.7594,-5.2888,8.1733,10.936,8.144,-835.47
0.12679,-0.45371,11.053,0.87351,3.5298,-696.75
8.5065,8.3396,19.705,7.2041,3.3674,-396.06
-6.0204,10.857,4.0189,14.024,8.683,-765.51
-0.54064,8.3399,-0.30582,2.7355,7.5602,-556.69
-0.90227,0.5126,1.808,1.9011,3.3631,-371
3.349,6.8873,10.425,0,1.7507,-201.94
-0.088315,10.346,-7.7298,2.6928,0.27578,-310.95
-48.927,1.3408,-90.838,9.0931,-21.015,-523.36
-1.3472,2.2782,12.367,4.2365,5.3979,-204.62
-27.833,-5.8544,-7.0546,-73.39,10.769,-314.67
0.63167,1.6998,15.059,5.1398,0,-382.86
-9.9776,-5.2147,5.1707,0,2.258,0
1.0032,-1.3644,1.0536,-0.039305,4.542,0
-10.592,-0.38104,2.2185,3.4608,0.065428,-133.56
-2.2997,-2.0072,1.2295,5.4298,0.14813,-81.182
0.11677,0.68006,-0.15829,1.1163,0.65561,-90.112
-0.12605,11.624,1.5519,1.1391,-0.086251,-0.82365
1.3517,5.4675,16.068,2.4572,1.3684,-0.80129
-0.44448,-0.74304,-0.070406,1.2317,5.7811,-136.21
-20.673,-4.8567,1.1687,-1.7826,5.1909,-5.7573
-2.5527,4.0149,2.941,9.5636,0.61119,-102.51
-3.7185,-0.7155,3.8965,4.4428,0.61025,-412.25
-3.9622,5.0689,0,19.293,-1.3731,-134.93
4.1137,3.6352,2.4528,4.864,11.595,-307.25
-11.323,-9.2987,-10.302,6.0923,-10.616,-13.184
-7.1118,17.421,3.969,3.293,4.6885,0
-4.3653,3.5731,1.085,7.1143,0.097718,-6.9619
-3.1953,-2.2453,-13.457,11.78,-4.3432,-17.493
-0.64212,-0.33681,20.46,4.9507,1.7489,-6.5361
9.5686,8.5209,15.848,10.234,6.2595,-2.3436
-7.4926,-1.0903,8.2278,-2.1214,-0.98546,-367.77
0.27475,1.7945,4.8966,3.3123,10.389,-149.29
-0.13797,-2.8484,10.261,-0.71725,0.94317,-198.97
-10.726,2.8347,-43.296,-26.547,-84.497,-13.852
2.8758,3.4155,9.3749,3.4164,3.9978,-20.856
2.6044,0.15556,0,-0.28721,6.7293,-2.1449
-3.6163,-5.5122,-9.0002,5.0064,-7.7836,-9.0006
7.0339,2.3697,0,14.526,1.053,-1.6347
-0.84573,2.4384,10.177,0,1.5493,0.044565
-3.9751,0.55989,-1.4691,10.938,-0.2692,-401.54
-0.71719,6.0893,0.65901,0.03775,4.8127,-115.31
4.356,1.3698,1.5666,-1.6949,8.092,-61.016
-9.4088,5.9989,-0.84059,-1.0697,-1.2902,-48.545
-0.17638,-0.37871,9.6248,3.0456,-1.5102,3.7653
2.516,3.6209,0.37019,4.9515,-5.8001,5.7111
-78.525,4.5522,3.0042,-2.4992,-1.7848,-19.908
-9.1298,11.789,0,0,-1.3369,0
-2.111,4.7973,13.87,2.936,0.49723,2.7138
1.324,2.2556,10.839,0.73474,1.9295,-195.8
-0.67736,9.1992,0.12939,0,0,0
-0.25238,16.051,0,0,4.0306,-1.6161
-4.0619,7.7853,-4.7402,-4.5756,-1.3478,-2.4336
10.165,0,2.9071,0,-160.24,2.3441
7.0626,15.727,11.537,5.1651,7.0089,-2.147
1.045,-0.69392,3.5806,6.0863,-0.77769,-2.9186
18.808,0.97192,2.2662,0.31549,1.6403,-1.2829
2.592,15.776,17.47,10.111,7.1512,7.8099
-2.5144,-1.537,1.0941,1.6941,-4.0773,-200.86
-1.8629,1.6343,4.9426,15.252,0,-159.74
16.155,0,0,5.7271,0,0
7.3397,-1.233,-4.7447,-0.066104,-4.984,-1.4036
1.9853,11.276,2.8947,3.176,4.4097,-5.8209
0,0.78994,0,0,0,16.457
1.4633,0,0.63317,5.348,1.5,1.5124
12.389,3.8878,0,0.040553,2.6217,0
-4.1711,16.076,0,0,0,1.1948
-5.4896,-2.9601,4.9284,-0.22899,-0.52661,-372.88
-0.43213,21.577,2.2811,2.4273,-2.4728,-301.81
3.6977,-4.974,13.494,3.8159,3.4216,-382.62
-8.8317,-3.4368,-8.2783,-3.1008,5.528,-53.34
14.164,1.8253,-5.088,2.06,2.6043,10.074
11.975,16.075,12.177,1.7131,2.4427,12.635
-10.18,10.193,1.2816,0.10425,0.19,-101.58
0,1.7456,10.565,3.6798,0.50824,0
27.312,22.593,14.827,10.165,5.4083,14.753
-15.943,-10.827,-7.5741,-12.709,-14.1,-563.82
-17.63,-17.637,-10.876,-14.723,-8.0573,-494.59
-6.9688,-14.994,-14.606,-15.823,-14.145,-705.59
-15.412,-19.89,-24.826,-20.759,-18.142,-621.56
-11.335,0.73374,-11.171,-14.7,-29.086,-444.4
-11.161,-11.693,-15.208,2.192,-8.6237,-536.74
-7.7316,-12.572,-12.894,-10.211,-14.895,-880.63
-12.481,-10.888,-14.147,-0.75755,-13.452,-889.39
-8.2873,-8.788,-13.296,-8.6161,-6.9866,-511.8
-4.1519,0,0,0,0,0
-2.5727,-4.1545,-2.3973,0,0,0
-9.6109,-12.199,-7.7524,-9.6296,-9.0853,-104.19
-12.055,-12.702,-10.732,-11.967,-12.35,-382.14
-14.631,-14.104,-10.24,-7.7677,-10.384,-16.191
-16.632,-10.194,-4.4471,-9.2138,-10.129,-41.008
-10.714,-11.356,-11.608,-7.3936,-10.129,-161.78
-13.576,-11.338,-5.641,-11.594,-11.373,-346.93
-11.265,1.9767,-3.7234,-6.0648,-9.1746,-318.31
-1.7595,-0.83286,-1.4692,-0.62033,-1.9973,0.89323
-11.665,0.21959,0,0,0,0
-11.369,-11.221,-11.462,-10.538,-12.786,-100.64
-19.62,-16.327,-17.81,-17.622,-17.053,-26.961
-8.1048,-3.0349,-3.5009,-4.9772,-3.224,-2.75
-9.6712,-16.688,-12.912,-9.8612,-13.045,-124.29
-18.815,-10.583,-15.737,-15.827,-15.631,-93.613
-14.126,-11.897,-13.01,-13.677,-12.127,-125.88
-9.8585,-9.1762,-1.5888,-13.876,-11.782,-337.89
-19.263,-15.176,-6.9853,-14.303,-14.321,-436.16
-11.683,-6.9431,-6.7571,-8.8196,-11.729,-495.3
-9.0633,5.8791,-8.9947,-6.5978,-8.6886,-8.5329
-10.338,-15.228,-16.282,-13.958,-13.77,-172.52
-11.32,-16.456,-7.1352,-6.0769,-13.576,-18.824
-10.462,-9.6002,-7.4719,3.4653,-7.4518,-12.19
-19.35,-13.283,-15.393,-16.124,-15.946,-21.117
-10.263,-5.6683,-12.613,-9.4633,-8.3727,-46.659
-10.535,-4.5637,-11.008,-6.4837,-9.6442,-8.5084
-9.3229,-9.7569,-9.1608,-8.535,-8.9405,-203.18
-13.543,-11.407,-8.3424,-14.278,-12.765,-153.58
-6.9044,-12.986,-7.0758,-10.386,-10.025,-388.7
-8.3216,-8.4716,-7.2366,-8.1783,-8.694,-9.1875
-13.487,-0.016859,-12.82,-11.002,-13.356,-12.532
-8.7315,-1.8567,-7.5606,-7.9417,-7.9733,-90.551
-3.5565,-6.2307,-0.84916,-7.7023,-1.2883,-0.5076
-6.7974,-6.6684,-8.2791,-2.8119,-10.381,-147.29
4.2071,0,4.2141,0.89763,-2.3876,2.4167
-11.982,-11.404,-10.787,-11.347,-13.638,-78.517
-7.3899,-8.4747,-6.7255,-7.2242,-7.6793,-188.2
-13.185,-13.12,-6.4025,-16.219,-13.59,-216.09
-13.606,-12.473,-13.112,-13.296,-14.805,-72.882
-5.3074,-9.7802,-8.9327,-8.7438,-10.903,-192.31
-9.3997,-6.1243,-9.4763,-10.959,-11.5,-17.017
-10.848,-17.212,-10.366,-1.303,-10.141,-34.204
-0.13478,-4.271,0,0,-2.0081,0
2.5322,1.5178,1.6294,-1.0759,-0.86868,2.8481
-12.346,-12.746,-14.854,-9.1718,-13.057,-686.96
-12.462,-13.765,-2.7678,-12.902,-16.091,-325.8
-6.9955,-4.9717,6.3844,-6.7392,-8.3532,-320.55
-4.6551,-7.4481,-7.1745,-8.527,-6.0309,-5.2721
-5.5837,1.527,-4.7144,-4.5383,-5.2264,-4.0142
5.5841,2.0173,11.406,3.4016,2.1075,3.9921
-4.6428,2.1424,-2.8154,-5.1843,-2.5526,-5.5932
-6.7579,-7.3823,-5.0746,-12.797,-6.7376,-125.02
3.6763,9.4057,5.8198,-2.9283,2.1863,4.7725
-11.559,-11.827,-5.6754,-12.519,-11.372,-361.43
-6.1235,-8.5191,-8.2068,-11.758,-14.42,-467.99
-11.905,-12.204,-12.562,-16.957,-11.958,-320.58
-0.5236,3.9696,0,-0.52,0,0
-9.2592,-7.1407,-10.481,-7.4152,-9.5311,-110.95
4.5203,0,5.2076,2.7722,-2.7871,30.572
-0.15077,-3.1215,-0.064633,3.3086,0,0.60944
9.2367,5.9948,8.8793,0.93833,-2.9071,-20.612
8.7742,8.2112,18.258,7.4665,7.5971,13.901
-16.598,-16.107,-15.245,-12.457,-13.913,-490.29
-13.453,-11.463,-15.055,-14.959,-13.72,-246.92
-3.5962,-13.224,-8.8782,-16.447,-15.916,-612.6
-12.478,-2.3263,-10.953,-10.663,-16.019,-90.881
11.888,0,7.0747,-3.8897,0,4.1047
22.557,8.4257,8.364,0,-0.34069,10.737
0.31379,10.876,-0.10155,0.48401,-2.2734,0.4259
19.492,0,0,0,1.6967,0
2.3364,18.957,8.3721,1.6048,0,5.557
-3.4663,-1.3635,12.836,1.2343,-2.1499,-2.6091
22.717,23.471,30.613,19.009,12.965,-149.19
29.664,34.194,26.042,17.676,19.705,-646.23
-7.342,-3.7324,-3.786,-5.5552,10.036,-489.3
21.975,22.306,22.433,27.209,19.027,-671.47
24.228,23.01,21.966,30.89,20.052,-688.82
-10.488,-0.74042,-2.4957,7.1813,10.108,0
25.698,24.731,26.633,22.303,21.858,-899.99
35.524,38.917,37.503,29.645,21.02,-849.94
-10.818,-8.4094,-13.442,-12.98,-13.041,-255.23
-17.882,-13.771,-17.564,-17.524,-17.856,-474.62
-0.43478,16.266,0,0.93593,0,0
-12.763,-15.23,-12.669,-8.5519,-12.175,-69.631
-8.318,-4.5566,-5.9891,-2.1168,-6.5156,-367.27
20.562,24.623,20.716,18.844,19.856,-2.5253
-8.67,-11.474,-11.239,-11.771,-11.026,-166.65
27.851,21.806,43.389,15.292,15.668,-481.84
19.89,19.205,31.724,14.452,14.982,-333.05
-5.1347,-3.7737,-5.8745,-4.2714,-4.1321,-3.9521
-16.28,-12.558,-12.18,-11.91,-12.171,-364.17
-0.52,-10.49,-0.96584,-1.7687,-2.5322,0
-15.68,-14.406,-13.429,-14.06,-13.419,-37.609
-12.48,-8.8424,-11.638,-12.81,-12.66,-66.428
-6.1278,9.6558,-0.5833,-2.1256,-2.2364,-155.44
-16.255,-14.384,-13.335,-13.973,-13.8,-126.34
-7.9917,-7.0371,-7.7596,-7.8669,-7.575,-360.03
0.46547,-0.81326,2.0851,5.7554,8.7695,1.0816
-1.241,-2.7931,6.1076,-1.7964,-0.90344,-358.06
30.187,24.552,22.725,24.088,18.153,-100.72
35.37,20.696,17.948,22.333,21.447,23.062
-5.0998,-1.8702,-2.8796,-2.6563,11.237,-9.7724
25.268,22.002,26.607,20.168,17.949,5.4048
24.413,32.247,25.998,18.177,20.512,22.035
-1.1044,-1.3351,-0.31277,-0.12223,10.308,0
29.536,23.224,17.552,16.931,13.802,-42.38
27.237,33.337,29.856,28.962,19.488,19.025
-13.509,-9.4078,-11.603,-11.47,-11.856,-424.84
-4.8314,10.026,-4.9505,-0.59369,-4.905,-275.87
19.834,19.791,20.916,20.163,24.042,-57.282
-9.0374,-10.276,-9.2844,-9.4036,-9.1208,-3.2471
27.136,29.915,30.832,20.916,15.481,27.946
32.184,37.711,30.219,20.957,18.125,25.739
-4.0693,-9.3489,-2.4111,-2.1062,-1.6236,-2.7542
20.586,21.424,21.055,23.004,17.552,3.1966
25.177,23.606,26.117,18.935,14.971,16.854
-15.244,-12.449,-13.47,-13.722,-13.479,-229.86
-17.167,-11.399,-12.545,-12.654,-12.631,-421.84
-3.7335,-1.7376,-0.5059,0.080944,7.9987,-119.24
-15.358,-16.873,-14.654,-2.5108,-14.742,-32.38
-9.1577,-6.3563,-8.1403,-7.1493,0.71692,-191.85
3.7543,0,-1.3682,3.3573,0,7.6598
-8.4032,-5.5181,-8.4861,-8.0338,-10.846,-128.03
8.1985,-0.14138,-1.2092,-1.7282,-1.592,1.1539
-1.02,8.8189,-0.52674,0.90827,0,0
2.3865,0,0,1.4057,11.593,0
20.421,16.487,19.685,18.103,15.84,-569.93
28.735,28.127,26.669,31.71,16.57,-362.34
-0.11092,-1.7367,0,0,0,0
19.321,8.1237,28.767,15.205,6.4363,12.552
40.414,19.35,25.735,20.744,9.5379,5.9607
-2.6093,-0.48015,3.5699,-0.02,0,-0.11802
29.102,22.264,20.673,17.514,14.096,-47.584
38.839,33.021,30.042,21.268,18.095,-88.697
-4.7836,-5.5061,-3.8061,-4.0122,1.8477,-162.89
34.799,32.465,35.87,13.033,16.039,-289.07
25.512,39.405,31.428,25.098,18.745,-39.552
-1.007,-0.27032,-0.82,-0.82,-0.82,11.415
37.04,26.26,25.98,22.335,15.661,-26.526
25.067,40.191,21.587,18.176,9.9161,24.755
-1.5522,-0.019466,0,0,0,13.263
36.053,34.481,30.84,24.353,22.904,39.299
36.324,34.93,41.317,22.314,19.425,33.966
-13.706,-12.732,-13.256,-13.414,-13.354,-787.87
-5.9234,-7.6083,-7.2772,-7.6446,0.59279,-481.93
2.2552,4.574,3.2436,6.5909,0.98056,-147.06
-9.7464,-9.51,-8.6756,-8.6851,-3.1799,-142.65
33.311,17.671,4.2683,0.48,7.7135,7.6322
29.223,0,0,-0.76215,1.1034,4.7326
-3.3706,7.6688,-2.2711,-3.3001,-2.2478,-195.92
13.189,3.929,7.448,24.681,12.87,-188.8
1.7625,4.4764,23.375,0,3.5676,0
18.268,17.983,21.134,15.744,10.251,-562.98
20.54,14.694,21.906,9.2958,14.558,-361.76
17.537,33.814,13.882,16.594,12.474,-493.85
16.11,30.291,15.18,14.323,11.294,-640.84
18.81,18.218,19.751,20.135,18.089,-550.05
34.123,20.615,22.541,18.064,15.571,-650.43
11.52,15.171,15.386,12.493,12.422,-371.7
17.783,16.009,5.3444,21.579,12.008,-423.09
38.681,24.177,24.948,23.788,21.385,-886.23
11.591,17.592,3.5473,12.932,13.344,-416.52
6.9579,22.528,8.007,7.933,8.6932,-249.39
21.708,26.07,12.33,16.025,8.9968,-117.97
13.4,20.529,12.584,12.537,12.713,-317.67
13.04,23.998,13.46,14.815,14.914,-332.75
19.825,27.429,21.947,17.701,13.675,-27.946
7.9025,23.005,6.1407,7.5153,9.3484,-310.06
22.77,19.682,23.237,20.214,15.352,-397.06
24.333,34.514,25.958,23.905,15.589,-659.22
17.178,2.8548,2.0269,1.5615,1.3009,3.8738
16.137,5.0459,6.0766,5.1535,6.7688,-102.53
12.748,8.8299,21.973,12.084,6.3526,-0.64916
10.477,9.2223,8.0872,15.443,6.7937,-33.498
17.567,13.329,9.6025,10.74,11.616,-202.75
14.909,19.991,16.796,13.174,9.2739,5.5625
4.4719,23.964,14.117,12.524,13.344,-122.01
16.537,25.981,11.908,8.3616,11.052,-221.94
7.9214,13.481,19.697,15.097,9.2737,-866.49
21.294,11.357,14.956,13.792,13.418,-352.2
22.292,20.056,29.908,21.15,13.61,-148.47
33.874,21.008,17.474,19.645,16.421,-176.3
13.234,11.109,11.02,14.882,10.97,-12.355
20.321,17.483,8.1352,15.567,14.547,16.648
21.418,21.262,17.488,16.506,15.267,9.3334
24.914,7.9035,10.29,10.532,10.672,-14.332
31.888,12.715,18.822,4.5875,8.578,-1.0433
23,12.654,26.767,21.295,19.102,11.742
7.0865,16.907,7.505,8.7506,8.7276,-666.63
13.009,22.825,14.578,13.592,13.926,-131.95
22.964,31.091,22.566,18.122,16.467,-150.55
8.504,18.613,12.47,-29.986,10.175,-12.787
21.841,14.115,15.207,13.139,13.995,12.845
22.475,27.205,21.907,21.184,11.773,-24.834
-0.82464,22.024,2.8571,5.4703,7.5751,0
20.371,28.214,19.224,7.9145,3.1648,6.6392
0,-0.51938,5.0183,12.415,6.1469,4.9497
10.308,2.7633,18.339,5.0623,8.3891,-275.12
8.535,16.132,7.7189,9.1134,-150.25,-461.21
14.02,26.619,15.181,19.05,15.683,-55.81
19.426,17.148,13.867,14.257,12.094,7.9075
15.023,15.523,17.342,11.431,5.9499,3.3657
29.91,34.696,20.011,20.971,12.744,5.6936
15.482,12.892,7.3254,9.9207,10.572,8.3875
-0.42,27.88,7.6704,4.0408,4.68,6.9174
11.493,13.127,3.7107,17.409,7.3708,7.0965
4.083,7.8045,17.802,11.311,8.5621,-699.57
32.043,10.908,20.754,18.441,10.248,-350.66
24.153,32.267,23.184,21.936,20.863,-75.585
15.177,16.827,10.619,9.1332,6.6222,6.0216
28.975,9.1588,0,2.1982,2.1136,0
17.099,24.238,19.625,19.817,11.582,15.049
20.004,4.7273,4.6735,6.7425,4.0863,2.6519
21.237,0,0,5.3094,3.2046,0
32.366,21.027,14.978,18.732,17.686,12.681
9.3266,16.606,11.252,10.513,4.765,-493.88
28.802,29.639,32.222,17.475,15.341,-558.5
34.209,23.954,25.024,19.985,16.813,-290.27
12.427,3.6331,5.0362,4.189,1.7849,5.225
7.5316,25.963,0,6.8403,4.2298,11.828
26.485,3.5072,4.3124,1.9272,3.8047,0
17.878,0,1.8308,0,0,-1.9053
30.735,6.1761,8.1727,0,0,0
28.532,13.521,0,0,0,0
13.439,23.762,13.379,9.7056,10.838,-506.97
18.651,36.202,13.945,10.521,9.7369,-434.54
38.365,19.772,19.015,18.983,13.665,-628.26
19.072,8.1337,12.538,7.7453,7.4711,-42.547
30.498,8.7653,-72.019,7.6577,4.8237,7.3005
20.995,23.629,21.098,13.3,7.6345,17.782
14.09,13.796,14.506,13.912,12.212,-46.184
29.512,5.8124,7.8029,0,2.6256,0
33.787,12.479,19.585,11.974,9.7772,17.496
