-311.94,-337.43,-354.48,-212.6,-34.104,-200.71
-370.02,-326.31,-259.51,-293.43,-133.78,-244.72
-574.87,-459.12,-609.66,-388.72,-28.815,-539.6
-335.09,-223.48,-430.23,-253.87,-34.859,-393.83
-350.92,-468.9,-381.32,-151.4,-321.59,-332.57
-457.78,-570.49,-410.38,-352.85,-31.415,-713.22
-583.53,-630.5,-416.68,-100.5,-401.73,-674.31
-818.41,-643.34,-565.7,-480.57,-394.02,-676.57
-471.68,-533.23,-477.01,-312.94,-53.572,-678.43
-22.02,-24.586,-1.4984,-1.0852,-3.0197,0
-6.1621,-24.945,-10.811,-28.85,-5.9855,-1.8211
-28.099,-207.18,-233.47,-28.356,-54.732,-51.594
-258.99,-259.73,-28.468,-28.413,-24.916,-180.62
-199.2,-199.2,-199.2,-171.32,-221.98,-14.543
-335.23,-394.91,-209.37,-61.291,-343.27,-227.64
-237.14,-241.12,-166.28,-221.47,-58.52,-64.654
-394.42,-389.73,-389.73,-449.89,-129.91,-362.8
-388.94,-367.9,-372.59,-331.09,-70.128,-265.03
-202.59,-213.03,-212.07,-25.731,-27.382,-210.61
-20.899,-10.037,-31.676,-4.4264,-4.2627,-2.2176
-244.71,-151.89,-211.52,-44.036,-22.988,-208.43
-350.05,-386.57,-286.2,-112.48,-276.97,-378.51
-213.8,-34.562,-199.84,-203.14,-59.365,-16.474
-350.28,-473.86,-247.26,-252.53,-18.947,-237.8
-395.07,-371.22,-406.24,-421.03,-77.272,-367.24
-164.44,-360.62,-63.224,-217.13,-216.94,-206.14
-240.23,-352.36,-310.12,-379.06,-33.699,-310.74
-730.76,-369.03,-328.4,-77.81,-387.38,-303.34
-361.49,-419.75,-449.65,-471.95,-257.85,-349.07
-935.68,-503.86,-598.7,-482.39,-29.725,-555.01
-212.06,-397.1,-146.51,-79.063,-227.93,-36.112
-361.89,-228.1,-198.84,-361.75,-230.26,-34.204
-443.03,-487.39,-191.17,-367.36,-168.92,-22.554
-197.7,-174.88,-169.41,-250.48,-223.01,-35.146
-325.94,-357.53,-409.63,-143.91,-265.64,-28.068
-268.79,-328.2,-647.96,-293.63,-131.53,-25.549
-10.7,-36.448,-11.614,-13.469,-12.404,-202.95
-334.98,-252.4,-209.79,-326.27,-204.6,-39.517
-255.61,-198.63,-161.01,-199.9,-31.656,-198.56
-18.578,-20.971,-199.41,-18.95,-20.554,-23.62
-427.04,-427.75,-254.5,-231.31,-166.85,0.27673
-590.21,-186.12,-156.28,-163.14,-85.988,-3.8837
-16.482,-198.91,-204.84,-9.013,-6.8816,-6.4454
-435.5,-356.65,-456.39,-199.67,-203.07,-0.71034
-323.79,-187.09,-132.82,-159.25,-161.97,-2.042
-433.86,-302.52,-315.19,-232.85,-29.798,-263.78
-212.18,-37.212,-17.677,-11.512,-12.874,-191.36
-452.64,-316.29,-243.06,-305.41,-30.766,-328
-285.72,-291.76,-104.2,-174.15,-218.93,-12.674
-106.66,-159.44,-7.265,-4.4118,-5.5163,-0.23005
-110.7,-229.45,-75.394,-212.22,-206.69,-13.054
-465.78,-267.21,-302.98,-164.43,-193.15,-9.4591
-198.71,-199.4,-199.83,-5.1851,-2.229,-5.0587
-357.77,-200.1,-326.59,0.57885,-3.2211,-3.7377
-296.26,-361.3,-361.31,-214.23,-40.676,-329.07
-357.05,-381.4,-298.21,-199.88,-366.09,-290.99
-577.43,-596.64,-551.75,-580.84,-153.24,-548.98
-201,-358.39,-367.86,-105.11,-20.39,-17.099
-197.82,-201.05,-201.67,-199.9,-20.109,-11.206
-100.03,-358.22,-196.86,-103.71,-267.28,-7.7594
-23.752,-158.69,-131.28,-106,-177.39,-18.047
-265.06,-312.76,-419.55,-159.48,-202.63,-11.736
-419.55,-375.28,-166.11,-85.86,-204.08,-10.795
-200.16,-25.879,-12.371,-13.116,-9.657,-203.98
-524.66,-463.26,-532.38,-427.2,-505.03,-446.39
-389.1,-373.97,-366.05,-306.63,-61.296,-317.05
0,0,0,0,0,-1.3928
-153.13,-153.49,-352.73,-131.53,-158.84,29.42
0,-0.13394,0,0,0,18.513
-199.78,-195.39,-199.31,-198.58,-1.5434,-3.2706
-544.33,-123.64,-313.85,-392.27,-143.33,28.62
-150.16,-452.91,-199.06,-359.65,-103.81,16.912
-170.27,-405.87,-217.26,-205.63,-31.83,-690.96
-243.14,-238.06,-193.19,-37.525,-26.335,-154.77
-402.9,-368.25,-356.26,-283.25,-62.014,-308.16
-514.42,-184.05,-187.5,-64.662,-5.485,13.314
3.7777,0.672,-0.808,0,0,10.624
-584.34,-259.51,-155.67,-102.47,-3.7235,20.097
-780.76,-439.41,-138.52,-124.81,-84.063,11.871
-255.72,-279.21,-350.99,0.90763,-1.9403,22.715
-228.14,-586.7,-459.99,-258.12,-3.1757,21.167
0,0,0,-1.0821,0,0
-35.579,-6.0588,-1.9665,0,0,0
-126.35,-23.689,-210.73,0.60626,-1.8733,-235.29
-41.176,-39.276,-5.8228,-11.2,-7.7525,-242.98
-37.382,-6.4884,0,-29.061,0,0
-10.269,-203.86,-5.0693,-7.0487,-5.2071,-28.022
-32.013,-235.7,-12.308,-6.5575,-4.4746,-28.34
-39.417,-5.7472,-3.9282,-1.0699,-2.49,-0.97743
-13.777,-6.1214,-41.786,-6.1498,-7.0446,-231.89
-227.73,-307.11,-30.921,-36.622,-35.148,-292.77
-277.07,-164.01,-42.545,-42.497,-20.177,-261.26
0,0,0,0,0,0
-179.12,-71.956,-33.524,-33.849,-28.622,-642.76
-444.86,-107.82,-33.837,-16.675,-33.929,-439.18
-6.3666,0,-24.261,0,0,0
-197.21,-52.813,-28.828,-28.74,-29.033,-201.6
-11.538,-249.34,-5.5305,-8.9068,-8.2713,-8.1828
-245.65,-9.5037,-12.439,-14.651,-11.049,-11.866
-204.62,-213.26,-29.672,-55.844,-30.144,-211.81
-117.27,-228.87,-32.299,-32.589,-25.223,-167.16
-13.183,-0.4,-0.6,-1.2,-1.4817,0
-361.07,-39.377,-28.491,-15.334,-26.841,-77.578
-312.33,-84.514,-15.993,-23.562,-23.186,-78.473
-3.9199,-31.846,-1.1983,-5.5127,-2.6697,-10.499
-322.47,-118.83,-25.959,-26.06,-21.477,-46.195
-31.751,-43.202,-19.641,-19.653,-18.969,-18.909
-16.944,-24.925,-13.679,-8.6041,-8.6527,-209.61
-10.568,-200.06,-5.538,-4.1456,-6.5876,-69.62
-54.778,-19.012,-46.343,-1.3015,-3.0572,0
-266.06,-11.929,-27.832,-9.173,-5.6371,-207.66
-0.4,-46.066,-4.3132,-5.0924,-2.432,0
5.038,0,0,0,0,0
0,-12.093,0,-0.39,0,-6.2491
-27.86,-76.368,-5.6117,-3.7235,-4.2796,-11.684
-17.898,-46.98,-13.421,-2.0642,-3.1551,-50.034
-7.0497,-28.732,-2.9254,1.2407,-2.9448,-8.4844
-316.41,-66.43,-30.919,-30.951,-23.27,-298.83
-293.34,-116.6,-21.919,-32.568,-34.084,-414.3
-11.678,0,0,0,0,0
-50.04,-179.96,-27.25,-27.285,-27.686,-28.292
-26.295,-312.59,-21.101,-21.082,-12.823,-21.219
-40.751,0,0,0,0,1.5562
-211.88,-17.789,-3.7274,-8.6912,-6.9804,-8.1031
6.2102,18.387,4.877,1.3036,3.6568,1.121
-3.8884,0,0,0.55563,0,0
-112.75,-319.48,-28.554,-28.649,-22.433,-224.99
-100.86,-47.087,-54.563,-26.029,-31.033,-509.6
-1.4145,-3.4082,-1.3581,-1.3102,-3.787,-200.98
-170.58,-24.045,-19.385,-18.282,-16.647,-7.7858
-162.99,-163.5,-11.208,-11.27,-16.294,-7.7279
-0.0894,0,0.12,0,-2,0
-161.36,-202.01,-15.054,-14.971,-14.928,-9.7755
0.8324,0,0,0,0,0
-201.51,-199.55,-2.0886,-1.2798,-1.4549,-1.7023
-287.48,-18.165,-0.2,0,0,0
0,0,0,0,-0.9566,0
-10.306,-9.8374,-48.056,-4.8673,0,0
-207.99,-1.458,-0.8,-1.195,0,0
0,0,0,0,0,1.16
-0.91212,0,-2.2947,0,0,-0.98295
-1.243,-12.94,-1.2616,-1.2,-1.4384,0
-2.9055,-198.22,-6.0516,-1.0367,-1.545,-1.3412
-197.53,-122.2,-3.0786,-1.1465,-2.1897,-3.1082
-202.29,-30.758,-16.935,-15.722,-17.147,-200.4
-199.61,-238.83,-8.4011,-1.2,-1.2,1.4643
0.8,0,0,0.45936,0,6.4272
-203.12,-4.2331,-3.1412,-2.928,-2.376,-4.741
-210.06,-200.27,-4.6579,-4.643,-4.049,-5.9857
-1.9646,-0.005652,0,0,0,0
-3.9669,-203.11,-3.6907,-3.4713,-3.6525,-4.0726
7.4863,17.07,10.023,9.3775,-0.096988,14.57
2.4624,8.4089,4.1307,0.208,0,19.665
-147.85,-61.133,-22.084,-25.456,-27.303,-783.31
-203.49,-165.6,-26.274,-25.487,-20.82,-360.97
-7.8255,-91.803,-4.0322,-0.5,0,0
-2.4087,-200.69,-6.6608,-4.3413,-6.6647,3.5357
-198.69,-4.078,-1.6116,-3.6641,-1.7298,1.1904
5.3271,0,0,0,0,0
-195.68,-197.64,-2.6179,-3.1228,-2.4871,-5.5006
0,-156.12,-186.92,0.96511,-1.1224,-1.0835
-0.77279,0.44251,0.16183,0,0,-0.28067
-42.048,-6.5968,-8.1827,-5.7726,-6.3945,-30.256
-0.7614,-0.6803,-0.46912,-0.038775,-2.5682,-1.6491
-14.924,-26.045,-43.176,-7.7226,-13.296,-235.71
-7.4398,-31.461,-38.371,-8.2275,-6.2277,-161.42
-1.4994,-9.2717,-0.24234,-1.5681,-1.4009,-0.86007
-29.569,-83.699,-18.166,-6.3142,-7.3682,-491.73
-165.11,-40.671,-27.153,-7.7695,-11.586,-319.55
-0.5001,-39.827,-0.0025708,-1.3133,-0.45709,-44.289
-45.134,-1.5043,-23.836,-5.038,-6.211,-202.75
-9.872,-8.1535,-6.5976,-10.425,-2.8231,-202.71
-7.1933,-11.531,-8.3174,-9.8158,2.6126,-374.14
-10.876,-10.104,-0.4,-17.678,-1.8664,-0.56386
-15.752,-9.7163,-12.401,-9.7248,-9.9118,-202.16
-19.291,-25.011,-6.0736,2.2448,-5.2626,-204.14
-22.159,-9.2592,0.48154,0,0,-0.48537
-12.24,-16.404,-17.465,-8.7953,-10.061,-209.4
-13.748,-8.0396,0,0,0,-0.79471
-4.2437,-59.138,-22.917,-2.1676,-2.9956,-201.47
-46.101,-29.447,-11.814,-13.803,-13.232,-214.2
-7.8744,-38.165,-7.8077,-8.0434,-6.6604,-166.82
-18.238,-50.665,-12.789,-10.631,-10.1,-203.46
-17.915,-23.335,-12.326,-12.971,-6.6308,-342.2
-6.5292,-7.0718,-7.5689,-6.2469,-7.4644,-8.26
-17.181,-12.463,-26.482,-8.6831,-7.4043,-35.162
-24.121,-24.154,-19.96,-36.689,-10.382,-361.98
-17.224,-2.5189,-2.431,-3.868,-2.4336,-205.18
-26.421,-9.4077,-17.47,-5.3989,-3.7205,-6.7374
-51.451,-48.527,-41.402,-10.89,-13.814,-202.5
-0.40302,-0.31775,0,-0.9,0,-0.52959
-46.292,-20.164,-16.301,-7.0016,-0.68423,-200.42
-12.55,-45.261,-10.6,-7.0353,-10.918,-12.228
-53.344,-0.38887,1.7043,0,0,0
-1.6581,-11.874,7.4977,-2.3326,-3.0494,-1.0033
-201.75,-27.242,-11.785,-6.9096,-7.8388,-35.378
0.089145,3.1266,0,0,0,-3.1125
-161.95,-13.903,-6.1251,-2.218,-2.6999,-2.9079
-9.7945,-10.826,-11.795,-7.7006,-7.6455,-206.84
-21.999,-37.577,-2.1438,-5.5032,-6.3055,-371.3
-36.231,-2.3103,-0.2,-4.5477,-2.7262,-0.5
-12.665,-11.161,-7.0288,-7.2394,-4.6024,-9.0853
-1.6014,-5.1855,2.8374,-1.2,-4.4424,-3.3314
-10.858,-14.659,1.7653,0,0,0
-1.4533,-22.328,-1.53,-1.3108,-1.1531,-5.3656
-1.6668,-0.30919,-0.6,-1.5286,-1.2,-1.0944
0,-0.96995,-1.2,-1.0708,-0.055011,0
-28.828,-15.537,-13.614,-13.895,-8.5901,-204.87
-10.756,-43.431,-7.7993,-10.072,-9.428,-206.57
-4.8813,-6.875,-3.9339,-4.5331,-5.1613,-27.158
-9.7396,-9.3449,-9.6438,-8.6845,-8.9012,-3.9575
-7.9732,-2.3193,-3.4879,-5.9891,-2.3002,-3.1178
-11.202,-8.3402,-8.9254,-0.59576,-5.6304,-2.0045
-17.627,-23.788,-7.1396,-3.4808,-7.6068,-7.2486
-0.40543,3.8303,0,0,0,-1.5043
-4.6675,-8.118,-19.235,-2.6026,-1.2804,-2.4754
-38.162,-3.3746,-4.277,-3.7985,-5.7066,-201.74
-40.94,-2.2247,-35.386,0,-2,0
-13.729,-50.13,-1.316,-1.092,-1.7688,-4.9205
-3.2923,-3.024,-4.1725,-3.4413,-3.7298,-3.1301
-0.37712,-0.22092,2.6093,0,0,0
-160.74,-7.5314,-3.0638,-1.5059,-4.1967,-2.9986
-195.49,-9.1026,-8.8659,-2.7169,-3.128,-3.7582
0,2.2631,0,-0.62663,0,-0.17052
-1.6621,0.53713,0,0,0,0
-79.151,-71.694,-1.9401,-2.1416,-4.0528,-201.66
-0.21782,-1.2268,-19.647,-0.15703,-4.0545,0
0,0,0,-0.5,0,-0.298
-7.204,-5.1907,-6.2922,-3.7619,-4.2362,-3.5641
-1.4,-1.3189,-1.2,-1.0351,-0.78886,-1.0632
-0.13826,0.045455,0,0,0,0
-1.4,-0.20945,-1.4775,-0.97566,-1.8543,3.4172
-7.5239,4.2472,0,0,0,0
-0.10631,-0.14175,7.8981,0,0,0
-44.298,-103.56,-22.833,-6.4898,-16.904,-331.58
-9.8325,-8.1665,-15.169,-6.3748,-5.3907,-200.29
-36.495,-6.7853,-35.575,-5.0316,-3.347,-194.08
-2.805,-7.2134,-0.20229,-3.3201,-2.8197,-4.3618
-0.18878,-0.69804,-0.57785,-2.194,-1.5804,4.1624
-1.176,9.0167,-0.8753,-0.7,-2.7038,0.0025757
-2.8078,-157.44,-1.8601,-3.1057,-2.8452,3.4217
-0.28338,-0.1,-0.26717,1.1808,-1.9455,0
0,7.2238,1.1266,-1.6098,-3.5012,0.33425
-38.891,-50.774,-72.209,-20.961,-33.528,-332.55
-46.814,-38.332,-32.475,-43.697,-25.565,-87.531
-92.189,-81.184,-52.705,-21.766,-47.696,-664.46
-54.138,-36.829,-33.372,-24.361,-40.674,-327.38
-53.574,-55.451,-56.165,-48.583,-23.932,-319.42
-68.008,-99.866,-36.671,-55.48,-15.514,-553.56
-86.228,-78.726,-62.726,-66.826,-21.102,-487.5
-125.25,-86.307,-67.611,-106.76,-24.967,-599.78
-50.179,-66.93,-80.787,-29.558,-49.742,-629.55
-7.0999,-42.656,-4.9631,-5.2532,-4.6427,-5.0946
-14.032,-0.48936,-2.2743,-1.1998,0,0
-29.254,-23.175,-22.709,-20.975,-23.115,-208.99
-33.849,-25.081,-24.611,-14.124,-24.883,-211.19
-25.06,-18.726,-21.022,-45.821,-14.908,-201.42
-39.891,-48.775,-57.322,-35.691,-15.093,-361.14
-35.009,-30.43,-24.422,-18.007,-23.658,-707.58
-68.64,-60.213,-31.189,-40.805,-19.439,-334.9
-53.35,-53.397,-37.706,-39.031,-18.199,-461.69
-40.874,-76.679,-28.349,-23.888,-22.979,-367.76
-9.1571,-7.346,-5.4223,-7.2328,-8.5466,-6.3004
-37.249,-26.909,-41.605,-22.75,-25.67,-40.057
-38.515,-30.078,-21.78,-23.802,-19.128,-141.96
-16.346,-27.578,-10.968,-11.431,-10.744,-207.85
-35.283,-43.34,-23.466,-15.766,-23.202,-36.136
-68.204,-65.349,-56.289,-48.585,-15.715,-245.46
-45.411,-23.131,-17.542,-30.406,-46.605,-204.61
-43.704,-53.726,-54.708,-18.834,-50.109,-177.95
-99.682,-68.603,-80.015,-55.468,-26.62,-275.39
-37.307,-44.571,-38.259,-52.684,-25.572,-150.73
-59.008,-32.038,-44.464,-21.172,-40.233,-49.463
-41.577,-42.124,-44.347,-42.209,-27.681,-39.44
-27.506,-39.78,-68.136,-24.05,-29.307,-38.242
-28.667,-48.942,-34.797,-38.193,-37.37,-50.862
-49.583,-52.535,-36.954,-21.057,-38.424,-34.633
-50.831,-40.673,-69.737,-39.875,-26.233,-108.65
-37.763,-26.614,-31.126,-44.374,-14.506,-27.762
-25.394,-21.715,-61.025,-22.242,-22.016,-206.94
-72.097,-40.734,-31.242,-29.287,-26.852,-201.72
-46.51,-30.968,-19.635,-23.197,-25.885,-195.23
-31.933,-23.96,-23.286,-23.822,-14.11,-23.634
-23.349,-16.461,-14.709,-3.0137,-18.266,-17.921
-19.324,-5.7189,-19.977,-6.1864,-7.8832,-3.2578
-9.9717,-26.201,-12.528,-9.8986,-9.6218,-9.985
-13.048,-28.468,-10.718,-3.2937,-10.212,-10.696
0.37294,-4.8801,-6.3955,-6.8039,-4.6257,-6.1243
-38.338,-37.296,-35.362,-21.933,-35.055,-80.009
-20.583,-29.5,-23.351,-20.332,-21.528,-154.63
-45.02,-44.407,-49.77,-19.269,-33.921,-138.6
-21.861,-14.804,-17.693,-30.557,-20.361,-8.8265
-5.8993,-24.225,-7.255,-6.9917,-8.4872,2.395
-5.1567,-15.129,-8.0156,-7.5139,-9.6854,-0.4001
-12.273,-14.642,-13.306,-13.354,-12.102,-5.731
-1.878,-1.3144,-1.5859,-3.197,-1.4,-1.1798
-14.691,-6.6578,-1.2805,-1.5035,-1.8,-5.1426
-80.044,-65.651,-61.802,-54.546,-27.243,-487.4
-45.252,-40.882,-45.567,-66.665,-21.731,-360.3
-94.065,-85.345,-85.212,-85.249,-12.87,-307.71
-28.357,-18.867,-18.771,-22.967,-19.637,-15.912
-18.291,-29.804,-19.961,-15.653,-15.636,-1.4593
-24.451,-7.4859,-12.51,-0.44842,-8.1505,-7.2612
-17.021,-16.163,-18.84,-15.78,-16.272,-15.852
-16.408,-16.065,-20.696,-14.686,-16.26,-19.506
-9.483,-9.903,-2.6991,-9.3671,-12.341,-9.3225
-61.026,-51.356,-50.675,-70.247,-29.248,-203.81
-42.862,-39.807,-54.359,-17.264,-38.348,-535.11
-33.362,-78.296,-31.084,-40.058,-24.484,-443.22
-3.3062,0,0,0,0,0
33.426,0,9.1966,-1.2,0.4696,5.9044
12.927,0,0,2.881,1.9659,0
-5.7434,-1.848,-0.9637,-2.4067,-0.59592,-1.4022
9.6249,5.9635,32.363,6.2659,2.4202,-0.14433
6.985,9.0416,5.2058,5.2026,1.4748,8.4258
-79.995,-85.88,-77.925,-82.255,-19.879,-956.83
-34.191,-40.938,-48.47,-16.637,-25.68,-156.9
-41.867,-39.5,-39.118,-49.854,-20.969,-76.571
-2.8831,-2.0834,3.0549,-6.7937,-1.2061,8.9218
2.4531,0,0,0,0,15.278
1.0401,15.967,0.98,1.7411,-1.3443,9.3005
-2.8756,1.1244,2.919,1.184,0.53821,-0.97529
23.132,0,7.6344,4.2433,2.0774,5.7805
16.981,1.6831,2.8294,2.77,-3.5038,4.0813
-6.6248,-8.3159,-45.697,-9.2065,-7.8873,-12.282
-1.7231,-11.25,3.27,-8.6397,0,0
-14.807,-3.083,-8.3857,-5.0536,1.9354,-542.49
-37.253,-19.105,-9.0739,-18.591,-18.213,-206.99
-2.3874,-48.979,-2.0037,6.372,-1.0138,-357.32
-9.88,-10.462,-8.8989,-5.2506,-10.483,-662.85
-22.46,-10.94,-19.232,-13.521,-5.0506,-364.17
-4.8466,-31.668,-11.852,-3.5004,1.9818,-903.67
-17.577,-49.122,2.3281,17.075,2.3414,-565.46
-32.967,-40.005,-23.791,-23.781,-31.489,-313.83
-39.782,-34.011,-32.683,-26.068,-30.402,-380.75
-1.6161,-2.5507,-0.53246,-0.2,-0.81446,0.36806
-30.564,-51.584,-20.704,-28.333,-29.567,-749.17
-31.265,-32.723,-28.8,-15.164,-29.038,-354.07
-2.5758,-1.6653,-1.3698,-3.5468,-3.4537,-0.80689
-42.134,-47.755,-27.026,-23.314,-26.837,-315.57
-15.356,-13.909,-5.6214,-13.898,-13.684,-60.116
-55.207,-7.499,-6.9478,-6.9036,-6.749,-358.12
-26.504,-30.318,-25.831,-25.697,-25.779,-208.81
-29.143,-27.035,-28.52,-22.478,-28.501,-141.99
-3.6142,-57.447,5.848,-2.3495,-2.2106,-7.7118
-32.29,-46.134,-17.865,-24.656,-24.981,-411.28
-27.171,-23.514,-21.506,-21.798,-11.219,-36.885
-21.526,-5.0342,-6.5863,-4.881,-4.6513,-5.0513
-42.198,-35.019,-25.455,-24.202,-17.726,-153.16
-39.851,-21.252,-20.991,-21.304,-15.71,-211.67
-15.821,-15.601,-11.531,-10.983,-9.9557,-166
-15.04,-15.183,-15.945,-16.79,-16.584,-200.6
0,1.5677,1.8021,3.5235,-0.15604,0.82785
-5.3626,-11.785,-4.99,6.8429,-6.4135,-12.762
-57.311,-25.132,-24.713,-25.237,-24.863,-25.2
-5.8662,-7.6894,-6.8948,-5.5998,-5.3191,-7.3832
-45.678,-32.446,-5.7777,0.97114,-5.0864,-8.9111
-63.254,-19.798,-15.317,-15.394,-6.7203,-22.023
-4.9938,-5.8287,-9.7096,2.347,-4.7587,-7.1712
5.5935,-20.137,-0.56553,15.719,2.2488,0.033954
-42.266,-58.686,-182.32,-29.929,-24.721,-502.85
-43.871,-48.206,-23.931,-31.171,-32.179,-805.63
0,5.4513,-0.92734,0.85213,-2.3437,-198.84
-30.564,-57.031,-225.77,-151.65,-227.18,-30.734
-15.992,16.886,-19.691,-15.72,-19.844,-15.699
3.1165,2.6321,3.4031,4.709,0.028139,12.574
-28.788,-20.116,-19.868,-20.358,-20.037,-19.345
1.497,-0.19997,1.7941,1.3013,5.0161,12.554
-1.5313,-7.3249,1.7268,1.2816,0,13.434
-40.182,-28.775,-24.977,-27.03,-18.688,-480.02
-29.795,-34.796,-21.002,-27.293,-28.051,-168.64
-32.41,-38.444,-6.4842,-11.393,-4.1232,-199.83
-23.631,-26.162,-22.641,-20.643,-22.519,-4.116
-7.8861,-0.4471,-7.6717,-8.9433,-9.7189,-12.453
-0.2113,4.5652,0,0,0,0
-16.732,-10.995,-14.117,-15.735,-16.38,-18.728
-2.8085,-1.2676,-3.08,-2.2124,-2.4713,-5.2479
-3.4733,-17.268,-4.0234,-4.891,-2.0299,-3.4294
-1.5453,-13.403,-5.8804,-0.6529,-0.74428,-200.39
2.7497,1.3882,0.76887,0.63074,2.4951,-199.4
-0.70142,-0.4081,-4.0281,-3.5393,-1.3328,-199.37
-5.8455,-19.807,-5.8042,-4.674,-4.1312,1.4151
0,1,3.1266,0.3,0,0.2
0,11.358,6.7185,2.2019,-0.31995,1.8081
-12.29,-7.5864,-11.266,-7.8219,-6.5448,-8.4875
-5.2633,-3.6975,-5.1339,-1.1423,-3.011,-3.5655
6.619,8.6811,18.023,1.2091,7.2695,4.8516
-30.117,-25.379,-18.175,-23.587,-23.625,-287.93
-6.3741,-8.7765,1.695,-4.7535,-4.8895,-139.83
12.326,4.634,12.025,0.3,0.64551,-179.45
-26.626,-14.33,-11.91,-13.203,-11.175,-11.442
6.9399,27.515,5.4711,5.958,-1.1736,5.7598
1,20.543,0,0.3,0,9.7394
-13.133,-4.4043,-4.6436,-3.9021,-2.1458,-3.7181
19.959,32.519,19.651,12.506,4.3495,16.445
21.205,21.688,23.149,14.234,12.585,26.012
-26.955,-30.338,-13.707,-22.903,-21.936,-911.93
-23.407,-22.358,-22.278,-22.726,-15.839,-198.84
-1.8234,-7.7805,-2.6705,4.1316,-2.9083,-199.82
-5.0642,-6.2303,-4.3443,-8.0923,-5.4584,7.8608
-1.0591,8.9721,-2.0543,0,-0.28619,0
14.65,0,0,0,-0.38676,0
-1.759,-1.1428,0.42761,0,-2.4235,5.6412
25.704,3.5583,0,1.5407,-0.7314,0.76226
9.2648,0,0,-0.6,-1.3,1.1371
-3.8851,-33.486,-5.3228,-3.5421,6.6325,-199.3
-2.4509,-0.36189,0,0,1.3592,-200.59
-3.2637,-4.2376,16.294,-2.2289,1.21,-234.21
-5.3914,-9.1543,5.0043,-6.7934,-7.1783,-510.4
1.5821,-0.063377,0.7076,6.2115,2.719,-160.72
4.0642,6.8274,12.342,5.6514,3.9431,-245.49
-11.367,-26.674,-27.887,-8.7686,-203.75,-614.87
0.16372,-0.12946,11.984,1.8314,-0.047681,-3.0318
3.4986,3.5712,17.451,2.4642,3.0271,-346.12
-2.4332,-32.765,-2.105,-3.9134,6.378,-162.24
-1.9128,8.6039,-0.18682,-0.47547,2.4265,-628.59
4.7118,0.75325,-0.23959,0.47623,-1.6596,-0.2
-11.469,5.8128,-26.291,-12.204,-10.826,-167.65
-11.961,8.4214,-0.1855,-0.42873,0.41517,-337.81
-0.51561,-0.46414,3.1281,-0.068529,-0.27364,-200.13
-10.473,-6.9672,-8.3259,-10.446,-8.3444,-496.65
-0.13861,12.154,-1.8612,0.35932,-1.3365,0
-18.745,-0.094217,4.9094,0.20514,0,0
-16.328,-31.341,-13.487,-9.2544,-0.52368,-434.16
-2.8083,-8.7678,-4.8246,-7.9774,-0.022424,-5.5455
-4.9171,-7.6123,-6.3937,5.5832,-4.5653,-160.62
-6.8278,-8.0844,-8.5249,-7.0969,-0.59851,-363.21
-7.4896,-7.045,-6.3388,3.1957,-5.8926,-5.3555
-6.832,-24.684,-4.4266,4.1276,-5.5406,-202.18
-10.712,-7.9613,-12.821,-8.981,4.9071,-96.255
-46.709,-6.2706,-2.3501,0.281,-2.5546,-2.2847
-9.1261,-26.899,-7.5654,3.4407,-7.7667,-198.05
-10.522,-3.7331,-2.4195,-2.7132,0.5981,-200.53
-0.64548,0.8713,10.544,1.8883,-0.70487,0
-17.442,2.1346,0.048966,11.261,1.0187,-0.57612
-16.235,-15.303,-12.814,-10.919,-12.683,-13.605
-5.3685,-5.0729,10.284,0,-0.59457,0
5.057,8.806,16.488,3.8329,3.2232,3.827
-8.6598,-29.307,-10.307,-0.098658,-9.8253,-8.8749
9.7357,0,0,2.2269,3.2075,1.6814
-0.13225,10.508,1.1782,5.1326,-0.1774,-0.99755
-39.484,-15.417,-194.62,-15.647,-6.3575,-166.85
-0.38974,10.203,1.5679,-57.34,-149.14,-164.82
2.4478,-0.37956,9.3353,0,0,-286.41
-17.676,-3.9006,-17.889,-62.319,-135.5,-15.63
0.82918,12.995,-88.472,-91.071,-195.69,-11.656
-11.623,16.908,-0.5,-0.55638,-1.2834,-0.72673
-7.6388,-5.4642,-8.8639,-2.4063,-5.4394,-5.4794
1.0908,0,14.666,3.1839,-0.62865,0
4.6341,-2.237,-1,-56.298,-0.93808,-0.52039
-9.1957,-26.024,-15.46,-8.69,2.9742,-515
-32.619,-7.2187,-0.49526,-6.0241,-160.74,-305.12
-3.9625,-3.1255,9.3528,-1.2396,-3.0386,-145.93
-11.681,2.4732,-122.24,-8.4943,-198.46,-7.9408
10.428,-18.643,-2.743,-188.86,-1.5358,-1.071
-0.073933,11.358,1.4465,0.86278,-0.35551,-0.025449
-2.7312,0.53616,-1.8839,0.94225,-4.2791,-4.0948
-0.63034,1.9244,8.7187,0,0,-0.69882
3.0704,0.69114,7.111,0,0.49739,-0.12804
-7.888,-37.966,-7.1755,-6.9135,-6.0551,-196.68
-0.92681,0,0,0,-0.39854,-0.059277
-4.277,-36.354,9.4012,0,0,-0.12809
-5.5742,-5.6752,-5.1716,-6.2911,-5.4484,-6.454
9.4629,0,0.61103,-0.064267,0,1.0555
2.284,9.291,2.9162,2.7618,1.5361,0.71377
-4.728,-5.0671,-5.8791,-4.9119,-5.031,-1.4702
0,7.9832,0,0.35397,0.91714,1.1875
6.7349,10.496,13.472,4.9316,-2.6434,0.36033
-12.165,-86.699,-10.462,3.0542,-8.602,-160.15
4.7886,-0.7,0,0,4.6304,0
-10.015,-0.64475,-0.29277,5.8025,-1.2802,0
-9.3656,-14.491,-8.7214,-9.1071,-10.584,-7.8594
-1.0632,0,-188.59,11.234,-1.4713,-1.4
-0.8369,-0.2,11.252,-0.5,0,0
-3.5605,0.68017,-0.91235,-1.2,-1,-1.5172
-0.16738,14.163,0,0,0,0
13.753,0,0,0,-1.8,0.172
-12.106,-13.984,-198.38,-10.319,2.4846,-620.76
-3.4328,-2.6074,-200.25,-1.6825,-158.23,-201.4
-19.146,-16.153,-4.8188,6.3985,-3.7353,-543.97
-4.3542,9.1901,-2.7995,-0.107,-2.407,-0.62705
12.807,5.2826,-92.178,2.9799,2.816,1.519
6.2981,24.143,8.5847,5.498,0.86365,9.28
18.226,5.4053,5.1967,4.7464,3.0963,4.8643
8.8997,17.184,1.0406,1.4087,0,1.2394
25.673,8.5808,1.5735,5.2404,-1.6293,0.95102
-21.34,-13.466,-13.297,-12.047,-7.1812,-378.43
-9.1855,-0.96953,-9.1462,-10.369,-8.9657,-15.467
-25.545,-4.4383,-8.5745,-23.769,-15.302,-453.98
-13.899,-7.308,-13.949,-14.86,-14.477,-788.05
-16.597,-16.104,-7.6848,-15.233,-13.047,-196.1
-11.61,-11.413,5.0276,-7.3989,-14.987,-433.66
-16.492,-14.747,-18.285,-6.0951,-14.399,-716.26
3.9642,-13.963,-15.977,-15.408,-13.057,-563.51
-10.81,-11.955,-10.124,13.351,-13.783,-728.84
-4.7684,-3.1442,0,0,0,0
-2.4225,-1.1862,-1.8779,-0.79741,0.12104,0
-3.4553,0.61066,-3.1833,-3.0011,-4.1367,-4.0121
-4.336,-6.4111,-4.2763,-4.0183,-5.2789,-7.2095
-4.5826,-4.4957,6.751,-3.345,-4.9479,-97.912
-6.2949,1.2605,-5.1011,-5.9873,-5.8032,-100.45
-16.68,-12.362,-6.2829,1.0468,-6.6884,-216.72
-2.1955,-7.3327,-10.675,-13.196,-12.664,-576.03
-7.6296,-8.4263,0.63436,-9.6253,-7.5475,-620.11
-3.2673,-0.82961,-1.284,-0.9677,-2.209,-1.0205
0,0,4.5451,0,-2.0905,0
-5.2912,-8.5323,-3.7588,-3.8929,-4.0898,-163.47
-8.1771,-8.0213,-5.3679,-7.6879,-7.708,-203.72
-4.8815,-1.5777,-1.7359,-2.9896,-2.5989,-1.884
1.07,-8.2185,-6.6674,-7.3821,-7.2035,-160.41
-13.839,-14.522,-199.13,-13.447,-3.6155,-100.77
-3.0187,-5.0132,-5.0325,-5.5324,-5.1929,-202.4
-10.128,-9.0752,-7.0375,-9.7788,-10.983,-360.19
-15.04,-14.702,-17.54,-15.948,-12.017,-287.26
0.91384,-12.009,-15.342,-15.994,-15.031,-234.19
-12.344,-9.8252,2.3857,-14.62,-11.19,-35.872
-17.471,-15.31,-16.689,-15.154,-9.4251,-15.87
-8.0611,-12.39,-12.307,-13.547,-12.993,-13.877
-5.9726,-0.91525,-7.0411,-6.7015,-8.852,-7.6451
-9.5228,-1.4302,-8.9096,-13.493,-8.9811,-9.591
-12.717,-14.195,-12.157,-9.319,-13.768,-16.569
-2.545,-0.42104,-3.8633,-4.5942,-5.5505,-4.6546
-5.6981,-5.2069,-3.4443,-2.9018,-3.6179,-199.73
-6.3756,3.6009,-6.2712,-6.2974,-6.3031,-191.05
-5.9803,-3.9958,-4.7315,5.8526,-3.9783,-154.37
-6.3985,-6.624,-7.9437,-4.5365,-5.4216,-7.5883
-1.7848,-2.4353,0.048057,-1.4001,-1.4958,-2.5575
7.6467,1.4331,0.64661,1.6277,1.3296,1.6122
-3.5909,-1.3579,-0.4492,-0.88143,-1.0619,-1.3577
-2.0687,-2.44,-1.6016,0.67139,-0.84477,-2.9065
5.0847,1.9271,0.55505,1.4601,-0.54528,0.59951
-12.912,-15.208,-7.831,-12.52,-12.693,-154.49
-2.7566,-5.3797,-3.9463,-3.0999,-8.885,-3.2811
-9.5883,4.4807,-11.72,-9.4133,-9.6396,-102.51
-9.4421,-7.3397,-6.9598,-6.64,-6.4185,2.2807
-2.4821,0,0,0,0,-0.12798
0.89022,13.845,0.46762,-0.15359,0.036482,0.43187
-1.674,-2.0892,-2.0637,-1.6596,-1.7645,-1.7811
-2.0516,0,3.5762,0,0,0
-0.4207,2.7382,0,0,2.0866,0.59885
-9.3147,-8.802,-11.958,-1.7429,-9.0815,-160.89
-15.445,-12.115,-3.0181,-16.316,-16.744,-507.94
10.65,-11.522,-12.581,-13.179,-12.5,-369.44
1.0032,-1.926,-3.2644,0,-3.741,0
-2.3777,-1.0632,-0.89717,-1.1276,-2.3121,1.0895
4.153,3.2599,15.439,4.1858,4.5348,2.9838
-2.4415,-1.1092,-1.0799,-0.8295,-2.0561,-0.95703
-2.6697,1.6073,-1.5253,-4.1253,-1.1013,-1.2277
6.7343,4.0448,3.3354,3.3318,3.5787,2.2325
-2.3693,-0.26261,-1.3386,-0.29428,0.061004,-197.35
-13.003,2.9519,-12.088,-11.983,-12.361,-111.08
2.1408,-9.5703,-8.5816,-9.7154,-9.6014,-426.28
0,11.64,0,0.31789,-1.2273,0
8.3651,0,5.5301,-0.16537,2.4305,15.325
1.6248,22.079,0,-0.2,0,0
-0.28993,4.9877,0,0,0,0
9.37,6.0196,9.1357,6.6868,4.6433,16.023
0.82594,9.8979,0.25026,0,0.20856,15.97
-17.692,-4.9891,-16.631,-17.115,-16.572,-392.57
-5.0944,-4.0296,-6.6671,-2.714,-5.3583,-192.74
-10.079,-10.513,-11.429,-11.355,-7.1053,-310.38
2.2669,0.70037,-0.91892,2.6056,-3.3489,8.1229
0,1.4806,1.2751,0.97269,0,11.595
6.6696,15.865,5.965,0.11654,-1.4752,6.8061
4.3524,5.1386,1.6447,2.022,2.0219,5.0799
1.1,20.386,0,0,2.2903,0
5.9301,14.255,8.429,6.7256,-0.31816,9.2102
-3.9359,-7.322,-2.7006,-3.5469,-3.9795,-49.262
29.903,7.6947,11.91,4.3297,-1.6616,-192.95
41.365,20.661,20.3,20.622,17.748,-667.31
-5.8502,-0.9042,1.8736,0,-1.0299,-199.49
23.627,15.4,17.652,12.046,13.547,-667.51
37.732,19.62,20.915,17.68,18.627,-424.51
-1.8882,-2.3227,-2.3221,5.6715,-1.765,-199.34
21.481,16.467,16.085,19.45,16.294,-764.36
16.355,42.193,18.874,17.806,13.753,-611.18
-21.482,-14.444,-10.75,-13.642,-13.71,-203.94
-21.209,-21.95,-19.324,-8.9742,-18.24,-530.29
0,0,10.517,0,0,0
-12.874,0.59743,-11.82,-11.57,-12.17,-205.09
-10.513,-14.633,-10.082,-10.738,10.829,-280.45
17.341,18.247,30.434,12.624,15.607,-43.453
-8.8003,-8.554,-8.0824,-5.1155,-6.4793,-201.3
21.872,30.604,17.169,14.75,5.8074,-251.92
17.932,28.457,16.35,9.6884,13.52,-729.65
-3.1967,-2.0199,-4.3095,-3.6121,-3.2054,-201.55
-9.9242,-5.571,-7.2488,-6.8731,-6.5744,-161.97
-0.9615,0,2.1511,0,0,0
-11.226,-10.702,-5.4665,-10.056,-9.5612,-202.33
-8.7352,-4.1621,-6.3557,-5.8321,-6.4124,-5.9987
0,-1.2163,1.228,0,-0.077603,0.21836
-13.357,-11.743,-11.989,-11.813,-9.5639,-203.12
-1.0747,-2.7766,-1.654,-1.7002,-1.5845,-201.23
1.4543,1.6198,0,0,0,0
-8.2691,-9.0334,-9.1183,-0.79848,-7.8338,-213.85
13.346,14.422,25.577,13.655,11.675,-11.036
33.501,16.878,17.979,22.675,18.884,14.488
-3.6235,-8.2405,-5.3385,-3.5765,1.0223,-3.298
14.221,23.989,16.564,11.303,8.5095,0.8184
22.726,21.874,20.459,23.828,17.291,34.074
-8.544,-1.9494,-2.8107,-0.16123,-0.95491,-3.6317
10.856,14.109,9.2597,6.6629,5.6298,-15.296
19.451,39.769,21.7,22.101,13.301,19.64
-14.64,-13.733,-13.461,-9.0822,-13.197,-161.87
-8.906,1.7563,-9.1527,-4.8019,-8.9764,-492.45
18.678,21.35,35.531,20.684,19.528,-57.603
-4.034,-3.9474,-3.5283,-4.6171,-3.635,-4.0191
20.541,21.336,21.448,14.596,11.054,28.394
30.189,26.768,23.326,20.495,19.866,23.575
1.7786,0,0,0,0,1.4361e-05
19.794,31.299,20.111,15.666,7.4559,16.85
20.386,20.249,18.445,17.413,12.176,29.283
-11.168,-10.761,-10.152,-10.171,-5.7434,-243.73
-6.6501,-9.1921,-7.2788,-5.721,-6.88,-202.1
1.5219,0,0,0,10.887,1.3914
-9.0484,-9.1135,-6.2932,-6.5652,-6.5507,0.51684
3.9079,-0.057808,0,-0.42533,0,0
2.8531,0.70745,7.4583,0,0,0
-0.97023,-2.2294,-1.6165,-0.9,-1.6006,-0.50915
-0.37871,1.6505,0,0,0,0
-1.3719,6.0347,0,0,0,0
-4.3636,-4.7287,-0.61424,7.2172,-0.74601,0
36.148,10.041,10.001,10.189,9.7613,-664.55
21.875,22.028,21.627,33.542,14.244,-235.32
-1.1834,-1.5839,-1.6962,-0.93833,-1.7087,-2.2066
0,9.8189,8.9292,7.1944,2.3662,21.854
31.981,5.4634,8.375,7.3027,7.1883,5.4909
-0.10295,-3.1035,0,-0.1,0,0
7.3344,21.986,8.5745,5.9709,7.048,8.6345
31.229,10.964,10.773,9.0123,2.1897,14.168
-2.0835,-2.5326,-1.6027,-1.3831,-0.9,-1.1318
35.473,15.24,14.025,13.038,11.351,-288.59
15.141,23.078,27.362,19.434,13.689,-540.92
-1.0498,-0.822,-0.9,2.4894,0,0
28.938,31.84,36.505,16.498,14.319,29.547
13.337,37.517,13.839,2.3158,1.2989,9.6172
2.6949,0,0,0,0,0
27.436,27.106,27.067,18.239,14.636,30.471
9.9432,16.609,32.357,1.9691,2.7769,0
-8.5221,-8.6598,-8.5153,-8.5013,-4.8692,-282.45
3.3555,10.342,1.1,1.0197,-0.378,1.3089
0.091647,0,0,0,-0.74484,-198.28
-0.046,8.122,-0.75399,1.9759,-2.2116,-1.1876
21.948,2.0695,2.8069,2.5553,-0.6086,1.7304
-0.10716,13.253,0,0,-1.7685,0
8.2932,-0.28738,0,0,-0.9,-2.2076
27.276,6.3727,3.9749,0.3832,3.8823,5.2515
22.402,2.3711,0,0.98326,-0.51725,0.862
12.683,10.512,18.266,9.1426,3.5794,-153.67
8.3861,23.669,15.21,-0.81659,0,-582.33
12.163,28.212,10.844,12.618,11.829,-525.8
4.1356,15.913,4.9662,6.7505,2.8307,-479.74
12.046,12.695,21.868,11.933,9.6057,-261.93
9.9532,12.882,25.68,13.252,13.856,-478.05
6.3613,6.1781,9.7336,6.8496,7.4785,-157.12
27.124,13.119,10.739,11.271,5.3666,-172.74
15.878,33.69,12.176,11.852,15.791,-377.93
3.3584,15.187,3.0294,1.4101,0,-199.48
-2.5973,21.475,10.841,11.384,9.6087,-331.3
15.757,2.2766,-0.12724,5.4638,2.8286,0.42752
15.949,3.2551,3.187,3.6776,2.7253,-272.44
7.5156,19.4,10.947,9.1669,8.878,-266.66
12.864,29.287,10.05,1.6788,-0.44549,-313.01
4.5875,8.6901,6.079,1.2674,5.9675,-0.90267
11.926,18.865,14.06,8.8933,13.143,-263.62
13.026,28.467,16.831,4.4761,5.7388,-355.05
-0.37853,1.4763,8.2139,2.1832,0.78647,-1.1
13.602,2.2884,2.8105,2.7498,-2.9397,-201.3
8.1494,6.4142,18.183,5.651,2.9271,-61.818
-0.4269,15.826,1.7825,0.22075,-0.21573,-0.49496
0.74755,-8.2674,11.229,2.4235,2.7001,1.2474
8.0708,8.5805,17.018,8.8054,8.051,-8.2082
-2.5772,19.709,2.2918,4.3127,-5.6435,-19.624
-0.45171,14.258,8.1172,2.0732,3.8276,1.2666
26.199,13.476,11.933,12.699,5.3971,-165.84
7.5368,5.4727,5.6762,5.7015,4.7671,-333.73
37.402,9.9166,11.937,5.7813,5.4562,4.7481
38.624,9.7547,18.73,13.689,14.211,10.567
13.07,0.87715,1.4179,0.44538,1.6591,-18.542
16.774,6.5877,10.957,8.1998,-1.3793,5.2554
12.392,9.9397,19.656,12.577,12.187,4.5216
5.0633,4.3729,5.8209,5.8226,3.1741,5.1725
6.4932,24.363,0,-1.3245,0,0
13.998,21.926,18.265,13.666,11.516,12.859
9.3994,-0.12103,2.6583,-0.43732,2.8734,-5.185
10.57,24.018,9.4757,7.4867,7.401,-216.49
17.292,33.716,17.237,11.28,6.4985,3.2606
-3.3767,5.6168,0.90161,1.3105,0.92114,-2.4324
29.133,12.732,12.295,12.159,10.541,3.1034
22.71,9.2594,9.8853,15.747,7.0122,4.7525
-0.77017,15.099,-0.68207,-0.73528,0.36105,0.32669
26.473,0,8.3184,2.8394,4.3767,0
6.6238,30.56,-0.9,0,0.82441,2.2444
1.3979,2.364,12.965,1.4225,2.9095,-159.62
3.2619,20.632,7.7118,5.862,9.4135,2.1108
7.6414,27.503,9.3374,11.407,8.1508,-10.927
17.204,0.98193,1.9286,1.1946,2.3909,4.7299
24.214,11.429,9.5604,6.745,7.1823,2.7418
29.371,16.85,17.47,16.21,10.067,15.014
4.6462,1.6865,4.8572,4.6797,0.29264,4.6054
23.558,0,0,0,0,-1.3
22.426,2.6885,7.7391,3.2019,1.6403,2.1592
4.5328,8.0112,5.4643,4.9551,5.3749,-647.01
10.559,16.611,30.137,5.2658,6.3558,-121.36
16.281,24.678,15.702,10.007,13.302,-30.274
3.4344,14.56,4.7699,4.0314,2.8456,4.3814
4.7537,23.113,0,0,2.9673,-0.3
9.7382,24.269,19.398,9.1843,7.0413,7.5493
-2.1514,1.0809,4.0712,2.0217,2.053,1.4913
18.926,1.9849,3.0407,-0.40587,0,0
15.49,24.599,12.929,2.297,-0.99109,4.9712
-1.5823,19.951,-2.5746,6.8434,0.65495,-159.49
36.682,24.374,23.318,9.8346,11.732,-246.46
0,18.748,30.727,15.208,3.9181,1.1173
-1.5659,6.7933,-0.9,-0.42451,-0.77186,-0.92126
-1.9765,20.309,2.4872,3.5336,4.3968,-1.3641
0,0,15.112,0,0,-0.88394
2.3458,10.031,2.4756,-0.82,0,-0.35665
-1.1,-0.6,0.36784,14.175,0,-1.6234
19.654,0,0,0,0,0.8029
1.1479,16.764,2.6475,3.979,2.5533,-877.02
25.352,3.5079,6.4766,2.3733,-1.5751,-508.45
34.207,14.35,14.987,14.352,7.6046,-377.25
4.438,15.503,5.6416,4.7095,2.822,3.0005
-0.31337,-0.1,-0.064912,9.9468,0.063276,2.1992
34.192,6.9837,4.3413,1.634,-3.0555,2.3007
7.8263,16.519,7.8781,6.6917,7.6083,7.1221
20.726,0,0.94691,-0.764,-0.37755,1.7942
5.7759,18.548,2.2053,-0.49548,3.5444,-0.76501
-347.38,-266.64,-225.74,-36.434,-233.35,-307.77
-65.25,-213.77,-224.59,-209.06,-31.862,-200.5
-465.84,-656.46,-630.52,-385.2,-34.238,-683.92
-356.3,-774.62,-337.97,-366.22,-35.536,-527.51
-517.9,-437.36,-330.78,-35.803,-453.22,-469.12
-802.36,-350.06,-504.3,-464.7,-26.939,-950.31
-559.8,-539.58,-349.07,-376.28,-168.14,-698.8
-639.32,-669.4,-645.49,-585.84,-89.052,-858.12
-712.74,-661.18,-667.81,-571.52,-75.4,-746.63
-33.505,-203.77,-19.856,-8.2497,-5.5199,-25.896
-38.006,-72.175,-0.2,0,0,0
-227.49,-201.06,-33.42,-40.161,-31.694,-200.17
-200.71,-40.48,-207.44,-5.7244,-12.097,-208.5
-239.71,-390.32,-355.53,-111.46,-370.83,-302.03
-160.92,-39.482,-200.53,-210.24,-24.459,-361.07
-352.81,-198.81,-23.19,-37.178,-27.839,-189.02
-507,-456.73,-607.72,-357.97,-148.71,-439.45
-158.89,-365.26,-187.86,-210.44,-43.633,-355.68
-245.74,-36.967,-68.96,-27.547,-29.777,-161.49
-11.581,-12.567,-5.2957,-202.37,-2.5521,-2.2892
-201.77,-367.44,-251.04,-71.88,-33.81,-201.27
-375.2,-328.23,-214.03,-218.84,-10.234,-26.112
-199.4,-225.43,-199.37,-6.9893,-7.2359,3.3806
-442,-232.51,-332.33,-269.18,-20.154,-396.76
-398.27,-396.27,-624.93,-347.31,-15.418,-286.4
-202.9,-200,-16.33,-202.74,-200.48,-200.09
-290.97,-315.44,-286.85,-266.29,-42.396,-266.24
-308.12,-533.07,-253.26,-25.911,-423.43,-317.43
-303.89,-379.72,-598.64,-308.31,-71.336,-317
-351.48,-601.5,-394.23,-572.01,-131.6,-390.6
-139.25,-136.64,-144.46,-204.99,-243.1,-32.408
-233.09,-199.6,-223.08,-363.75,-204.64,-67.977
-439.78,-285.71,-443.6,-255.9,-333.23,-47.894
-219.18,-206.26,-160.48,-203.89,-233.85,-41.389
-381.12,-716.4,-397.4,-369.24,-126.33,-137.6
-351.71,-351.67,-116.83,-262.09,-205.42,-64.643
-34.887,-207.43,-6.1992,-4.8987,-5.6739,-204.84
-199.4,-198.46,-198.81,-202.1,-16.607,9.4703
-383.18,-213.13,-298.02,-292.44,-220.01,-136.32
-201.67,-13.489,-209.1,-14.22,-13.448,-8.5346
-340.24,-199.4,-432.31,-128.01,-362.57,5.4646
-197.46,-127.86,-425.16,-199.52,-1.6745,-2.8703
-13.17,-6.6044,-162.09,-0.61959,-0.74517,-1.1032
-97.294,-485.24,-584.06,-160.13,-2.3717,2.1149
-197.17,-205.25,-358.66,-201.1,-201.25,1.3018
-180.43,-329.11,-303.22,-228.7,-28.578,-197.02
-206.14,-0.6,-0.4,-17.218,-3.8622,6.8092
-267.42,-492.35,-265.85,-33.484,-264.06,-285.58
-226.07,-368.54,-316.72,-45.447,-224.45,1.6789
-252.1,-487.85,-2.7552,-2.2004,-1.7763,4.4955
-489.43,-332.83,-102.84,-197.14,-209.24,7.6951
-126.28,-263.15,-486.69,-5.6621,-109.37,0.73046
0,0,0,0,0,13.998
-360.74,-211.91,-200.59,-160.64,-5.9779,-22.905
-337.71,-242.62,-337.48,-226.21,-29.83,-287.22
-195.2,-193.89,-201.84,-34.134,-19.308,-200.5
-350.18,-468.61,-404.65,-342.5,-35.333,-350.8
-11.314,-160.11,-5.0861,-200.9,-9.3747,-5.1693
-0.30517,0,-199.4,0,-1.4,-2.4314
-539.15,-292.77,-496.66,-200.91,-131.34,-2.4718
-492.17,-230.6,-327.61,-288.6,-207.7,-3.848
-350.44,-100.71,-361.78,-353.3,-165.67,-8.3738
-109.54,-252.6,-546.77,-79.251,-186.86,-5.4959
-204.53,-199.6,-200.64,-22.666,-23.869,-199.83
-392.74,-404.74,-497.25,-230.27,-488.29,-411.43
-189.09,-199.18,-198.83,-23.988,-203.04,-175.91
0,0,0,0,0,0
0.6,0,-195.65,3.5264,0.62895,30.251
-199.09,-193.32,-193.56,-199.11,-201.2,15.198
-199.37,-199.37,-1.4291,0,0,0
-576.17,-123.31,-375.03,-273.51,-315.56,36.329
-470.52,-196.96,-116.32,-194.54,-98.566,30.118
-588.33,-548.82,-325.15,-381.37,-25.845,-567.24
-206.94,-199.67,-203.06,-55.631,-25.624,-191.47
-426.46,-730.84,-425.45,-59.699,-380.9,-394.45
-486.74,-501.32,-106.85,-2.44,-4.1014,15.672
-357.32,-198.61,-190.79,2.7563,-2.617,0
-206.8,-505.96,-233.86,-0.93115,1.5348,20.609
-199.65,-385.81,-350.86,-353.71,-5.8842,15.494
-459.92,-581.14,-293.5,-2.1527,-196.65,28.969
-386.98,-506.18,-384.43,-165.06,-1.0245,21.334
-15.496,-24.128,0,0,0,0
-23.649,-41.669,-27.041,-2.042,-1.6,-1.2867
-76.587,-16.941,-277.94,-25.799,-12.885,-195.03
-11.642,-226.52,-7.4133,-11.368,-4.2734,-199.06
-5.7136,-16.126,-47.219,-0.52439,0,0
-28.984,-22.872,-26.762,-3.2922,-4.1056,-199.22
-12.369,-25.306,-4.6328,-5.6089,-6.8116,-221.37
-21.737,-25.489,-91.623,-9.4961,-11.47,-301.26
-30.793,-222.28,-20.237,-11.765,-14.672,-231.55
-98.286,-137.22,-41.452,-28.641,-41.121,-384.78
-187.35,-54.692,-44.658,-35.799,-44.036,-472.39
-213.28,0,0,0,0,0
-255.33,-236.92,-39.31,-39.944,-31.693,-529.5
-232.64,-182.72,-36.463,-25.851,-36.788,-358.2
-35.774,-78.469,-0.52,0,-1.582,0
-41.29,-43.233,-29.77,-29.662,-26.479,-222.04
-42.914,-24.6,-6.2472,-7.3603,-9.7687,-160.75
-16.495,-13.38,-12.291,-27.233,-12.293,-199.4
-205.53,-176.82,-33.176,-30.753,-32.185,-203.99
-114.62,-174.82,-35.753,-36.027,-33.124,-131.49
-54.57,-14.012,-1.3,-5.57,-2.3617,0
-183.91,-316.24,-26.67,-28.324,-14.754,-115.8
-289.95,-250.62,-16.437,-23.126,-21.414,-106.35
-47.087,-200.21,-5.4335,-2.5773,-4.7476,-7.5961
-156.76,-242.59,-30.792,-58.382,-20.626,-218.62
-22.708,-54.326,-10.402,-10.735,-11.027,-6.2314
-181.43,-25.797,-5.7775,-4.9141,-5.3611,-5.7929
-25.9,-1.7586,-0.74133,-1.2,-6.7587,-4.1421
-8.3245,-4.7797,0,0,0,-4.6597
-41.255,-7.9393,-13.348,-9.861,-8.6475,-16.704
-3.4812,-3.9024,-5.9729,-3.7046,0,0
-22.501,-11.35,0,-0.0064,-1.2251,0
-7.6174,-4.4932,-5.0118,0,0,0
-34.411,-13.546,-208.12,-12.032,-4.1096,-2.6604
-191.47,-12.252,-15.708,-4.3314,-6.1184,-46.02
-50.717,-17.384,-8.6633,-0.49085,-1.582,-0.24832
-170.82,-38.173,-35.913,-35.693,-29.746,-367.13
-235.95,-182.98,-41.128,-37.928,-42.342,-374.31
-9.2395,-6.3049,0,0,0,0
-201.6,-201.1,-26.407,-24.527,-25.276,-15.504
-247.33,-181.82,-26.552,-25.805,-26.366,-25.237
-6.2334,-8.4708,-1.1196,-0.1,0,0
-204.72,-12.822,-4.6818,-7.3608,-4.7725,-4.6425
-46.018,-23.078,0.56403,-0.71273,-1.2,0.7944
-14.858,0,0,-0.97581,0,-3.0779
-364.86,-222.63,-51.144,-31.654,-28.613,-197.74
-351.26,-51.765,-27.882,-33.196,-33.353,-351.73
-1.3315,-21.609,-0.92321,-2.6923,-3.2956,-5.0259
-119.47,-38.81,-19.668,-8.311,-10.858,1.5666
-201.07,-201.06,-2.8219,-2.8549,-2.9631,0.12999
-1.1949,-11.071,-0.68719,0,-5.8569,0
-289.64,-198.56,-19.876,-5.8637,-6.86,-0.42212
-0.13842,-0.13655,-1.3994,-0.44736,0,0
-14.059,-2.5138,-0.77577,-1.4,-0.9291,-4.9234
-24.019,-35.592,-234.43,-0.9,-3.9611,0
-24.893,-16.611,0,0,0,0
-5.7829,-232.73,0.33654,0,-4.7799,-198.55
0,0,0,0,0,0
0,0,0,0,0,1.8167
0.54177,3.4848,0,-0.48236,-0.58174,0
-1.9432,0,0,0,0,0
-191.56,-158.57,-156.65,-1.0433,-1.7355,-2.4453
-2.5672,-2.5756,-4.2732,-0.36341,-2.9619,-1.5826
-213.96,-207.59,-21.048,-20.814,-20.438,-202.21
-1.2257,-2.9142,0,-0.3607,-1.5276,0
-11.653,-5.0289,0.81384,-2.9219,-1.0067,0
-5.786,-207.71,-4.0071,-4.4839,-2.7217,-5.1598
-200.01,-3.8256,-3.2345,-2.288,-2.772,-2.2597
0.97068,0,0,0,0,0
-2.911,-1.1,-1.4,-1.4,-1.4,-1.8777
15.603,18.396,13.467,0.72017,3.3798,31.888
21.772,0,0,0,0,0
-313.27,-75.957,-25.538,-27.436,-21.817,-870.79
-313.17,-24.966,-23.884,-24.752,-20.321,-201.64
-15.686,-25.336,-3.5018,-33.029,-5.6026,5.1516
-9.8881,-1.4816,-3.3016,-2.2883,-2.4607,13.803
-198.99,-1.1067,-3.6789,-2.6548,-4.9206,-1.4827
-191.64,2.6954,0,-1.0605,0,0
-155.87,0.70696,0,-0.6809,0.3521,17.782
10.293,0,0.91756,2.5913,0.34825,0
5.4648,0.81384,0,-0.1,-0.83978,0.654
-55.211,-7.9841,-41.332,-6.4868,-7.0989,-207.43
-2.0296,-3.2666,0,0,0,0
-23.686,-47.601,-56.347,-40.28,-12.858,-555.13
-65.399,-18.663,-31.481,-17.536,-18.324,-370.12
-20.465,-57.48,-1.442,-5.813,-3.0554,-36.68
-40.659,-23.552,-32.14,-11.66,-14.566,-601.09
-34.124,-225.95,-65.72,-17.015,-211.78,-479.08
-2.745,-4.9381,-0.75487,-1.6,-5.9193,-292.83
-115.95,-18.214,-21.935,-17.166,-12.582,-488.93
-9.7346,-9.2705,-15.005,-11.43,-11.039,-10.261
-16.411,-61.917,-16.689,-13.588,-18.478,-333.88
-2.7753,-18.706,-2.668,-2.7631,-2,-2.7863
-20.848,-40.377,-18.877,-19.035,-12.406,-202.79
-21.194,-16.908,-10.078,-14.148,-13.004,-270.31
-207.11,1.6041,-0.756,-0.6,-1.7,0
-24.061,-31.023,-8.247,-8.0174,-8.4787,-199.9
-0.6196,-59.489,-1.4,-1.1481,0,0
-1.5803,-4.5306,-30.66,-2.44,-2.2,-1.8748
-26.674,-43.808,-64.448,-24.869,-22.719,-25.58
-14.523,-9.9979,-14.914,-11.786,-9.9097,-204.11
-20.479,-46.559,-42.203,-8.207,-8.8198,-5.8722
-20.526,-16.507,-17.259,-15.901,-13.023,-209.78
-87.625,-46.532,-12.333,-12.244,-10.255,-210.42
-31.072,-7.5779,-8.2893,-8.9054,-8.8028,-42.801
-39.588,-43.917,-18.833,-17.51,-14.659,-208.58
-15.916,-23.032,-3.4059,-2.6113,-5.7422,-3.0182
-69.151,-11.616,-26.16,-6.2142,-6.8202,-9.9825
-24.243,-12.515,-41.336,-10.725,-11.691,-202.29
-22.178,-3.0622,-0.76305,-1.1693,-4.7489,-1.433
-134.23,-110.4,-16.374,-47.298,-49.093,-128.79
-52.198,-33.852,-12.179,-11.718,-12.661,-36.323
-2.2597,-2.0244,-0.0018615,-2.7893,0,0
-11.225,-11.898,-10.74,-6.397,-11.319,-11.279
-13.364,-13.084,-11,-13.027,-10.749,-14.039
-10.237,-14.814,-0.82497,-1.4438,-4.6565,-3.7845
-34.739,-22.55,-6.5116,-5.6297,-7.3852,-22.213
-44.924,-39.917,-13.185,-13.478,-12.827,-201.38
-217.01,-10.161,-10.114,-11.205,-14.441,-365.33
-21.324,-10.518,-2.768,-4.021,-2.561,-3.8959
-10.057,-11.941,-13.038,-9.7948,-11.741,-12.366
-8.9207,-9.8831,-8.4634,-10.475,-10.357,-9.3427
-1.3382,-1.2868,-0.6,-3.5884,-2.4916,0
-2.2961,-15.006,-5.7482,-1.3695,-3.2448,-3.4745
-0.047555,-0.42577,0.40462,0,0,0
-1.9183,-15.725,-1.1431,-3.8761,-2.6932,0
-21.674,-32.443,-21.32,-18.817,-22.222,-125.7
-28.164,-8.7845,-11.861,-11.941,-14.126,-160.44
-23.098,-41.544,-20.921,-14.611,-12.855,-196.07
-11.99,-3.5842,-11.514,-9.8283,-10.624,-10.716
-1.9465,-3.4884,-3.6058,-4.8056,-2.52,-2.9995
-50.353,-0.8,-0.68,-0.6,-1.4,2.3752
-18.98,-161.94,-9.309,-6.6697,-5.6625,-4.1922
-1.1,-0.5,0.019768,-0.89279,0,2.4521
-8.1232,-4.1668,-4.0015,-10.07,-2.7198,-1.3038
-14.777,-8.1392,-22.66,-9.4739,-7.7684,-161.47
-24.005,0,-0.4,0,0,0
-24.404,-48.781,-32.451,-2.8948,-4.9916,-197.66
-13.534,-5.0113,-3.5407,-3.3202,-3.7595,-4.5433
-0.13095,0.1693,0,0,0,0
-5.3523,-1.7096,-1.9661,-3.8004,-1.3288,-1.8815
-1.7033,-3.069,-3.2725,-2.126,-2.1765,-2.2094
-17.241,1.9645,0,-0.11865,-2.2,0
-200.93,-4.2306,-1.1928,-0.7,-1.9453,-0.82968
-41.628,-14.127,-14.999,-11.319,-11.855,-156.98
-12.316,-1.5019,-0.8,-1.8704,-5.8457,0
0,0,0,0,0,0
-2.9671,-1.5291,-1.5989,-3.4053,-13.565,-1.4
-3.5501,-3.1721,-1.6772,-2.276,-2.772,-3.576
0.65107,0,0.3829,0,0,0
-0.9798,-5.0456,0,0,-0.046042,0
0,0,0,0,0,0
-0.86161,0,0,0,0,0
-126.21,-27.701,-22.445,-15.789,-21.281,-127.75
-24.884,-19.891,-22.685,-8.0356,-8.9031,-193.1
-20.084,-42.405,-18.665,-11.248,-13.17,-187.47
-127.79,-2.0392,-4.5268,-5.3823,-3.2677,8.2385
-1.0221,-1.6216,-0.9605,-1.5395,-0.9192,2.7053
-0.11435,-80.52,-2.1518,-2.16,-4.1593,9.2246
3.2649,-184.24,1.1218,-1.005,-4.0799,10.17
7.6744,0,-0.9,-0.88491,0,2.8915
-196.95,-8.5405,0,1.9639,-1.9,0
-44.823,-37.402,-55.728,-41.227,-30.244,-161.03
-50.526,-46.591,-40.183,-35.569,-27.753,-38.872
-40.705,-54.128,-38.89,-66.451,-28.021,-541.7
-46.106,-55.468,-94.389,-64.238,-29.457,-701.38
-41.247,-69.477,-56.17,-46.965,-30.611,-437.91
-70.786,-34.534,-62.674,-50.137,-22.759,-464.32
-128.94,-117.04,-67.994,-55.616,-29.948,-772.07
-83.094,-91.738,-78.077,-69.882,-41.163,-810.06
-56.75,-82.53,-59.745,-75.78,-21.895,-527.63
-4.3643,-50.71,-5.3023,-5.5783,-6.8006,-0.99643
-2.7831,-2.3831,-4.065,-5.7062,-6.1902,3.1143
-45.892,-56.669,-20.71,-20.16,-19.567,-168.36
-35.616,-34.671,-40.76,-32.442,-30.674,-32.351
-30.248,-42.973,-25.133,-14.016,-17.416,-20.301
-21.914,-20.953,-37.205,-22.468,-13.545,-157.34
-23.8,-58.801,-38.171,-18.465,-24.001,-207.61
-75.136,-79.272,-64.58,-53.708,-21.8,-341.08
-61.015,-35.254,-37.064,-16.742,-23.503,-157.54
-25.808,-34.428,-22.632,-24.608,-24.538,-160.51
-4.3458,-11.5,-10.41,-6.5167,-4.4761,-14.783
-59.079,-37.269,-26.212,-33.327,-40.782,-98.666
-26.506,-31.749,-25.109,-24.209,-23.212,-168.99
-58.487,-30.141,-17.13,-13.285,-17.734,-201.47
-22.888,-31.553,-35.35,-39.434,-18.651,-129.87
-104.18,-31.367,-31.87,-54.014,-21.409,-244.69
-53.212,-43.328,-49.544,-17.491,-26.861,-160.37
-46.102,-46.494,-69.747,-42.951,-21.596,-159.84
-52.248,-48.724,-52.687,-28.986,-54.146,-135.02
-78.502,-64.818,-96.391,-60.486,-30.427,-97.209
-59.084,-36.456,-69.397,-48.272,-30.019,-157.24
-47.002,-34.941,-30.615,-58.709,-34.394,-34.62
-29.769,-31.381,-32.871,-29.523,-23.785,-60.21
-39.261,-37.305,-47.884,-7.4351,-25.457,-28.253
-43.438,-43.464,-56.915,-77.244,-23.768,-44.206
-96.113,-56.368,-77,-55.48,-28.752,-57.809
-51.648,-71.861,-76.376,-40.183,-9.4726,-52.68
-24.98,-12.885,-11.457,-12.813,-11.891,-200.1
-23.625,-43.814,-26.115,-22.249,-22.582,-193.78
-30.57,-31.892,-36.536,-15.228,-37.228,-119.2
-14.634,-29.029,-15.325,-14.098,-12.436,-15.457
-6.2818,-15.622,-12.641,-14.171,-15.375,-1.7476
9.1465,-5.2525,-5.039,-7.4494,-4.3166,-3.2342
-12.988,-8.7263,-9.7279,-10.273,-10.83,-9.8192
-40.331,-52.957,-14.74,-16.215,-7.7066,-12.124
-2.4868,-4.3338,-5.9668,-2.0778,-2.1456,-11.73
-43.985,-43.306,-50.289,-41.843,-27.779,-400.98
-24.239,-11.739,-33.585,-15.605,-14.757,-187.24
-41.537,-41.072,-40.4,-27.827,-50.637,-121.07
-22.763,-28.545,-22.925,-22.994,-15.961,-45.059
-23.476,-4.0151,-2.1497,-7.6195,-0.058205,9.3303
-13.086,-7.1579,-8.9177,-9.3078,-5.1875,3.1702
-17.656,-11.281,-10.391,-11.538,-12.164,-5.2818
-0.4167,-0.26851,-1.0798,-1.2046,-1.1272,-0.62333
-4.8703,-14.897,-1.771,-6.4464,-3.4239,-27.678
-58.642,-49.916,-45.895,-45.989,-23.996,-428.31
-33.596,-40.419,-45.487,-62.507,-26.677,-228.74
-75.353,-70.203,-53.032,-64.765,-63.782,-327.97
-6.5426,-8.4179,-9.1151,-8.3727,-7.3446,-11.691
-2.7707,-4.961,-1.6202,-5.2855,0,0
-6.5194,-5.9204,-4.3534,-8.0803,-9.0293,-7.3105
-10.14,-11.56,-9.8993,-10.505,-8.6641,-8.8709
-8.6986,-10.564,-12.557,-18.718,-15.332,2.0445
-15.249,-0.48264,-8.5984,-8.2066,-7.3543,-5.9846
-28.803,-30.155,-35.59,-41.988,-25.021,-198
-62.94,-53.726,-36.8,-19.418,-32.95,-418.41
-42.622,-39.359,-60.249,-20.439,-68.751,-138.39
3.3066,0,0,-1.2,0,0
7.9822,5.2301,27.108,0.75628,0.70884,8.0515
1.122,3.7461,18.732,0.25513,1.9294,0
-3.1643,-5.5585,-0.582,-0.34492,-1.5,7.2292
13.758,10.032,12.79,13.803,9.7155,35.475
26.721,1.7936,0.9723,0,6.1332,9.3821
-86.417,-49.228,-43.477,-46.227,-22.519,-818.04
-50.514,-50.814,-27.15,-21.841,-26.352,-200.51
-36.148,-44.709,-56.256,-40.702,-28.506,-280.8
0.42478,0.45091,-0.13405,0.66898,-5.4147,4.8866
9.1654,0,-0.2,-2.1592,-1.3792,0
3.4053,0.3,-0.33001,-1.8036,-5.7446,17.317
3.817,3.4242,0.79985,-1.5488,-1.6913,7.5375
17.494,4.9605,1.5484,2.5739,-0.15799,1.7021
7.3877,14.142,10.588,3.9121,2.8164,0
-58.956,-32.804,-13.214,-8.075,-14.732,-213.47
-5.6259,-4.7581,-5.3567,-5.374,-4.7561,-22.091
-11.796,-26.747,-11.024,-11.569,-1.7195,-397.31
-26.429,-32.937,-16.917,-22.361,-23.989,-360.52
-8.7593,-9.7187,-8.7553,-9.893,-5.1585,-157.82
-14.61,-14.325,-13.415,-3.7791,-14.112,-315.47
-18.672,-31.096,-18.494,-21.86,-10.938,-611.07
-8.038,-48.429,-4.5508,0.30599,-8.1615,-617.96
-11.021,-14.743,-5.1413,10.148,-4.972,-485.12
-55.992,-28.601,-34.535,-36.964,-38.53,-557.12
-47.603,-27.547,-39.369,-39.161,-39.209,-461.3
-3.7986,-0.84646,-2.6795,-3.63,-1.8333,-0.63827
-37.442,-39.072,-30.214,-37.378,-37.614,-363.91
-33.933,-45.075,-33.459,-33.091,-28.771,-772.37
-3.3904,-2.1138,-2.0235,-3.322,-1.8087,-125.85
-50.428,-37.073,-32.561,-34.591,-34.789,-276.78
-44.463,-25.962,-33.618,-12.519,-24.137,-320.16
-12.226,-8.4644,-12.212,-12.241,-12.921,-196.92
-29.981,-28.531,-60.013,-28.779,-29.985,-127.32
-26.157,-35.972,-30.729,-30.449,-31.797,-35.731
-0.7,-5.7302,-4.2777,-4.5782,-2.406,1.8464
-42.425,-29.851,-28.609,-29.12,-13.827,-82.198
-22.232,-13.146,-21.648,-18.942,-21.334,-22.659
-36.276,-5.8197,-3.1407,-6.0294,-8.0063,-202.57
-28.101,-44.059,-20.514,-24.202,-23.866,-40.703
-43.167,-19.303,-20.392,-19.215,-20.05,-202.99
-12.234,-11.015,-10.714,-9.9801,-12.12,-201.2
-15.711,-16.271,-17.168,-17.924,-15.32,-204.7
-3.5322,-6.2899,-4.9463,-5.1206,-8.7596,-200.94
-10.712,-73.106,-2.8732,-10.099,-8.8247,-195.36
-62.769,-19.063,-14.576,-18.354,-18.088,-17.733
-6.0087,-1.2848,-6.2635,-10.088,-6.6331,-7.7484
-6.4943,-6.5375,-7.6222,-7.573,-7.6108,-7.845
-28.659,-16.207,-64.182,-16.451,-9.0147,-23.747
-10.941,-15.027,-9.7688,4.3866,-10.025,-8.2623
-4.6141,-9.7706,-3.7152,-20.915,-3.9423,-0.70302
-34.865,-71.605,-33.79,-28.826,-32.899,-392.93
-55.804,-55.877,-39.021,-20.815,-38.99,-481.32
-4.6191,14.528,-1.5789,-1.212,-1.6939,-186.44
-29.279,-27.248,-26.682,-26.098,-25.858,-25.255
-19.68,-17.837,-168.59,-17.217,-11.34,-18.663
5.6351,3.7368,5.0711,1.4098,-2.067,15.955
-22.524,-22.847,-22.576,-22.303,-22.001,-8.5607
-4.934,-6.9907,0.87775,-0.49849,-1.7769,9.1611
-10.172,-2.9334,13.194,0,-0.6001,0
-28.424,-39.051,-28.549,-27.634,-22.785,-497.27
-39.043,-37.294,-29.546,-29.18,-25.854,-347.86
-9.2464,-34.014,-7.4927,-8.7049,-5.9363,-199.69
-16.4,-19.429,-13.027,-12.27,-10.649,0.11107
-9.0601,-2.2526,-7.0603,-8.8993,-3.239,3.1293
-9.7725,-4.2415,4.057,0,0,-3.0274
-16.416,-11.773,-7.6432,-7.0843,-8.1157,0.45887
-0.60827,-0.5075,-0.80714,-0.99134,-1.2141,-0.037457
-0.57378,-1.0053,-1.2,-0.5929,-1.2,1.3223
-5.7743,-5.9442,-6.1218,-2.9929,-5.1485,-201.8
-1.5404,-1.9757,-3.4185,-1.2861,-0.94743,0
0.054966,-1.3253,-2.2711,-3.992,-3.0789,0
-5.994,-0.16961,-5.1187,-0.66082,-2.9673,-1.093
1.4503,2.0075,-1.1208,0.1936,-1,0.8
3.8533,0,0,0,0,0
-6.7676,-9.9002,-7.6671,-5.2517,-6.2488,-5.8081
-0.97301,0.24096,0.50047,-0.90079,-2.0172,6.0437
1.8882,3.4019,3.7559,3.8355,1.5652,5.4742
-17.251,-30.845,-15.139,-14.465,-15.296,-200.73
-8.3604,-7.4661,15.319,-10.443,-8.5598,-195.97
3.5567,0.1361,1.0822,0,-0.14611,-190.23
-7.1307,-6.1642,-6.4769,-6.1579,-4.8437,-6.2493
6.1028,7.6688,13.931,2.5526,0.050277,7.0643
19.112,0,3.267,0.1,1.218,7.5646
0,1.3571,0,0,-1.877,0
20.45,20.28,18.103,14.938,10.373,29.111
29.313,19.878,7.3139,4.1099,2.2149,21.396
-29.237,-50.334,-24.217,-21.083,-24.395,-704.49
-34.891,-15.43,-24.467,-24.523,-24.251,-483.94
-29.792,-2.2023,-3.4196,0.5968,-2.5794,-154.39
-1.4214,-3.2192,-2.3253,-2.16,-9.7862,3.6986
9.0082,-0.48082,-1.416,-1.2,2.9324,2.1665
1.7459,11.179,0,1.8715,0,0
0.9354,0,0.11728,-0.33215,-0.66894,-1.052
21.012,0,0,0,0,0
16.268,0,0,-0.80339,0.052874,0
-36.703,-4.553,-12.097,-15.469,-15.104,-209.19
-0.83418,-1.8013,-0.11614,0,0.038126,-0.012012
-13.458,-17.947,-84.94,6.0646,-12.054,-307.91
-23.583,-24.089,-4.0132,-15.476,-14.681,-251.41
-5.1791,2.3976,-4.6412,-4.6275,-5.5153,-200.29
-14.663,5.6099,-18.272,-11.768,-7.3625,-391.19
-20.526,-14.646,-17.817,-3.2782,-17.408,-459.68
-6.9214,-5.4168,7.0551,-6.0243,-6.0067,-293.61
-4.1725,-11.416,-8.2845,8.025,-3.4648,-629.48
-10.686,0.26694,-12.98,-10.329,-10.704,-132.69
-10.343,-16.277,-10.816,-3.4234,-9.9254,-316.2
-5.3317,-3.4008,-1.8887,0.45335,-2.8588,-200.43
-21.149,-0.52386,-24.85,-107.89,-213.6,-249.95
-16.297,1.9053,-124.29,-107.62,-10.561,-163.44
-1.4368,-2.3699,-0.42189,-2.1157,-2.1715,-159.51
-35.298,-40.034,-13.224,-6.4082,-16.786,-168.8
-3.3397,-5.7637,-3.3921,-5.5808,-3.4525,-366.28
-2.2121,-2.3366,-2.9801,-2.0947,-5.5234,-5.479
-48.972,-15.194,-10.183,-14.815,-16.533,-130.12
-14.617,-10.536,-13.45,-11.273,-8.3039,-130.86
-12.044,-16.899,-6.6473,-13.343,-12.735,-198.77
-13.129,-17.5,-12.738,-13.476,-8.9577,-66.47
-8.3633,-8.7975,-2.5695,-8.1587,-8.2575,-204.29
-17.657,-6.7153,-6.9751,-4.7193,-6.4724,-127.61
-12.595,-13.762,-11.848,-8.0495,-12.634,-227.21
-30.541,-6.2634,-9.6333,-7.5473,-7.1852,-201.16
-21.945,-21.447,-9.4856,-7.2357,-6.8303,-441.85
-9.4716,9.0574,-9.5787,-10.977,-9.765,-198.88
-5.4494,-5.8726,-3.0403,-0.77192,-3.2282,-6.3018
-7.1081,-5.5929,10.437,-6.4206,-6.6233,-159.85
-17.424,-16.909,-9.6531,-15.874,-17.12,-17.554
-4.4359,-3.282,9.4853,-3.2277,-2.4758,-1.8765
-8.0374,-7.473,9.8519,-7.7388,-8.9943,-6.6181
-16.59,-28.044,-8.2201,-14.309,-14.766,-17.089
-3.3225,-1.5656,6.2537,-2.3548,-1.0348,-1.0908
-0.1091,-9.0652,-9.3138,-2.2674,-6.3923,-6.4071
-26.451,-4.3065,-22.414,-209.65,-21.373,-201.45
-9.5816,-6.5484,-203.62,5.8121,-10.098,-135.8
-60.285,-2.2676,-4.5625,-1.9158,-3.9449,-194.3
-18.833,-8.9645,-17.802,-17.113,-16.952,-18.136
-45.092,15.149,-126.54,-98.775,-99.773,-17.616
0.35075,0.34008,6.8314,0.4731,0,0
-10.927,-10.404,-3.3914,-8.26,-7.345,-7.5703
-1.4526,-2.3088,-1.9081,-1.4548,-2.053,-2.1665
-53.25,-2.465,-1.3764,-1.6694,2.1033,-4.1803
-16.855,-43.023,-164.11,-17.281,-10.884,-371.86
-19.829,-7.8998,-12.842,-12.293,-205.03,-330.14
-11.96,-14.386,-12.156,-12.518,-12.483,-323.25
-5.357,-5.3129,-4.9352,-5.7798,-6.5376,3.8008
-1.5972,0.40186,-3.362,-2.943,-1.5242,-2.5432
-0.275,-1.38,5.0598,-0.55223,-0.060602,-8.6862
-5.2493,0.20353,-6.964,-4.3635,-4.7201,-4.4044
-4.3066,-0.51757,-1.4055,-0.83994,-0.068361,-0.88321
-5.724,-1.1095,0.10512,-0.81,0.40287,9.0217
-19.325,-3.6352,-7.0612,-6.638,-6.7575,-157.37
-0.9,-0.71927,-5.0603,-1.0966,-2.2657,-198.04
-1.5188,-0.5671,-3.175,-2.9062,-3.797,-196.27
-6.7551,-6.0183,-6.797,-6.1197,-7.2452,-5.9693
-0.59097,6.8113,-0.06851,0,0,-1.2879
-0.64359,7.1134,0.14593,-1,-3.9605,-0.19986
-7.7281,-8.1803,-4.8953,-5.2392,-5.3497,-2.4549
0,6.3823,0,0,0,0
2.227,1.5643,3.143,1.8972,-3.1629,1.3528
-9.6237,-6.4683,-9.2272,-6.3365,-3.7443,-201.28
-0.36569,-0.18274,-189.51,-0.81069,-2.0107,-0.2966
-0.19905,0,0.61992,0,0,2.3615
-3.5535,-3.5821,-3.9019,-2.8866,-3.465,-3.4774
-1.0012,6.9701,-1.2,-1.2,0,0
-8.0703,-0.4,3.631,0,0,0
-0.28111,-0.9,-0.564,0,0,-1.2517
5.2167,0,0,-0.9,0.81131,0
-0.39828,0,3.5812,0,-2.0769,0
-13.373,-13.356,-7.3347,-13.098,-13.097,-858.68
-13.957,-8.4397,-4.3912,-7.3113,-8.2884,-582.53
-5.4035,-13.067,-2.7891,-4.929,-5.0253,-319.65
3.2013,0.64069,0.27272,2.7337,-2.3058,18.058
-1.4038,-0.9,-0.89798,-1.4,-1.5801,13.781
1.1387,11.485,4.7002,-2.536,-3.2529,4.1741
1.6093,11.384,7.6149,4.4007,0.94817,15.645
-0.15062,-0.4,-0.080765,-0.63282,0,8.231
-0.6,23.657,4.5028,-0.35412,1.5546,-0.098991
-21.783,-23.757,-21.809,-23.395,-20.084,-210.71
-16.78,-2.4671,-15.698,-19.131,-15.843,-360.13
-7.6348,-18.334,-22.199,-19.24,-16.447,-602.26
-25.578,-24.985,-13.258,-23.031,-24.779,-471.11
-17.464,-16.937,-10.249,-18.473,-16.848,-238.83
-10.133,-15.351,-19.205,-15.392,-16.537,-636.94
-20.134,-20.469,-9.2377,-23.3,-19.819,-554.45
-21.927,-22.304,-21.082,-9.3703,-24.052,-507.91
-14.961,-13.874,-16.33,-7.5683,-15.748,-926.54
-1.8437,-0.13543,-4.3097,-0.8,-1.5498,-0.33336
-2.9664,-3.8225,-0.79037,0,0,0
-6.3163,-6.5872,-7.7626,-7.1435,-8.1513,-201.12
-8.524,-6.3275,-10.649,-8.221,-10.378,-209.56
0.53836,-6.1193,-5.6677,-4.821,-6.1731,-197.45
-7.8311,-6.3096,-7.2462,-7.3318,-8.3648,-123.6
-15.997,-16.6,-16.209,-16.117,-16.466,-367.24
-15.726,-14.098,0.98984,-12.964,-12.656,-289.42
-4.0012,-11.416,-9.9878,-9.8288,-11.937,-80.598
-4.3698,-7.4546,-3.5466,-4.8081,-7.8897,-200.18
-1.126,-1.1282,-5.4329,-1.5269,-1.4993,-0.71933
-12.025,-11.269,-7.0054,-10.755,-11.011,-156.33
-15.857,-13.402,-3.5521,-14.082,-13.426,-303.76
-2.7065,-6.1938,-2.0446,-2.9548,-2.1616,-0.741
-8.0478,-7.7319,-0.74103,-7.9044,-9.3973,-65.221
-10.77,-18.038,-15.301,-16.064,-15.497,-66.018
-10.466,-9.1411,-8.5559,-9.0412,-8.3869,-197.87
-12.775,-12.75,-11.125,-4.2302,-11.189,-158.77
-22.972,-21.823,-23.023,-23.482,-17.536,-160.72
-11.95,-15.699,-18.723,-18.584,-18.924,-100.55
-11.575,-2.0965,-21.328,-17.422,-17.961,-412.65
-16.949,-16.357,-15.49,-15.392,-15.845,-13.236
-11.031,-12.405,-8.2138,-13.811,-8.4366,-16.531
-9.2063,-9.8317,-8.5364,4.945,-10.468,-10.363
-18.91,-17.705,-18.305,-19.426,-17.52,-65.985
-19.735,-12.054,-21.152,-20.353,-21.171,-47.572
-11.486,-11.914,-12.877,-6.9951,-12.606,-11.998
-6.2708,-2.4946,-2.209,-1.8845,-1.7617,-1.0195
-4.1559,-6.4452,-6.2181,-8.0498,-8.6078,-5.9738
-5.1553,-0.17689,-4.5467,-2.7653,-6.8007,-252.08
-3.7721,-4.7623,-2.4581,-4.4771,-3.6425,-5.8372
-0.32651,6.2243,2.186,1.3286,1.3307,-0.50626
2.0291,8.8439,3.7729,3.8485,3.7169,3.5731
-7.7212,-7.7296,-8.0125,-8.821,-7.4966,-8.7148
-5.2232,-2.1486,-2.4506,0.67002,-3.8411,-2.5008
-0.39464,3.3356,-0.20435,-2.0162,-0.4067,-5.7957
-18.005,-16.909,-16.52,-15.847,-18.352,-193.78
-6.4023,-3.8514,-7.8365,-3.7624,-2.9184,-200.22
-16.824,-15.661,-15.16,-14.226,-16.022,-121.37
-4.1839,-4.6421,-4.5726,-2.7537,-7.1872,7.7017
-2.9928,3.2799,0,-0.1,-2.4592,0
-4.3449,8.0788,1.9183,-1.6006,-4.1658,2.1619
-6.9683,-6.8254,-7.1362,-0.34313,-4.1108,-7.651
4.089,0,0,0,-1.1,0.4
0,0,0,-0.728,-2.1992,3.3652
-17.157,-15.508,-16.362,-14.841,-16.456,-200.74
-18.487,-12.816,-17.313,-17.453,-17.187,-240.78
-11.836,-13.041,1.9858,-11.251,-10.617,-434.94
-0.093291,1.2812,0.070621,-1.6922,-3.196,0
2.194,4.6265,1.8247,-2.5928,-1.2553,0
2.4154,3.1689,2.328,3.2829,-2.427,1.0039
-3.911,-1.6254,-1.3091,-1.3985,-1.993,-1.7424
-2.4495,-2.3,-2.3934,-4.1257,-1.4741,-1.4299
1.4162,2.3535,0.2515,0.60511,0.86697,2.8669
-1.4721,-7.1271,-4.5176,-4.1126,-2.7962,-199.21
-11.228,-9.9195,-10.198,-13.055,-15.333,-198.82
-5.4613,-9.8585,-8.8349,-10.379,-8.9573,-22.801
-0.89598,0,0,-0.36904,0,0
1.3016,23.428,1.8009,0.42463,0,1.098
11.577,0,4.5114,0,0,0
-0.50034,0.51721,0,-1.1,0,0
5.3829,8.5499,4.8883,0.85154,1.7604,26.226
16.222,3.1176,0,-0.28995,0,2.7386
-15.57,-14.911,-15.222,-16.653,-11.124,-281.69
-9.4539,-10.142,-9.3297,-10.496,-9.5833,-151.48
-14.029,-9.9486,-13.705,-13.533,-12.678,-475.87
0.72484,1.5401,1.1609,-3.0722,-2.7,5.1456
12.448,0,0,0,0,0
-0.16216,0.44607,0.42368,-1.3,-2.4334,14.388
11.441,4.5821,1.0657,3.3841,0.8952,3.2215
0,15.147,0,0.59396,0,1.1336
0.33809,3.8192,2.0357,0,-1.5283,12.037
-6.6358,-11.396,-4.7831,-5.5418,-7.0987,-18.416
2.8104,0,8.2018,6.1197,0,0
20.142,12.37,14.731,12.687,11.962,-699.18
-12.074,-9.5088,-2.6572,-10.587,-10.783,-352.66
10.651,0.53444,31.011,3.7787,4.6452,-190.16
12.053,12.911,12.921,23.793,10.66,-626.09
-5.59,-3.6415,-6.1365,-2.5764,-3.8791,-199.17
8.3553,10.484,28.122,10.714,5.1657,-717.13
10.088,11.115,24.768,12.522,6.2553,-891.11
-20.208,-20.976,-19.794,-15.167,-19.314,-203.29
-25.015,-15.427,-21.775,-22.132,-21.653,-143.61
-4.1653,-0.3,8.7729,0,0,0
-20.686,-20.84,-19.738,-19.286,-17.061,-203.32
13.125,-12.273,-14.557,-11.104,-11.187,-528.64
8.6393,12.658,11.021,5.855,12.381,-283.69
-11.724,-12.736,-11.072,-11.343,-11.121,-203.39
6.7276,35.25,10.414,3.6503,-4.8944,-102.67
16.859,33.447,15.36,9.0048,4.122,-329.2
-6.4046,-4.7691,-4.9734,-4.6061,-4.1126,-200.98
-10.819,-8.771,-11.867,-11.27,-11.282,-203.82
-1.6313,-0.72839,-5.4159,-1.3,-2.6435,-1.5416
-16.815,-14.346,-9.721,-14.367,-14.266,-163.53
-8.3529,-6.3159,-7.269,-6.9777,-6.7732,-203.08
-2.6176,-1.0208,-3.1292,-1.7526,-1.3355,-2.0521
-14.898,-13.172,-12.906,-10.144,-12.936,-203.39
-9.0705,-6.8546,-7.0749,-7.6552,-8.1749,-198.73
-3.7893,-1.5368,-1.7347,0.91247,-1.5709,-2.5987
-11.906,-10.317,-10.083,-10.59,-9.9744,-199.77
4.3341,4.6107,24.101,3.5616,4.4364,-213.43
13.356,25.291,14.625,16.988,12.255,-31.771
-8.4004,-3.5246,-5.8119,-3.1753,-3.4392,-4.2011
12.859,0,5.8715,1.5434,1.5719,6.4963
12.656,14.444,21.141,14.521,7.2086,11.621
-4.3796,-4.0389,-3.1975,-3.1656,1.4934,-2.0462
4.4785,10.206,4.1536,4.2614,2.803,4.601
28.896,11.287,9.5979,11.757,2.1226,9.947
-16.871,-17.595,-16.223,-16.029,-15.931,-283.11
-17.851,-20.655,-18.614,-18.127,-5.505,-185.88
27.447,16.687,14.72,15.893,10.177,-22.143
-12.869,-9.4184,-11.925,-11.814,-12.996,-11.795
26.51,14.202,15.782,10.312,3.2628,17.613
20.389,22.557,20.496,19.547,4.8857,27.576
-1.2028,-0.49488,-1.0593,-1.1,-0.33385,2.8155
14.175,14.894,13.893,8.9724,9.1607,20.906
18.231,17.198,15.328,11.155,4.0874,27.16
-14.83,-14.857,-14.395,-14.464,-11.249,-330.46
-14.715,-14.002,-14.158,-11.746,-14.5,-360.62
-4.4777,-6.0662,-4.4843,0.35557,-3.9386,-195.85
-5.1059,-5.1601,-5.3698,-6.1664,-5.703,4.0668
-10.581,2.9955,-1.1866,-1.3118,-2.4363,-0.85647
9.5445,0,0,3.4461,0,0
-3.2745,0.59774,-1.5526,-2.178,-2.1907,-9.0326
0,0,0,0,0,0
-0.46835,0,0,0,-1.3467,0
-3.4087,-2.3552,-2.979,-1.9609,-4.9292,-201.82
20.656,0.84168,4.8761,1.7203,2.7506,-268.63
18.911,26.707,17.135,18.085,7.3615,-314.28
-0.60227,0,0,0,0,0
0,0,0,0.27128,0,8.8065
0,12.115,0,-0.032125,-0.55358,21.322
-0.42859,-2.148,0,0,-2.5608,0
8.0094,1.6155,7.3092,2.6733,2.8578,22.094
5.7432,2.3838,8.4056,10.31,-0.75757,20.586
-1.8941,-5.907,-2.6067,-1.1,-1.1,-201.1
11.453,15.956,11.616,4.0223,2.7006,-276.41
17.263,22.87,13.133,13.764,9.217,3.0548
0.93423,0,0,0,-1.3544,0
31.124,17.921,17.471,9.3521,4.2211,29.627
27.837,7.3178,20.802,4.1049,-0.48528,2.7814
0.64171,0,-1.1,0,0,-1.98
21.831,30.99,20.423,15.063,10.824,21.697
5.3747,10.988,27.237,0.091768,5.5479,2.8618
-13.345,-13.083,-12.983,-11.247,-13.232,-384.81
-6.3687,-5.8277,-5.7387,-4.5058,-4.4074,-201.8
-2.3563,-2.2887,-1.512,-5.6712,-2.7871,-196.08
-3.646,0.3883,-1.1999,-1.094,-2.4681,-1.0644
1.4019,2.2177,1.5538,0.58033,-1.929,8.7292
0.57165,0,0,0,0,8.3569
7.1322,-0.8,-0.6,0,0,0
0,0,0,0,0,18.291
0.9,10.974,0,0.35739,-0.9,0
-2.4744,16.088,-1.4127,-1.496,-1.3352,-230.85
1.4166,6.6119,18.365,0.72373,0.2511,-44.555
3.6739,19.038,3.9893,3.2715,8.0517,-490.24
0.20806,21.011,-1.9328,-3.8358,-6.162,-337.12
3.6276,25.606,6.8303,8.0121,-0.76697,-497.34
7.9397,17.604,8.2643,10.595,9.2174,-415.42
-1.1596,17.524,-0.88411,-0.9765,-2.4752,-715.85
21.779,11.2,11.757,7.0042,1.6011,-584.46
21.951,12.427,13.048,5.7875,3.375,-616.19
-3.629,11.731,-3.0396,-4.105,-3.158,-4.7725
2.1384,17.85,-1.4487,-1.3812,-2.0739,-150.84
6.7624,16.637,4.6257,5.828,4.4425,8.1911
-2.6704,10.978,-3.5003,-3.1929,-2.9649,-201.73
-0.42127,25.709,3.0099,1.7462,3.2148,-394.17
5.5027,26.383,11.668,6.1903,1.9673,-100.99
-4.8006,11.221,-3.2344,-4.0495,-3.1602,-130.78
15.417,4.473,10.803,4.6382,5.1887,-228.98
22.159,5.3259,7.9698,1.0359,1.8408,0
-4.1446,-1.9887,0.19257,-2.8299,-4.5619,-198.08
-1.3,11.696,-1.1,1.6463,-1.4421,-1.3006
3.9016,5.1526,9.6789,4.0577,1.36,1.7527
-5.7109,5.9601,-5.7419,-5.517,-6.0274,-14.912
0.89777,13.678,1.113,0.50168,-2.1921,0.37886
2.2273,15.173,1.9633,2.1577,1.7833,-46.076
-7.3486,-6.4435,-4.7072,-6.992,-6.3591,-127.97
10.604,0.26092,0.20233,1.0851,0.4324,-159.31
17.166,6.1193,7.661,4.8364,5.9192,-169.22
-3.1243,-2.9066,5.9725,-4.3017,-3.0377,-202.45
7.2573,21.224,6.7565,4.7948,2.1999,1.4985
27.113,6.3517,6.128,5.4446,5.1831,-514.26
-7.3999,-4.2613,5.9581,-3.5968,-3.9049,-40.166
4.7458,20.081,8.0748,0.18137,0.3219,1.3554
1.6786,20.211,11.126,6.2542,6.9526,4.0258
-4.909,-4.227,8.0456,-3.3599,-3.4376,-33.596
0,16.487,7.2625,3.4151,2.4878,-4.8061
19.025,6.5286,8.7198,8.9032,1.729,3.1555
-4.036,1.2576,-3.7367,-3.6797,-3.5661,-232.1
3.4465,18.29,2.4479,2.1672,0.37518,-133.87
13.153,25.254,4.4379,9.0635,4.5807,-189.7
-5.6562,1.8449,-4.0078,-4.1847,-4.3884,-4.1114
6.9133,21.943,8.5946,10.364,4.6933,6.0204
13.745,25.253,2.7612,6.0308,7.7569,11.343
-1.228,2.8252,-2.684,-1.7963,-3.2472,-2.0003
-1.0216,13.397,1.0258,1.3771,-1.0078,0
7.6953,20.123,1.9451,2.8182,0,0
-9.6924,-9.415,1.3677,-9.1666,-10.531,-363.45
10.892,-0.12378,-1.8161,-1.584,1.0625,-262.71
2.1329,17.986,5.3528,4.9808,-0.41052,-145.05
-2.4959,4.8968,-2.1149,-2.5544,-2.5478,-3.1298
17.733,1.4179,4.403,3.9541,-0.97711,6.3524
18.405,27.359,15.041,10.425,-1.627,15.197
-2.6147,-2.0369,-2.6297,-1.5307,-2.4102,-9.8908
1.1044,0,2.6812,-0.35658,2.054,0
5.4986,16.913,3.2041,2.2419,-0.68722,0.87623
0.063749,12.314,-0.11568,0.91543,-4.2135,-159.8
21.502,3.4667,3.8743,1.5843,-0.91731,-199.5
9.4986,22.929,8.3425,3.9108,7.7543,-19.9
0.13294,10.305,-0.0021617,-1.5414,-3.688,-0.13233
0,12.614,0,0,0,0
-0.52774,18.784,1.765,0.34575,-3.0072,3.3295
0.49455,0.75006,-0.93722,0.65135,-0.25079,7.4597
3.8497,13.237,2.5901,1.7906,-0.10475,0
10.959,18.483,5.1101,1.6894,-1.5401,5.3657
-0.7,9.6267,-1.0036,-1.1,-1.1,-1.1
23.239,16.674,9.1487,8.7772,5.8244,-234.15
16.999,5.8186,26.745,1.2778,2.9522,-94.68
-1.8441,1.3104,-0.39341,-1.3455,-0.58557,-1.1
-0.51915,-0.1449,-2.684,-0.56151,-2.1905,-1.3082
9.5181,3.2322,0,0,-0.91562,0
10.956,-0.078895,-0.23653,-1.1,-3.0636,1.3439
0,14.644,1.062,0,0,0.9
10.515,0,0,0,0,0
-5.3823,13.571,-44.657,-5.583,-5.3349,-795.17
-2.5816,9.9724,0.11618,-0.15172,-0.04348,-120.09
8.5116,21.576,11.686,10.065,1.1799,-483.78
3.97,6.1859,2.9018,-0.28469,0.82775,8.9514
0.94712,-0.54,-1.198,-1.5806,-1.646,15.561
23.186,2.8028,6.484,-2.7895,-3.6104,7.3541
3.7461,2.5323,3.4648,3.5608,1.6712,3.6574
1.1434,-0.8,-0.87333,-1.0682,-1.1,14.741
1.3986,19.722,2.9731,-2.2573,-4.6405,5.8387
