-392.12,-203.42,-201.29,-40.787,-28.169,-396.25
-202.57,-60.218,-252.34,-29.572,-17.95,-208.2
-718.6,-488.2,-538.56,-440.39,-34.337,-620.69
-622.01,-363.02,-494.94,-38.51,-237.27,-396.88
-441.21,-339.08,-311.3,-101.66,-317.58,-400.08
-637.07,-392.62,-652.32,-414.47,-221.98,-707.64
-399.43,-659.79,-681,-373.41,-49.978,-396.92
-656.63,-670.38,-784.11,-544.74,-149.27,-826.59
-694.57,-444.08,-450.23,-586.45,-61.442,-751.97
-15.961,-4.5486,-4.582,0,0,0
-5.113,-2.8167,0,0,0,0
-186.64,-199.4,-23.851,-23.724,-22.967,-201.57
-40.214,-225.78,-38.714,-32.3,-42.543,-239.55
-358.46,-354.27,-394.42,-262.96,-253.71,-142.5
-489.12,-200.11,-199.3,-24.265,-212.91,-10.723
-418.34,-222.07,-212.56,-25.99,-45.87,-36.118
-490.13,-509.43,-525.33,-502.95,-514.29,-306.99
-364.8,-166.04,-211.77,-226.02,-324.97,-358.06
-21.76,-45.989,-21.384,-15.569,-18.517,-203.17
-44.589,-28.14,-4.1241,-4.5489,-1.1159,-2.0202
-222.28,-205.86,-160.72,-231.43,-26.842,-202.73
-576.29,-437.8,-231.09,-240.72,-34.212,-219.34
-162.15,-160.72,-134.87,-3.8641,-5.6827,-4.1497
-471.25,-218.88,-415.96,-224.64,-22.331,-230.85
-510.71,-419.45,-232.06,-316.51,-29.374,-218.07
-214.11,-385.39,-142.92,-11.023,-11.58,-9.4656
-298.9,-170.35,-227.26,-250.26,-221.6,-72.21
-457.49,-321.63,-324.72,-20.363,-260.72,-361.14
-371.13,-371.42,-398.9,-362.95,-232.09,-313.95
-540.36,-674.78,-565.61,-32.288,-585.66,-520.51
-299.67,-308.76,-184.51,-206.45,-169.39,-54.262
-181.89,-330.43,-339.68,-162.33,-223.18,-169.82
-315.08,-308.29,-210.87,-189.29,-59.065,-107.7
-723.51,-170.59,-250.01,-329.77,-171.46,-30.87
-377.65,-511.84,-384.28,-290.61,-170.67,-34.851
-526.29,-701.75,-539.73,-147.26,-236.27,-70.994
-211.72,-199.9,-41.536,-10.831,-13.137,-208.73
-250.73,-198.12,-244.85,-202.55,-217.12,-52.546
-390.72,-356.71,-201.6,-392.72,-70.992,-211.32
-18.469,-221.38,-28.307,-200.4,-36.149,-12.414
-321.08,-457.39,-488.08,-321.29,-222.88,-44.492
-197.97,-506.53,-199.38,-359.81,-166.09,5.1397
-208.26,-216.64,-5.877,-14.933,-3.1021,-5.5526
-465.99,-197.34,-484.01,-158.21,-197.84,4.4075
-483.07,-124.16,-7.7649,-0.040233,-357.36,2.2732
-337.77,-387.31,-244.48,-226.45,-35.922,-319.13
-25.752,-200.4,-25.07,-26.772,-21.695,-158.7
-428.45,-337.11,-337.26,-296.56,-39.914,-348.9
-509.54,-377.13,-377.89,-76.182,-50.012,-5.1206
-165.77,-162.49,-2.8458,-7.7639,-4.4733,6.3203
-357.24,-492.6,-487.08,-69.593,-4.8658,3.1228
-322.85,-484.66,-186.16,-160.83,-73.972,-3.5524
-194.11,-0.4,-0.59362,-0.39432,0,0
-612.07,-492.9,-199.55,-0.842,-2.7549,3.964
-527.33,-221.06,-132.06,-31.957,-17.43,-159.02
-231.09,-121.61,-358.35,-168.34,-293.18,-198.22
-460.98,-391.17,-294.58,-333.56,-97.871,-325.86
-328.19,-199.58,-205.03,-199.46,-132.53,-8.1978
-197.82,-211.69,-199.23,-13.518,-198.23,-5.824
-200.74,-197.22,-672.61,-13.352,-163.32,-0.14958
-163.34,-78.632,-158.77,-206.52,-210.25,-5.5197
-254.81,-209.25,-509.32,-440.99,-159.35,-6.1271
-361.57,-577.13,-93.684,-19.756,-85.707,-5.8701
-200.9,-221.84,0,-2.032,0,0
-580.77,-555.56,-485.88,-481.12,-148.31,-450.46
-339.6,-349.57,-355.62,-368.7,-320.81,-238.75
-1.4783,-1.7827,-2.5065,-1.8717,-4.3927,0
-198.38,0,-198.01,0,-8.8315,26.225
-199.2,-199.2,-194.35,-1.2,-0.26409,12.222
-198.02,-3.017,-0.067554,5.4258,0,0
-404.62,-307.67,-709.19,-305.6,-282.24,26.733
-318.37,-356.49,-355.27,-153.47,-96.125,18.453
-528.45,-426.06,-372.96,-45.736,-323.36,-690.04
-189.99,-199.4,-259.16,-70.675,-69.938,-201.76
-329.57,-242.75,-509.72,-478.15,-39.655,-279.34
-323.47,-302.48,-149.3,-162.15,-4.4265,7.503
-200.47,0,0,-1.616,-1.2,18.876
-200.03,-484.82,0.28554,-80.421,-265.61,23.106
-119.83,-125.87,-179.18,-95.367,-1.4756,15.47
-121.48,-337.82,-284.58,-354.49,-196.92,28.693
-588.37,-120.49,-605.83,-160.46,-3.4348,22.056
-29.382,-79.789,-1.0729,-1.82,-2.912,-200.92
-41.621,-0.73379,-0.72473,-5.8052,0,0
-49.422,-30.733,-26.236,-3.5183,-7.4468,-168.66
-57.193,-4.4788,-5.5717,-6.8617,-4.9656,-5.5869
-9.8328,-210,-0.268,-18.007,-1.5,0
-12.029,-24.922,-18.086,-15.479,-14.94,-44.364
-49.171,-206.8,-19.525,-9.5189,-9.2864,-7.3177
-6.4688,-48.623,-1.0191,5.5474,-2.9888,-199.54
-54.453,-32.904,-31.467,-33.867,-6.9433,-211.94
-374.27,-183.31,-35.245,-36.15,-36.112,-676.44
-166.77,-55.388,-40.916,-35.073,-39.577,-708.13
-205.13,-46.92,-7.1359,-0.97977,-2.253,-2.4923
-57.885,-117.46,-30.897,-34.685,-34.636,-416.01
-364.89,-158.32,-33.242,-16.52,-33.133,-638.99
-40.933,-199.29,-1.4753,0,0,-0.93259
-39.579,-37.213,-30.684,-30.654,-30.137,-203.87
-237.46,-25.631,-11.227,-11.503,-11.344,-168.02
-8.9102,-32.715,-9.4897,-7.4119,-9.3297,-209.3
-202.62,-48.176,-24.782,-25.478,-24.452,-205.07
-83.121,-117.92,-30.075,-30.102,-27.58,-129.73
-47.887,-0.48,-0.57167,-0.69573,-3.0341,-2.5647
-204.53,-114.47,-15.626,-23.587,-23.559,-110.12
-56.29,-91.337,-16.578,-18.856,-18.894,-85.216
-31.122,-43.59,-2.3865,-1.4717,-1.08,-0.99708
-270.09,-260.21,-22.299,-32.017,-14.876,-257.61
-201.4,-17.123,-14.554,-14.935,-13.305,-208.05
-202.52,-61.188,-10.768,-9.0138,-10.605,-15.275
-27.654,-53.631,-2.167,-1,-3.1011,-1.4413
-247.87,-42.572,0,0,-2,0
-68.86,-38.424,-27.866,-3.7645,-0.266,-11.946
-4.7977,-6.7892,-8.5174,-0.58003,0,0
0,0,-17.729,0,0,0.18
-0.44,-39.255,1.1996,-1.0769,0,0
-5.2588,-20.273,-7.0914,-5.1363,-5.4572,-49.866
-49.357,-28.345,-56.709,-0.56578,-1.4929,-0.66151
-9.6761,-6.7982,-16.29,-0.30841,-9.3553,-35.372
-387.52,-65.3,-21.4,-18.986,-21.368,-203.48
-123.72,-117.5,-32.9,-33.08,-18.803,-445.9
-4.7622,-46.205,0.32574,0,-1,0
-20.755,-29.976,-12.804,-13.275,-13.118,-13.336
-147.81,-218.52,-24.21,-24.706,-24.568,-22.909
-7.6631,-9.0793,0,0,-1.0939,0
-232.33,-10.935,-200.03,-5.5538,-6.5875,-8.3662
2.008,2.5155,3.4756,0.03592,0,6.9989
3.9774,0,0,-0.056145,0,0.08
-174.29,-75.341,-62.93,-26.096,-21.195,-441.35
-226.89,-88.799,-28.427,-28.733,-24.281,-428.17
-5.6118,-9.8322,-2.2631,-1.1333,-1.1047,3.0265
-224.44,-213.9,-8.6512,-17.243,-13.259,-1.3113
-200.97,-290.2,-15.111,-15.271,-14.117,-60.406
-7.5269,-7.1694,0.51595,-1.62,0,0
-290.15,-164.68,-7.2983,-7.4283,-4.9538,-14.121
-3.4067,0.1,0.020911,0,0,0
-199.7,-7.5274,-1.2,-0.85174,0,-0.73808
-3.2645,0,0,0,-1.9,0
-31.444,-1.502,0,0,-0.22238,0
-13.992,0.8,-41.841,0.43894,0,7.3608
-0.43041,-0.19268,-1.6674,-1.3,0.81633,0
-0.35795,0,0,0,0,0
0.8,0,0,0,0,3.6695
0,-199.88,0.2,0,0,2.5559
-4.9642,-26.739,-0.46654,1.3698,-2.6611,-0.15486
1.1167,4.9116,-0.96348,0.61836,-1.6514,0
-204.18,-14.145,-9.6819,-9.5171,-9.9779,-200.81
-205.65,-26.871,-2.9606,-2.6027,-3.8172,-199.26
-12.992,-7.4477,-10.486,-3.5801,-1,7.4533
-9.2859,-3.2033,-3.6741,-2.8092,-2.376,3.6679
-206.8,-200.9,-4.6579,-4.6579,-1.9869,-5.5505
-6.3171,0,0,0,0,0
-7.1877,-21.839,-1.5395,-2.16,-1.3556,-4.5765
-167.72,-25.866,-178.6,16.432,8.1627,22.498
27.538,0,7.6824,1.679,0,6.9182
-245.23,-75.679,-21.445,-22.033,-18.183,-801.74
-205.96,-24.642,-22.079,-23.33,-35.038,-361.62
-36.985,-61.026,-2.7551,-1.9139,-2.4797,0
-163.42,-6.5352,-4.9888,-4.478,-3.246,7.6225
-201.4,-0.9,-0.63816,-0.89278,-4.0284,9.5997
6.7369,0,0,0,0,0
-189.53,-12.105,-1.0488,-1.8208,2.1494,7.4984
15.301,2.2222,0,0,0,0
0,0,1.2581,1.3105,0,15.77
-48.363,-27.466,-7.0147,-7.5249,-2.8383,-360.2
-0.6,-18.774,1.5733,0,0,-0.32
-212.16,-26.679,-25.148,2.377,-10.733,-303.45
-155.83,-28.52,-99.464,-13.862,-3.5301,-565.92
-1.6941,-18.171,-12.225,-2.1178,-2.9809,-1.2838
-79.71,-4.7902,-15.241,0.087916,-2.4366,-432.28
-183.51,-63.105,-162.39,-16.293,-13.197,-288.42
-0.82441,-0.26196,-0.66785,-2.8722,-1.0408,-206.41
-304.3,-30.107,-6.3894,-31.281,-10.429,-488.91
-9.6971,-22.929,-5.9597,-6.5943,0.58414,-6.2049
-8.1596,-35.751,0.052982,-8.2606,-10.496,-202.15
-25.317,-14.085,-1.3712,-0.5,-1.5888,-1.3996
-12.914,-33.925,-17.382,-3.5455,-8.9031,-167.05
-5.1944,-8.4316,1.9438,-5.4913,-4.7954,-163.35
-32.592,-9.136,-1.1346,-1.4,-2.2081,-4.0173
-27.221,-62.424,-23.251,-8.7864,-8.5677,-10.766
0,0.3669,-1.2,0,0,0
-2.7755,-82.929,-2.2434,-2.989,-3.5247,-5.5739
-74.623,-23.882,-30.646,-10.624,-12.498,-15.453
-50.895,-36.075,-12.108,-9.7255,-10.198,-200.46
-41.904,-11.567,-26.688,-9.2472,-10.838,-10.457
-37.137,-13.2,-15.021,-8.24,-10.238,-164.28
-15.871,-34.459,-4.3427,-6.1562,-7.1381,-203.7
-28.587,-16.037,-27.691,-7.0926,-7.8334,-161.19
-26.045,-130.26,-17.205,-45.477,-7.6411,-205.62
-9.1333,-25.03,-3.4864,-3.6157,-4.5544,-3.3902
-13.924,-26.447,-9.8077,-72.08,-6.1009,-4.7461
-46.708,-37.977,-35.347,-6.516,-6.886,-165.6
-15.058,-7.9325,-1.4284,-0.9,1.0497,0
-241.24,-35.846,-20.555,-2.4536,-3.7519,-290.74
-2.3136,-3.1521,-2.2619,-2.611,-2.7562,-7.5302
-12.06,-15.139,-10.278,0,0,0
-13.368,-6.6302,-0.71615,0.091061,-2.8942,-36.528
-7.7515,-51.116,-4.7828,-3.7612,-4.1023,-3.6944
0,-6.8327,0.6007,0,-1.2198,0
-61.961,-22.246,-4.5871,-24.764,-3.2334,-4.9206
-29.514,-7.8712,-5.3189,-5.6461,-8.9121,-203.16
-4.8096,-12.668,-3.904,-4.9982,-6.962,-6.6125
-16.325,1.6884,-0.9776,-5.9774,0,0
-9.7714,-3.5125,-5.021,-4.6041,-4.8617,-7.8985
-0.85747,-206.25,-3.0206,-4.1884,-3.9188,-2.7535
0.60098,0,0,-1.6577,0,0
-16.1,-2.7422,-11.477,-3.4422,-2.5824,-6.9217
-4.1588,1.0248,0,0,0,0
-0.33418,0.12354,0,0,0,0
-57.74,-25.156,-21.167,-15.431,-6.9382,-127.28
-7.9937,-7.0019,-7.4449,-10.072,-8.1431,-160.86
-24.862,-63.299,-12.937,-7.4759,-11.332,-200.51
-28.584,-31.984,-2.7727,-7.9092,-8.7813,-35.743
-3.8482,-197.77,-2.7192,-3.5148,-2.7385,0.49969
-1.8591,-7.6782,0,0.014244,0,0.7159
-5.9773,-9.3388,-4.3155,-2.3636,-5.0881,-4.7032
-16.827,0,0,0,0,0
-0.3,-4.6808,2.0718,3.9714,0,2.5672
-48.698,-48.647,-2.6985,-3.6024,-2.818,-199.87
-24.803,-19.792,0,0,0,0
-0.28848,-35.172,-0.011682,-1.62,-3.137,0
-198.37,-0.96751,-0.059326,-0.75963,-0.82039,-0.30535
-0.34794,0,0,0,0,0
0,0.17196,-0.4303,0,0,0.46486
-12.49,2.1138,-0.74762,-1.2,-2.0443,-2.3558
0.91014,0,0,0,0,0
0,1.4418,7.6189,-0.23856,-1.4,-0.25966
-41.799,-33.854,-6.5718,-7.9359,-5.2491,-198.38
-0.76,-0.13375,-1.2,-1.2,-0.26572,-1.42
-29.044,-15.929,0,0,0,0
-0.95082,-0.57447,-0.17465,-0.076578,-0.35127,-0.63598
-201.24,-0.24536,-1.2,-0.98748,0.92534,0
-0.61123,0,0,0,0,0
0.5907,-0.1,0,0,4.2874,0
3.1726,0,0,0,0,0
-0.382,0,0,0,0,0
-46.52,-49.675,-40.137,-11.886,-34.758,-305.36
-5.4989,-30.392,-4.4375,-5.4652,-6.3494,-359.83
-35.361,-19.588,-7.0691,-5.492,-7.223,-198.6
-2.0698,-1.1481,-1.407,-0.075494,-2.2168,7.7427
-1.4,-0.9,-0.98878,-0.22491,-1.2,6.3345
-201.3,-0.15046,-0.23743,-1.48,-2.248,12.911
6.404,4.146,5.4412,5.795,2.3199,4.7899
-0.4,6.4839,9.9914,1.1295,-0.70129,0
-0.2,0.492,0,3.8952,0,15.532
-39.279,-34.021,-64.497,-31.405,-22.165,-333.34
-31.686,-78.423,-113.34,-29.245,-19.835,-183.55
-66.069,-47.521,-62.075,-88.467,-26.811,-582.54
-59.236,-51.937,-68.134,-24.759,-45.052,-401.62
-60.486,-60.735,-58.982,-61.148,-32.08,-715.7
-77.163,-95.785,-82.183,-14.02,-63.854,-931.95
-94.604,-90.721,-84.879,-25.732,-115.6,-782.34
-75.263,-137.31,-78.193,-21.381,-58.423,-663.62
-75.646,-72.307,-98.726,-8.7953,-80.748,-309.55
-10.371,-5.6012,-8.286,-7.6736,-8.5567,-6.2494
-1.3906,-2.241,-0.2,-4.3031,-0.71218,-0.096658
-39.665,-50.293,-11.597,-16.061,-17.664,-213.1
-52.633,-66.826,-22.504,-22.489,-20.44,-252.96
-54.174,-27.286,-41.306,-43.162,-16.051,-155.29
-34.308,-32.171,-39.948,-22.371,-11.426,-102.13
-69.054,-78.394,-54.785,-33.432,-68.272,-202.95
-55.364,-82.259,-65.317,-33.684,-16.51,-442.01
-52.88,-36.028,-30.344,-13.6,-38.593,-299.01
-55.572,-21.112,-15.701,-15.965,-17.309,-200.3
-17.278,-3.9194,-4.0169,-4.3,-4.2351,-14.549
-25.692,-33.532,-56.482,-18.767,-24.657,-201.94
-50.962,-33.526,-31.501,-40.324,-8.044,-38.634
-8.946,-41.59,-9.4503,-9.4179,-9.736,-200.77
-19.976,-20.345,-29.635,-24.081,-13.211,-104.24
-120.44,-119.29,-72.176,-69.417,-12.809,-204.25
-28.466,-80.492,-66.092,-10.673,-52.61,-201.2
-48.297,-36.798,-47.809,-17.837,-37.874,-313.42
-80.874,-56.012,-63.919,-60.099,-20.35,-554.25
-65.091,-65.545,-42.961,-29.764,-19.914,-91.389
-44.879,-57.727,-48.848,-47.338,-23.167,-204.23
-52.367,-50.321,-64.769,-24.177,-47.912,-51.167
-51.001,-41.317,-58.788,-28.777,-67.705,-40.803
-47.315,-38.92,-39.768,-29.737,-17.871,-54.835
-101.72,-60.796,-41.475,-27.8,-32.218,-56.331
-62.807,-126.16,-48.999,-17.381,-44.301,-44.783
-73.123,-78.926,-72.504,-6.9805,-55.142,-127.12
-43.021,-43.26,-16.764,-16.929,-48.514,-217.31
-29.239,-25.125,-31.846,-37.036,-22.652,-149.7
-57.31,-53.749,-42.466,-15.053,-34.002,-152.33
-34.594,-22.23,-27.554,-19.759,-20.457,-15.801
-16.885,-18.038,-14.415,-10.899,-14.385,-15.678
-8.0827,-12.236,-26.294,-9.3908,-8.6572,0.61935
-12.43,-47.604,-14.465,-11.081,-5.3565,-12.065
-55.575,-18.667,-15.447,-6.653,-9.48,-16.543
-4.7891,-5.8797,-1.2532,-1.1673,-1.1252,4.9119
-41.638,-60.958,-50.229,-20.091,-46.104,-446.47
-37.826,-23.363,-17.328,-18.509,-18.553,-190.04
-49.701,-47.53,-42.267,-43.812,-20.052,-164.92
-35.868,-30.952,-36.562,-10.171,-23.675,-33.65
-1.701,-3.1175,-2.3054,-4.252,-4.3377,-0.77277
-3.1734,-14.415,-2.6987,-5.2924,-4.3181,0.34856
-11.889,-23.867,-13.599,-12.4,-11.744,1.4671
-4.4647,-25.088,-1.828,0,0,0
-0.24566,-7.6711,-1.4052,-1.5585,-1.1936,3.5186
-70.974,-27.955,-44.417,-49.957,-16.894,-492.96
-62.839,-35.976,-25.882,-14.328,-21.522,-586.78
-36.678,-59.999,-36.656,-49.894,-17.873,-289.65
-13.037,-13.122,-31.251,-13.963,-13.306,-15.319
-3.379,-15.625,-20.56,-11.397,-8.8396,-8.7717
-5.6392,-4.8495,-6.7935,-6.0189,-5.0902,-7.8376
-16.328,-19.399,-20.44,-15.923,-16.014,-10.53
-30.868,-41.823,-16.496,-16.372,-16.156,-19.405
-22.775,-12.572,-10.077,-2.2491,-10.383,-13.15
-36.376,-12.168,-11.675,-11.735,-10.674,-198.07
-49.201,-44.817,-42.383,-47.219,-19.323,-64.065
-59.383,-63.654,-83.052,-43.583,-20.526,-180.8
-6.708,-6.0807,-0.67486,-3.9915,-5.0249,-2.7935
1.2171,15.132,6.9353,7.6812,-1.0403,16.421
7.9103,0,3.2185,0.46534,-1.0784,27.53
-19.014,-0.20523,2.1526,0,0,0
9.714,10.718,7.1912,11.459,10.177,33.665
10.042,5.7667,2.3027,5.8835,2.3356,29.332
-74.308,-67.165,-44.244,-17.483,-61.733,-469.92
-32.951,-57.995,-29.593,-23.605,-23.019,-197.37
-38.068,-42.589,-20.98,-51.496,-40.664,-152.4
3.4225,-9.4435,0.22525,-5.0779,3.1564,11.846
13.711,0,3.0675,0,0,0
4.2085,1.3068,2.898,1.5999,-0.40339,14.698
-0.0041725,0.71072,3.0647,0.22685,-3.043,-0.70096
3.2507,0.6,0.45491,3.959,-1.8746,22.167
11.457,7.7115,13.871,0.43419,-4.2482,21.028
-6.946,0.38232,-24.285,-6.3455,-4.8058,-10.094
-2.9061,-0.49063,-2.8779,0,0,0
-6.0475,-3.1525,-4.5962,-2.1766,12.846,-851.82
-42.442,-13.48,-14.056,-15.691,-14.041,-213.41
-35.694,-2.6509,-2.9571,-3.0487,-5.2012,-192.98
-29.945,-9.795,-6.1324,-6.4617,2.2762,-761.28
-9.7544,-7.6873,-7.597,-7.0781,2.8033,-769.42
-63.647,-21.128,-24.63,14.813,3.8463,-363.08
-65.168,-12.452,9.9229,-0.70176,-0.58151,-420.15
-45.249,-47.173,-20.555,-29.618,-28.969,-485.87
-35.184,-40.309,-32.468,-34.532,-34.415,-769.35
-4.3462,-9.3673,-2.2021,-0.7,0,0
-45.175,-70.767,-29.099,-19.088,-27.604,-646.48
-80.382,-36.575,-26.138,-8.5723,-28.867,-366.15
0.13055,0,0.0096092,-1.277,0,0
-114,-35.913,-17.871,-25.86,-25.841,-206.21
-23.506,-26.234,-6.1941,-19.656,-19.336,-117.48
-7.864,-73.55,-4.9384,-7.6857,-8.0341,-492.43
-32.535,-24.867,-17.52,-24.373,-24.719,-134.75
-39.839,-41.898,-26.513,-22.496,-26.375,-207.79
-7.2154,-2.8306,-1.4304,-3.7261,-6.4598,-5.9835
-31.81,-23.331,-10.717,-23.06,-24.275,-381.2
-20.046,-29.762,-17.673,-17.812,-6.4289,-30.541
-4.3638,-38.177,1.5966,-0.65359,-0.49538,-1.4901
-22.409,-26.454,-22.511,-20.751,-14.519,-164.37
-17.121,-17.293,-16.87,-13.113,-16.439,-199.72
-10.09,-12.583,-8.9148,-8.4813,-9.1332,-206.11
-20.765,-9.8798,-7.404,-10.663,-8.948,-10.177
-5.5233,-4.2764,-0.64183,-2.3827,-1.3394,-199.88
-3.5865,-25.945,-1.1302,-6.1729,8.6107,-78.775
-21.812,-49.764,-26.436,-15.151,-21.551,-29.079
-34.95,-4.0753,-4.0981,-7.3341,0.46499,-43.739
-3.33,-1.6626,-1.7936,-1.8105,-1.462,-3.5833
-13.298,-18.802,-15.426,-14.529,-9.9824,-13.104
-5.8517,-30.304,-2.4216,4.809,-1.6109,-2.492
4.4752,-11.585,-24.239,13.306,0.51664,2.8222
-44.342,-46.088,-29.015,-17.601,-215.09,-602.39
-39.102,-38.86,-103.55,-23.308,-30.94,-369.18
0,1.7617,0.077168,1.5425,-0.25268,4.3463
-27.338,-39.173,-26.497,-19.821,-26.59,-26.486
-42.852,-25.74,-208.13,-12.1,-133.13,-22.857
0,1.98,8.1055,0,1.2224,11.589
-24.316,-22.129,-21.562,-21.769,-21.522,-21.745
-26.724,-13.415,-3.1171,-2.6737,-0.47929,-3.0299
4.1081,0.81931,2.5723,0,2.3413,15.152
-43.571,-22.549,-18.75,-23.451,-23.32,-319.57
-52.773,-38.629,-23.365,-19.632,-23.538,-297.9
-0.80322,-21.448,-1.2841,2.5082,-1.1645,-355.5
-23.296,-15.054,-13.917,-10.764,-14.083,-0.96705
-3.0741,-2.96,-6.0546,-5.7442,-4.0086,1.5373
-2.2503,-4.5778,-1.1447,-0.42043,-1.0075,-1.6101
-11.612,-12.148,-11.781,-10.109,-12.607,-6.1201
-0.39675,-0.2541,0.26433,0,0,0
-0.34501,-0.502,-2.1532,-1,2.2674,0
-45.864,-6.6954,-7.0467,-6.7579,-8.3552,-198.96
0,0,0,4.7484,0,0
1.6075,3.5715,1.7533,0.41499,-0.95254,-124.95
-7.5044,-7.4018,-8.702,-8.4087,-6.6285,-7.1561
0.34932,2.5287,6.643,0.79898,-1.3229,2.2538
0,0,0,0.069839,0,5.7043
-16.873,-16.338,-9.0842,-8.8181,-5.5647,-9.8494
-0.47354,-1.6114,-1.7214,4.9216,-0.37073,-4.4384
5.533,8.0017,14.492,8.1023,-0.78025,6.0321
-19.758,-25.751,-19.52,-16.03,-19.412,-196.24
-44.84,-22.569,-19.22,-11.052,-15.458,-422.98
6.2918,4.1524,4.7601,2.3159,-1.5695,-352.06
-11.23,-12.863,-11.804,-11.652,-13.081,3.2419
10.81,16.041,10.955,9.8187,7.9987,26.418
26.691,-4.9557,7.3629,4.857,0,0
-2.1336,-20.235,-4.4204,-1.7307,-1.98,-2.0877
25.782,16.804,30.877,15.215,6.9226,22.428
34.66,16.723,21.312,12.052,11.683,10.038
-72.769,-41.801,-20.757,-14.023,-19.361,-936.13
-19.993,-26.919,-19.351,-19.357,-15.603,-354.77
-2.0923,-7.7321,-1.1596,-0.17248,-0.77365,-195.86
0.43684,-1.386,1.129,-4.6874,-1.323,4.8294
1.256,2.7985,1.6574,-0.22805,-1,12.062
-0.13475,10.422,0.72573,1.0255,0,0
-1.0566,6.0235,-0.31673,-1,0,0
32.936,-0.7,5.3437,4.9008,1.8408,3.8339
1.4281,21.612,3.3362,0,-1.061,0
-1.9891,-6.6898,-2.9346,1.4041,-1.5569,-163.9
0.043192,3.6725,9.7449,0,0,0
6.0063,-2.8649,20.929,-0.36201,-0.55552,-236.38
-13.44,-10.201,10.523,-8.9801,-9.8542,-393.8
5.4725,0.47265,10.041,1.0207,0,0
-1.5933,1.8604,17.586,2.4161,0.24764,-279.7
-9.6894,-14.232,-8.4775,-7.64,1.2851,-573.34
-6.8704,5.7965,20.298,0,2.9938,-325.08
2.3833,-1.4786,0.21305,14.713,2.8738,-702.14
-1.9973,10.6,-3.9895,-5.2748,-1.3384,-162.12
-13.344,14.095,-1.1757,1.7008,-0.10157,-588.45
-36.018,-53.561,9.2238,-0.5178,-0.83175,-160.77
-4.813,-5.1057,-7.9297,-6.6416,9.5326,-130.22
-4.5985,9.9616,-1.0758,-91.04,-0.24605,-140.75
7.8137,0,0,0.76225,-0.49043,-0.73417
-8.5073,1.6465,-6.9145,-8.9335,-6.6026,-202.46
-27.691,-2.6327,-1.731,-1.8035,11.241,-1.0847
-36.753,-9.4723,-3.4701,11.565,-1,-1.2617
-6.4018,-106.11,2.8336,-5.5622,-7.3594,-130.2
-4.6082,-17.723,-4.1448,-4.2527,0.10782,-163.02
-5.8944,-5.423,11.008,-5.1604,-4.1678,-31.524
-4.8209,-12.219,-201.14,-6.2421,-6.3164,-127.65
-2.241,-3.2273,-2.7631,0.32924,-2.411,-3.0879
-2.011,-2.7652,0.1522,4.3844,-0.41235,-192.8
-7.8884,-8.3899,3.6759,-7.0547,-6.6707,-132.15
-2.8234,-1.9718,-6.5735,-1.2394,0.71984,-1.5052
-8.1904,-3.0384,-1.5682,1.9424,-3.0717,-194.59
-4.5588,-3.5793,-6.6847,5.9155,-4.7858,-366.17
-1.8255,-1.44,-0.61543,-4.9948,-0.30834,3.9527
1.2968,4.2026,4.3387,9.9341,3.1434,-395.27
-11.233,-11.551,-7.173,0.61377,-7.6104,-9.2312
-3.0448,-2.7668,-0.2,3.9369,-1.5436,-3.2813
1.1388,-1.384,2.8117,2.1573,5.5861,-0.92542
-116.25,-10.277,-11.59,-9.9194,-163.39,-1.3347
-53.788,10.947,0,0,0,0.28
2.4589,3.5134,18.221,4.4684,-0.56368,-4.4548
-12.797,-30.178,-1.1146,-12.748,-13.117,-288.89
-0.67509,10.604,-188.89,-0.49298,2.496,-183.87
-2.3073,-3.9709,2.7749,-0.028416,0.069524,-355.01
-17.141,-16.803,-204.11,-132.83,-204.2,-16.527
-12.08,14.654,-31.724,-197.02,-119.47,-8.8323
0.55184,11.524,0,1.0609,0,0
-0.60952,-7.1951,-0.2,0.19545,2.4365,0
-2.5781,7.8363,0,4.3736,3.7951,-1.0315
-11.144,8.8988,0,0,0,-1.2345
-7.3773,-8.9006,-5.1414,4.0138,-7.4259,-536.41
-7.8492,-5.504,-4.0623,-1.2061,-2.0778,-507.63
-2.0138,-9.5027,-1.4605,-2.7074,2.6012,-295.52
-6.6433,-4.3869,1.8388,-3.6281,-197.24,-43.188
8.2993,1.7857,-95.503,1.7462,0.16574,0.21425
5.507,11.873,5.4375,-0.70449,1.6526,1.7816
-1.4885,-17.863,-5.7,0.80233,-0.23833,-2.6077
-8.2947,-0.80474,0,0,0.37959,-0.14141
-1.1058,-15.222,-0.37025,11.998,-0.3882,-30.544
-8.2895,-33.801,-2.3114,-0.61827,-2.5441,-197.74
-0.063897,-6.8906,1.3661,0,0,0
-2.2019,0.27993,1.4079,6.8219,-1.0938,-327.66
-3.6138,0.40727,-2.3589,-2.0537,-3.5715,-2.0316
-0.31135,6.46,0,-0.41818,0,0
3.2561,2.7981,16.299,-1.5692,2.9142,-0.36742
-4.0212,-2.8059,-2.6194,1.2941,-2.4568,-2.5616
-0.63433,12.19,3.3504,0,0,0
2.2564,0.77645,9.7107,1.1421,1.9085,0.1944
-8.5696,-5.6968,-6.4778,-6.8835,-6.7342,-201.22
0.63296,10.349,0,0,0,0
-0.44165,-3.0109,3.2329,0,0,0
-6.5477,-4.8061,-4.6379,-5.7658,-4.8066,-5.6129
-2.1161,0.29164,-1.1422,0,0,-0.93854
6.8305,0,0,0,0,0
-1.5777,-0.30094,0.79167,0,-1.4,0
11.633,0,0,0,0,0
-2.2397,13.533,0,0,-1.3753,0
-4.5226,-4.5483,-4.4135,6.5012,-4.4819,-830.94
-1.4365,-3.0006,1.0508,-0.59097,-0.55939,-537.21
0.77698,-0.30612,9.4056,0.40271,-0.72263,-195.17
2.9019,3.6524,2.1026,2.7763,-200.34,6.5429
9.5132,-0.5676,-0.76174,4.011,2.9553,0.63083
18.188,8.0248,3.1432,5.289,2.339,1.4028
0.57801,7.7567,7.3698,9.7409,2.8706,7.8696
-0.546,25.419,-0.64274,2.6517,0,7.0028
26.303,0.77399,-0.43088,-1.3967,4.0501,-1.5733
-16.112,-14.64,-14.508,-15.959,-14.102,-470.06
-1.3294,-13.965,-12.825,-10.638,-9.6697,-10.558
-4.3893,-15.385,-12.921,-17.933,-15.733,-414.16
-15.125,-16.594,-14.778,-10.244,-14.818,-374.67
-18.351,-14.882,-18.089,-1.0992,-16.97,-418.54
0.38286,-11.772,-15.662,-14.85,-11.701,-803.88
-12.012,-10.856,-14.319,2.5483,-10.887,-457.03
-6.6383,-13.529,-14.732,-13.836,-15.638,-708.2
-6.1842,-6.6593,-6.3598,0.70111,-10.976,-412.2
-1.7671,0,0,0,-1.5,0
1.1696,0,0,0,0,0
-2.4164,-3.5924,-7.8751,-5.5172,-3.9453,-42.458
-9.1229,-7.5917,-7.0095,-8.3098,-6.0964,-204.24
-3.7863,-3.1767,-4.0851,-0.90416,-3.8747,-121.02
-4.8199,-4.2523,-4.1735,2.5541,-4.2241,-154.17
-8.4623,-7.6897,-7.575,-3.5768,-7.8053,-167.66
-8.4004,-9.1695,4.4043,-11.258,-8.4244,-372.53
-4.6453,1.7401,-5.1664,-5.6048,-6.3745,-569.22
-3.369,-1.8864,-0.087844,2.047,0,-0.0156
2.8276,0,0,0,0,0
-2.7792,0.13906,0.53992,-0.088989,-1.9057,-0.0031131
-8.4191,-7.3878,-8.5491,-7.1901,-6.4763,-79.677
-0.77685,-0.11949,-2.1781,-0.65844,-1.1509,2.3294
-7.4343,-5.0626,-4.7526,-5.0858,-4.9056,-198.83
-11.608,-11.098,-12.431,-6.4111,-11.971,-319.59
-4.5396,-4.7961,-5.6218,-2.9482,-4.9489,-159.47
-2.8537,-5.2186,-5.022,-3.5612,-4.2262,-197.72
-12.334,-15.745,-12.649,-14.275,-1.3613,-106.95
-7.7809,-12.01,-14.426,-13.792,-13.061,-487.54
1.9658,-11.159,-11.184,-11.307,-10.946,-61.296
-12.982,-13.691,-14.037,-13.505,-14.516,-7.3971
-15.028,-13.226,-14.377,-13.323,-8.0203,-17.556
-4.6478,-5.34,-4.1244,-5.6373,-6.1893,-9.5945
-12.045,-11.724,-10.843,-10.896,-7.9591,-10.951
-13.907,-14.866,-9.5693,-13.45,-12.915,-14.189
-5.8345,-1.4678,-6.8837,-6.8278,-4.2857,-4.9779
-2.5432,-2.0335,-4.621,1.9834,-2.1199,-195.6
-3.6167,-4.4765,-5.6702,-2.9924,-3.655,-5.1538
-2.8947,-2.8335,-2.8728,-0.81175,-2.6469,-190.98
-4.5507,-8.6114,-4.3918,-4.4433,-4.5332,-10.178
-2.5351,-2.8269,-3.8912,-3.2014,-4.8621,2.2611
3.3041,2.3165,3.1007,0.58431,2.9564,4.8759
-1.5326,-1.5727,-2.5873,-0.86773,-0.41187,-3.5359
1.6148,-1.4077,-1.628,-0.25458,-1.6246,4.6069
0,0,3.0982,2.9931,0,7.4096
-10.644,-6.9808,-9.5855,-9.0002,-9.0082,-300.31
-2.4923,-1.8748,-2.6315,-1.3374,-2.1502,4.3687
-8.4208,-6.3478,-3.3298,-6.8507,-6.8769,-352.84
-2.7409,-2.8707,-6.8625,-2.8537,-4.6127,5.2201
-0.95676,1.2838,0,-1.7205,0,0
1.9816,2.413,3.581,1.5946,-0.75358,2.1363
-0.11552,1.5611,-2.0065,-0.081504,0.67278,0.65252
0,0,4.344,0,0,0
9.4437,3.5135,2.7439,0.70382,0.68205,1.1909
-9.2378,-8.0547,-9.5177,-10.665,-11.41,-359.96
-3.4197,-8.8134,-7.9795,-9.8511,-11.53,-325.36
-6.1681,-4.5006,2.4441,-5.0881,-5.4547,-477.73
-0.6,-1.0581,1.3686,-0.828,-3.2546,0
0,-0.41487,0,0.61176,0,3.8014
12.554,6.2478,6.8873,6.334,-1.0774,4.5395
-1.8727,0.68202,-1.1876,-0.37742,-1.3806,-1.093
-1.0474,-5.7054,-1.1989,-1.0135,-3.1745,-1.0952
4.3247,5.0485,3.0168,4.7478,3.7224,-2.2068
-4.0028,-5.3447,-5.8986,-4.2907,-3.7361,-198.34
-9.1587,-8.5155,-2.3066,-8.3756,-8.3593,-265.31
-9.3541,-4.37,-8.2369,-11.312,-8.8544,-11.671
8.6892,0,0,0,0,0
11.25,3.2991,20.027,6.1907,1.9658,7.7682
0,27.981,5.9226,0,0,0.34012
0,4.3446,0.7,-1,0,-0.016
4.6791,18.055,1.0589,5.3931,5.4688,2.9291
21.442,0,3.8707,1.9106,0.71282,0
-11.167,-1.4981,-13.033,-10.702,-12.187,-771.7
-5.1531,-4.8617,-4.8093,-4.7677,-5.7868,-152.93
-0.35665,-10.985,-10.245,-10.522,-8.9327,-233.34
-0.48025,23.208,1.9036,0.2572,-2.5121,9.8887
1.1,0,10.138,1.2713,-1.9591,0
4.4221,21.889,2.4451,-0.72967,2.5901,2.5913
-1.0529,13.768,0.20371,0.4901,-1.2019,1.888
21.574,0,1.4317,0.77417,0,0
10.187,20.474,5.5324,4.1871,-1.5281,1.9244
-21.033,-5.288,-4.5953,-4.0728,-2.5233,-209.52
31.606,0,0,4.209,0,-142.2
20.609,27.463,19.654,16.645,19.068,-691.38
-4.3183,-6.1908,-7.3529,6.0398,-3.8926,-14.92
14.739,36.785,15.422,12.756,2.4805,-512.79
17.289,20.23,22.56,17.981,17.557,-180.61
-1.7132,-0.39807,-0.4499,-1.5775,9.6163,-359.95
13.344,35.342,13.297,17.653,15.673,-453.13
33.046,24.763,22.873,23.657,17.846,-797.4
-11.948,-12.55,-12.134,-4.6982,-11.882,-201.06
-24.44,-6.5215,-20.368,-20.546,-20.664,-202.71
13.584,2.3919,0,-0.26368,0,0
-11.024,-4.6505,-6.6886,-6.7017,-7.1738,-184.57
26.826,-5.5186,-5.3447,-5.4241,-2.4143,-60.209
19.273,36.473,20.884,17.425,20.436,3.1439
-4.6004,-8.1226,-5.1208,-0.37816,-4.924,-201.58
29.001,13.515,20.569,11.003,9.0007,-683.4
33.536,21.793,16.941,19.25,14.2,-424.1
-1.7797,-3.2334,-2.2708,-2.2865,-2.7844,-1.948
-3.5745,-3.7313,-4.1789,-3.6622,-4.0999,-201.91
2.6303,0,9.4831,-0.5,-1.3782,0
-8.5805,-8.7996,-8.8848,-7.1039,-8.9423,-127.17
-4.5629,-4.4948,-0.56815,-4.332,-4.6877,-203.62
0.75172,0,0,10.174,2.6015,0
-8.3281,-8.8772,-6.8841,-7.2446,-7.6249,-199.39
0.51886,-2.6568,-0.82099,-0.33864,-0.61109,0
1.2137,0,-0.17939,-0.2,4.3398,-200.18
-5.4652,-0.77131,-4.5399,-5.0504,-4.2791,-199.1
14.61,14.223,30.663,14.155,9.7202,-313.01
21.353,17.348,22.574,19.812,17.394,18.305
-5.1766,-7.4846,-1.9321,-2.2846,-1.5606,-3.0557
6.2861,13.927,20.203,8.276,10.627,29.103
26.944,29.448,27.237,19.464,14.91,23.773
-0.029447,0.16632,0,4.0894,-0.9,0
8.4209,10.082,26.867,9.4204,8.0042,8.2731
21.624,22.345,32.053,13.153,14.205,19.611
-7.6911,-8.1217,-7.4551,-6.2829,-7.4108,-159.93
21.559,4.6392,-0.52149,-4.6115,1.0316,-77.859
26.566,26.515,37.131,21.609,15.385,-33.725
-7.8789,-8.3384,-4.2895,-4.317,-3.8756,-5.3528
21.415,22.566,21.115,17.358,11.936,34.628
30.163,26.886,25.613,24.751,17.298,24.945
-2.7192,-0.91912,-2.1513,-1.782,-1.782,-2.1691
22.2,31.324,20.646,18.294,12.215,20.095
23.583,38.141,23.638,12.952,9.4821,23.972
-6.4967,-5.526,-6.3974,-6.7675,-6.6493,-201.12
-11.673,-4.364,-4.6139,-4.3762,-4.58,-128.53
0,2.63,-3.6722,0,0,0
-2.6483,-3.2256,-3.3722,-2.4435,-3.1359,0.42317
2.8903,0.48578,0,-1.0859,0,-1.0573
7.6117,0,0,0,0,0
-1.5759,-3.8683,0.5929,-1.3203,0,1.5921
4.971,0,0,0,0,0
-1.0019,0,5.4332,0,0,0
-0.62485,0.10159,-1.0301,-1.0012,-1.5097,-199.22
10.134,10.065,10.754,17.756,10.027,-854.12
21.232,37.256,22.589,23.047,14.776,-261.26
0,0,2.0582,-0.24728,0,0
19.697,3.4205,17.857,0,1.2533,4.9519
15.787,35.012,20.16,4.3943,2.5713,18.33
-1.8453,-1.0862,-3.66,0,0,0
19.203,3.4079,3.6544,3.2694,2.3243,5.2404
34.637,4.1607,2.4082,1.2985,0,0.62062
-2.3001,-5.8296,-0.55134,-1.0362,-1.6874,-195.7
20.045,33.493,13.529,14.784,12.85,-274.68
20.713,20.946,20.11,24.01,17.943,-60.27
2.8883,0,0,0,0,0
32.05,29.19,28.655,18.127,17.324,32.355
35.327,4.3599,16.799,2.594,2.8228,18.397
-0.31234,0,0,0,0,-1.12
7.6317,26.961,13.585,17.006,4.9113,35.255
34.578,2.9085,5.5818,0,4.1097,5.6513
-8.5121,-5.4951,-7.2971,-5.0355,-1.7969,-362.02
0.26952,0,8.1151,0,0.30258,-0.81639
12.478,0,2.4817,0,0,1.2587
-2.2964,15.791,2.906,-0.91554,-2.9405,0.60508
0,0,0,0,13.097,0
14.002,0,0,0,0,0
0.67192,18.483,-1.782,-2.196,-2.4701,-1.69
2.178,1.6522,1.5857,13.316,0,0
13.846,0,0,0,3.2839,0
9.4532,24.196,3.6628,7.4314,2.3124,-16.381
11.928,26.82,4.864,2.6383,-0.58215,0
16.829,26.86,16.455,12.689,15.502,-563.07
23.046,5.4278,5.6005,8.755,7.0918,-379.48
14.092,10.272,26.405,11.283,6.2575,-298.26
11.691,30.83,15.163,11.652,10.719,-611.46
5.5771,5.4693,15.95,5.6992,6.0925,-314.41
18.501,17.079,16.627,7.1127,6.2872,-626.03
16.646,31.434,17.411,14.672,14.55,-697.42
-0.92872,15.639,0,-1.6195,0.93353,-4.5151
19.887,13.057,13.013,13.21,12.086,-367.55
12.144,25.729,12.915,4.7351,6.2735,6.3231
6.1672,19.332,4.6698,2.3483,5.4689,-258.25
27.49,5.1543,6.8346,9.6154,10.972,-285.05
18.251,26.44,6.4599,10.51,8.4566,-363.47
1.0848,21.031,4.1864,4.1661,2.0264,-158.75
10.979,24.97,12.337,14.45,9.9969,-188.69
14.984,32.906,6.5237,9.523,5.7491,-355.68
0.14344,6.7493,0.93261,0.65956,2.2261,-0.21734
6.5729,17.96,5.7027,5.4237,2.1821,-0.1045
6.0439,15.573,7.6307,5.0417,4.7112,2.2802
2.2238,1.9333,6.9122,1.9962,2.8392,1.3319
6.3862,16.909,9.8811,7.8018,8.621,3.3022
11.601,22.408,12.301,11.921,10.624,-0.89884
0.20395,23.828,2.3659,2.8749,3.098,-193.26
7.8789,22.667,8.1725,4.4959,8.0393,0.028232
31.128,17.299,13.513,7.0724,13.271,-32.783
5.9585,25.503,7.7781,9.5559,8.205,-127.26
22.417,7.9094,-0.4,4.8146,2.1674,-196.13
12.402,12.931,23.817,13.436,13.781,-275.22
19.131,6.669,1.8149,4.4922,2.3573,-17.256
5.5394,22.86,9.5512,2.283,2.3699,-0.15773
10.468,25.144,11.638,11.497,11.514,-9.5818
0.42689,0.047833,3.0163,3.1248,2.771,6.3848
1.2809,27.55,8.9752,0,1.5021,1.599
27.147,16.156,16.003,14.245,9.8825,6.9226
0.48746,11.403,1.1109,1.1446,1.2844,-105.37
13.501,18.255,14.283,13.297,9.0884,-431.24
24.052,12.588,11.727,5.7399,8.804,-154.51
-0.020096,17.622,-0.01497,-0.41197,0.32557,0.44934
17.283,9.0744,10.261,9.0544,8.1361,4.6891
11.604,13.404,20.906,4.7603,2.4166,5.2029
-1.0209,8.7611,0,-0.73837,-0.9,-3.8794
21.63,0,0,0.43976,2.384,0
0,1.5381,4.9807,0,-0.77029,11.479
2.4897,2.7783,2.2809,6.6996,2.792,-371.12
11.733,2.6817,3.4264,4.9265,1.7252,-328.14
9.2813,25.804,10.032,11.286,10.529,-37.795
4.4774,14.839,5.2363,4.561,5.1769,5.1231
-0.25749,25.407,6.9274,6.4256,4.3075,-0.046889
17.774,29.676,19.145,17.749,6.7915,13.948
7.4882,11.828,7.7657,6.1009,7.1929,6.2505
14.122,1.6161,0,3.8331,0,0
0.66663,7.4097,13.538,10.11,1.8267,-0.21783
18.142,5.8709,4.3523,5.4034,-1.4675,-329.65
6.3003,4.8921,0,16.665,0.95779,-320.71
21.678,15.59,17.071,16.058,4.2622,-353.01
7.0833,15.48,5.2003,-0.20992,-4.8613,1.5279
22.805,0,0,0,0,0
0.51946,26.468,10.708,8.6782,4.0061,1.6557
0.8427,3.3711,2.3338,-0.050549,-0.083978,10.14
0,0.87539,0.6,-0.1,2.6804,10.838
7.5675,12.55,22.849,7.9636,6.4853,11.333
-1.9786,13.546,-0.062244,-2.5319,0.031972,-286.96
21.651,21.624,27.639,9.6019,11.525,-118.56
14.424,33.02,4.9796,12.58,-0.97174,-480.71
-2.1264,4.7029,0.73751,-1.62,-1.3317,-2.016
29.071,2.6626,-0.62,0,1.7979,0
0.088303,0,18.656,0,0,0
-3.756,14.433,0,-0.26979,0.0004867,0
22.466,0,0,0,0,0
18.581,0,0,0,0,0
4.7221,21.045,5.1606,4.7914,5.0151,-371.48
16.277,26.848,12.379,8.7237,0.23556,-353.81
28.283,13.218,13.215,13.62,11.396,-543.07
9.0779,7.5857,14.752,8.9109,8.4824,9.2537
20.942,1.5079,-0.9,0,1.2949,1.5157
9.2814,6.0214,14.554,4.982,2.5657,0.22642
3.6355,21.694,6.7534,9.139,0.095918,8.5791
4.793,0,1.3311,0,-1.7,6.6273
11.804,31.578,3.8341,3.0386,3.804,-0.2128
-205.62,-381.65,-167.03,-32.463,-28.923,-212.48
-51.99,-52.47,-225.38,-169.87,-31.135,-47.266
-541.73,-741.84,-677.18,-30.996,-607.35,-510.89
-629.4,-411.18,-399.3,-37.477,-245.16,-411.7
-407.5,-441.16,-432.33,-421.75,-327.85,-505.89
-428.78,-344.45,-516.25,-713.03,-31.635,-715.16
-521.04,-549.76,-565.11,-477.01,-49.209,-461.72
-730.33,-625.57,-634.45,-244.93,-618.21,-873.31
-554.84,-822.6,-501.28,-381.1,-144.92,-637.19
-6.2468,-2.7783,-1.4421,-6.1056,-5.845,0
-22.438,-5.5828,-2.4807,-6.2108,-4.7471,0
-33.817,-199.84,-199.82,-27.33,-34.088,-200.57
-208.08,-209.87,-243.15,-21.446,-20.64,-205.21
-213.75,-328.63,-199.25,-286.42,-229.84,-34.941
-225.68,-229.2,-200.35,-18.133,-218.73,-203.61
-210.21,-199.34,-271.74,-15.097,-40.342,-166.51
-572.27,-465.93,-519.46,-461.2,-418.35,-470.38
-508,-358.23,-358.22,-274.29,-158.62,-301.83
-195.28,-212.71,-23.982,-24.221,-24.1,-86.759
-1.1723,-202.28,-0.62,-4.8791,0,-199.69
-169.07,-327.34,-246.68,-169.55,-29.452,-160.05
-271.62,-311.44,-238.46,-220.06,-27.414,-281.69
-3.1328,-38.727,-5.5532,-201.02,-3.5758,-2.7153
-660.72,-383.38,-294,-205.47,-211.94,-21.3
-560.13,-444.1,-169.42,-211.24,-17.227,-275.7
-201.15,-160.27,-166.2,-234.43,-32.374,-199.9
-288.91,-288.69,-310.58,-23.727,-253.11,-200.45
-253.29,-396.46,-363.95,-385.86,-26.181,-367.05
-307.97,-225.71,-129.9,-361.18,-312.82,-399.12
-800.94,-610.19,-576.59,-594.68,-129.87,-666.4
-480.52,-180.82,-185.29,-98.909,-226.39,-24.822
-198.46,-185.41,-196.83,-207.23,-215.57,-35.703
-244.93,-401.26,-645.32,-292.73,-554.08,-25.001
-178.17,-212.14,-258.46,-268.35,-172.77,-57.259
-415.9,-308.53,-687.31,-288.65,-296.73,-34.852
-668.28,-279.01,-345.51,-357.66,-337.32,-45.405
-240.91,-200.14,-202.08,-11.481,-12.726,-204.05
-356.65,-198.41,-197.85,-294.54,-205.6,-197.92
-200.67,-198.94,-298.82,-226.18,-53.329,-191.55
-152.08,-217.19,-199.45,-208.85,-15.013,-10.686
-285.4,-122.58,-457.11,-158.72,-205.43,3.9734
-199.22,-283.27,-324.06,-2.1902,-0.26267,11.096
-206.39,-233.69,-5.6852,-2.7421,-3.0686,-3.6369
-582.13,-124.11,-225.31,-358.61,-202.6,0.77366
-198.43,-197.87,-163.12,-0.22559,0,8.6649
-321.95,-290.62,-300.66,-382.29,-68.436,-332.29
-49.471,-200.42,-241.9,-15.815,-16.153,-194.46
-495.37,-376.94,-266.93,-40.271,-349.35,-335.06
-408.66,-329.55,-130.76,-9.6026,-10.178,5.03
-200.07,-0.42,-0.33059,-159.54,-162.26,8.7859
-359.55,0.24876,-200.02,-0.996,-3.8109,9.3332
-315.84,-195.83,-160.47,-200.52,-207.53,-0.049289
-205.06,-205.26,-198.82,-0.054716,-199.24,0
-268.09,-358.63,-199.04,-202.8,-202.93,-7.2876
-379.1,-364.29,-321.56,-290.63,-93.805,-360.98
-264.43,-199.22,-347.09,-254.06,-218.29,-326.36
-368.21,-361.29,-453.84,-351.77,-72.775,-478.05
-199.91,-159.26,-203.48,-7.9468,-201.52,-7.2293
-199.22,-198.82,-199.22,-196.49,-12.954,-1.3884
-353.5,-200.92,-356.51,-101.68,-166.36,-2.249
-200.04,-198.77,-170.27,-104.8,-202.86,-2.8814
-337.66,-334.28,-382,-198.48,-160.22,-3.9803
-421.49,-301.35,-45.176,-186.33,-333.46,-5.2902
-15.41,-34.666,-32.244,-9.1878,-8.5977,-200.63
-702.81,-535.68,-498.48,-436.33,-241.58,-404.83
-358.6,-307.89,-288.66,-322.42,-380.9,-468.51
-17.094,-17.595,-200.22,0,0,0
-348,-347.95,-655.76,-196.5,-155.87,23.778
-197.88,-198.01,-191.14,-199.37,1.9796,0
-199.22,-203.13,-196.8,-0.72,0.8737,0
-591.48,-545.07,-246.67,-442.32,-363.76,33.662
-209.18,0.80219,-313.75,3.0643,-196.79,25.528
-419.02,-592.37,-499.33,-548,-24.629,-922.89
-232.95,-198.58,-237.42,-206.52,-30.139,-351.44
-330.83,-278.09,-217.06,-197.97,-77.119,-351.1
-481.04,-732.33,-75.574,-0.001635,-6.1605,14.117
5.8042,0,2.2132,2.2704,0.40615,23.167
-196.53,-252.56,-205.57,-1.1393,-1.1906,15.203
-665.21,-286.85,-431.64,-156.95,-3.9174,16.17
-150.85,-477.63,-581,-155.4,1.1575,24.4
-279.59,-387.97,-157.18,-0.33653,-389.28,22.008
-207.38,-14.776,-1.243,0,-1.22,0
-29.342,-6.1035,0,0,0,0
-21.988,-290.74,-18.524,-10.18,-11.273,-133.25
-29.987,-127.88,-39.75,-3.4859,-2.5558,-227.93
-208.51,-42.74,-19.556,-0.036367,-0.63563,0
-224.02,-53.76,-68.37,-30.189,-10.888,-200.2
-32.704,-225.09,-7.0036,-10.05,-8.6231,-373.85
-21.517,-37.624,-38.22,0.65046,-6.1848,-383.33
-15.602,-29.488,-42.45,-2.9892,-8.9463,-187.96
-118.42,-87.257,-35.271,-26.333,-35.221,-434.42
-169.99,-77.139,-40.803,-28.499,-40.557,-505.27
0,0,-12.238,0,-1.3557,0.1
-203.42,-372.23,-34.039,-25.825,-33.412,-568.38
-339.19,-80.517,-32.278,-32.488,-19.966,-583.29
-24.813,-42.937,-3.6502,-1.1575,-1.3323,-202.05
-27.793,-84.301,-27.382,-23.6,-28.061,-296.63
-42.85,-17.529,-8.3948,-7.6808,-5.7812,-202.29
-31.76,-25.592,-6.298,-6.0694,-8.252,-201.68
-32.592,-39.288,-28.358,-27.177,-28.443,-129.74
-354.07,-174.03,-23.077,-29.877,-30.713,-235.09
-58.429,-200.48,-0.76741,-2.5714,-3.1434,0
-175.1,-92.34,-26.889,-26.923,-13.809,-492.13
-95.722,-84.96,-20.341,-19.665,-11.456,-22.12
-64.541,-16.319,-2.8888,-1.3136,-1.2166,-1.1594
-314.59,-150.59,-23.65,-23.856,-12.368,-313.27
-39.939,-364.34,-11.307,-11.04,-10.534,-9.6727
-179.8,-40.577,-6.0479,-7.6947,-6.4159,-204.51
-39.305,0.072945,0,0,0,-202.44
-28.773,0,-1.5117,0,-1.62,0.618
-15.367,-181.36,-22,-4.6653,-5.7306,-5.7153
-8.8743,-14.837,-7.4035,-1.4066,0,0
-1.8508,-11.196,0,0,0,0
-42.412,-1.7276,-1.9581,-1.3789,-2.6954,-2.3475
-24.544,-11.358,-7.0453,-1.2937,-2.0121,-4.0091
-6.943,-37.148,-24.391,-1.2616,-2.4437,-23.846
-10.593,-1.9805,-10.964,-0.87192,-1.9535,-2.6215
-169.37,-172.53,-28.967,-22.379,-29.046,-750.42
-90.663,-374.88,-36.917,-37.211,-27.808,-161.71
-6.3043,0,0.9204,0,0,0
-294.61,-202.96,-14.278,-16.664,-15.632,-16.07
-499.08,-239.91,-18.507,-14.551,-18.95,-18.739
-8.6827,0,0,2.7476,0,0
-2.3185,-14.478,-1.22,-1.22,-3.5856,-5.2993
10.045,8.6063,4.7004,0.08,-1.8095,10.479
0.78,0.78,7.7181,0,0,0
-178.8,-99.014,-42.709,-27.824,-21.552,-189.86
-468.01,-39.327,-23.697,-28.929,-28.865,-265.87
-11.039,-11.068,-5.7202,-2.7958,-1.6627,-0.15623
-336.55,-71.047,-9.819,-9.2466,-11.871,2.5829
-160.48,-162.69,-5.1246,-2.0397,-8.5447,2.5877
-206.23,0,-0.26119,0,-2.02,-0.1
-9.9338,-200.22,-3.1614,-5.8699,-5.0626,-6.0651
0,0,0,0,-1.2379,0
-28.159,-4.7085,0,0,0,0
-230.27,-32.053,-4.2832,-1.4427,-2.7409,0
-27.219,1.058,0,0,-0.62458,0
-0.4056,-20.613,-7.9395,-0.5248,-1.836,-0.31282
-26.796,-0.12346,0,0,0,0
1.6539,0,0,0,0,0
0,0,2.4114,0,0,0.64043
-4.8271,-1.0704,-2.0944,0,0,-0.1898
-0.48484,-20.401,-1.421,0.40973,-2.0943,-0.10778
1.5966,0,-201.47,0,-1.4051,0.68091
-203.87,-27.627,-8.5186,-9.2071,-8.4557,-202.66
-197.86,-1.0119,6.2983,-1.22,-0.4729,-2.4017
0,0,-3.6026,-1.0294,0,0
-3.8947,-0.84062,-1.6153,0,0,-2.1129
-200.63,-160.4,-2.196,-1.3252,-1.22,4.01
-5.2567,-0.073117,0,0,0,0
-201.42,-2.8479,-1.22,-0.71721,-1.22,-1.4
25.664,15.252,22.654,11.715,5.8546,26.608
0,0,0.52518,0.491,0,27.241
-73.312,-36.773,-69.88,-23.569,-17.514,-611.98
-241.48,-206.45,-20.543,-56,-21.685,-196.6
-0.42,-5.8022,-40.078,-2.2007,0,0
-160.4,-203.83,-4.1008,-3.1392,-3.3721,12.132
-195.6,-197.8,-1.22,-1.22,-3.1084,13.634
-195.64,-0.5222,0,-1.15,-3.1707,0
0.36364,10.248,0.70745,0,1.3139,4.8606
2.724,0,0,0,-2.1646,23.741
6.2651,0,0,-0.82481,0,0
-33.522,-3.4637,-7.609,-4.2981,-4.0731,-6.749
-3.6747,-0.75971,-1.2259,-1.02,-3.6162,2.3507
-58.059,-39.947,-31.78,-11.172,-9.2235,-288.84
-27.489,-27.768,-21.245,-10.391,-12.801,-62.851
-41.033,-4.2256,-0.089119,-0.72,-1.2411,-200.74
-45.273,-20.547,-76.71,-0.90543,-7.1642,-393.71
-36.228,-62.146,-46.165,-9.2889,-9.6812,-505.84
-21.857,-13.943,-18.142,-2.0374,-1.9628,-199.76
-16.693,-15.935,-52.946,-5.0846,-9.5169,-488.88
-5.8938,-7.7473,-8.1704,-3.9716,-4.0645,-201.93
-55.04,-21.796,-2.5331,-11.039,-12.288,-218.44
-0.5216,-0.36397,-0.5863,-1.036,-1.4368,0.24431
-14.38,-10.326,-9.7585,-9.6186,-8.4705,-205.24
-110.89,-16.171,-4.4357,-3.7682,-5.3309,-201.4
-37.572,-0.42,0.0204,-0.99847,-1.9739,0
-44.796,-84.96,-28.671,-11.24,-8.2673,-207.45
-56.106,-1.5531,-1.6955,-0.52,-1.6321,-201.4
-43.467,-216.79,-2.4782,-2.7632,-4.7864,-3.5207
-15.666,-60.574,-9.5288,-15.221,-13.959,-34.342
-10.375,-79.676,-25.531,-4.3536,-9.9823,-203.21
-32.835,-40.678,-6.3523,-6.6747,-15.862,-6.6526
-32.256,-63.202,-21.965,-8.8052,-11.747,-21.167
-12.993,-50.178,-8.9919,-7.7365,-8.917,-206.95
-7.615,-34.636,-7.1137,-5.6899,-5.4804,-6.8894
-123.17,-54.994,-38.052,-26.46,-11.621,-211.7
-47.083,-57.795,-2.1394,-1.9038,-1.8079,-0.91213
-12.791,-72.645,-29.681,-9.7368,-10.492,-11.641
-60.601,-10.48,-15.769,-8.2295,-8.6245,-206.48
-38.451,0,0,0,0,-5.1472
-28.204,-98.112,-9.8177,-12.988,-13.4,-329.02
-21.232,-47.646,-6.2687,-7.3177,-6.767,-17.376
-0.80517,-1.7771,-0.72,-2.2051,0,0
-9.2049,-16.434,5.1655,-2.5418,-1.22,-1.0807
-47.273,-8.5091,-0.019163,-4.9357,-4.7016,-12.559
-1.0982,-1.25,-25.296,-1.0923,-1.5281,-2.3423
-14.718,-3.1888,-7.7124,0.29697,-2.7363,-1.8282
-30.561,-13.994,-5.4072,-30.426,-7.2381,-6.7187
-8.2026,-11.275,-10.135,-10.237,-6.1884,-201.4
-15.602,-0.99014,0,-0.79181,0,0
-58.283,-3.1561,-2.7374,-3.7005,-5.0266,-3.7882
-0.37038,-5.9666,-3.047,-3.5555,-3.4226,-4.9826
-2.1048,0.08705,1.0945,0,0,0
-0.93624,-1.183,-1.6561,-1.2857,-0.98076,-3.2463
0,0,0.18,0,0,0
-9.1836,-0.42,-1.12,-1.32,-1.1651,3.0166
-44.066,-14.788,-32.538,-13.017,-14.47,-160.53
-13.985,-31.307,-13.084,-10.642,-10.343,-200.28
-42.062,-26.527,-16.293,-5.3035,-9.769,-158.14
-33.072,-200.98,-4.5386,-4.3314,-4.5865,-14.424
-2.325,-1.7313,-1.1742,-1.8916,-2.6076,-2.242
-2.1178,2.8555,-13.444,-1.1985,-1.779,-0.32447
-13.577,-2.0801,-1.0494,-1.2747,-2.3693,-1.9161
0,0,-11.841,0,0,-2.7793
0.094916,-11.839,-2.4836,-3.9364,-1.22,-1.7238
-29.834,-19.586,-11.522,-25.522,-8.733,-209.75
-0.42,-0.12,0,0,0,2.0268
-12.472,-9.9262,-23.624,-3.9504,-4.6728,-196.15
-0.52,0.29443,-0.25467,0,0,-0.4
-0.69074,-203.26,-0.72,-8.2795,-1.22,-1.7169
-0.32,1.9891,0.090185,0,-1.22,-1.2303
-6.689,0,3.2714,0,-0.17903,0.80939
0,2.2034,0,0,0,0
0.17772,-9.7226,0.08,-1.2504,-3.0747,2.8763
-4.3292,0.40584,-28.402,-4.7755,-3.6255,-0.90396
-18.021,-9.3706,-0.7861,-0.95578,0,0
0,-36.559,0,-0.65875,0,0
-0.50777,-0.32,1.9209,-4.0384,0,-0.4
-1.0735,0.13127,-1.22,-1.22,-0.33126,-1.4
-0.0022898,2.2655,0,0,0,0
0,2.416,0,0,0,0
-0.76513,0.076151,0,0,0,0
-2.2003,1.0602,0,0,0,0
-16.769,-24.146,-50.385,-10.336,-16.034,-161.6
-26.056,-31.439,-5.8896,-5.139,-7.532,-157.3
-23.256,-200.82,-2.4844,-3.2955,-6.0017,-198.65
-2.7349,-2.1635,-3.1964,-58.881,-5.8804,19.282
-201.85,-0.38728,-2.196,-1.4671,-1.6056,12.012
-1.0484,-0.068851,15.504,-1.0721,0.2447,0
1.9507,8.6205,0.36174,-2.8901,-3.9509,8.2787
16.656,0,-0.22,0,1.5168,-0.6
0,-5.7853,12.829,1.7055,-1.7879,0
-67.421,-34.013,-32.416,-21.283,-30.353,-418.24
-44.358,-45.414,-25.381,-27.245,-27.268,-375.84
-94.763,-109.23,-65.228,-82.109,-23.266,-856.47
-54.034,-37.02,-44.767,-38.47,-24.31,-591.41
-65.012,-70.605,-92.451,-54.231,-28.015,-145.22
-50.521,-85.804,-59.539,-38.663,-14.152,-597.51
-92.665,-82.986,-93.629,-102.38,-27.589,-529.13
-123.23,-156.21,-130.58,-130.79,-23.668,-511.91
-78.69,-60.554,-67.155,-78.851,-23.644,-744
-4.7232,-1.0284,-3.69,-5.7014,-4.2427,-1.3492
-3.4631,-3.7713,0,0,0,-0.4
-25.676,-28.593,-22.754,-22.883,-22.669,-199.28
-30.839,-21.511,-24.395,-23.381,-23.646,-200.2
-17.471,-13.964,-14.655,-12.63,-14.305,-123.68
-55.014,-38.56,-35.997,-23.269,-13.563,-197.49
-67.902,-22.419,-87.81,-20.412,-21.966,-287.53
-105.66,-30.063,-33.08,-53.009,-13.998,-421.31
-52.92,-45.98,-64.845,-12.162,-35.489,-89.113
-54.776,-18.132,-18.521,-17.323,-17.98,-198.97
-6.2175,-3.0571,-4.703,-2.8007,-6.5903,1.2699
-35.886,-25.629,-27.692,-26.142,-20.489,-50.46
-34.444,-44.153,-30.462,-22.139,-9.477,-31.237
-15.302,-22.749,-13.159,-13.332,-14.369,-194.12
-24.823,-25.919,-27.496,-7.4265,-15.456,-27.447
-22.029,-58.954,-38.829,-15.069,-21.09,-53.172
-23.668,-18.425,-36.095,-16.769,-17.788,-199.23
-35.531,-27.982,-37.315,-24.357,-16.797,-198.24
-50.171,-72.666,-54.424,-19.485,-47.171,-384.13
-80.902,-68.866,-112.78,-19.511,-55.613,-239.68
-122.27,-150.09,-113.25,-3.175,-144.99,-282.35
-43.636,-60.223,-42.847,-24.144,-47.732,-90.725
-89.899,-64.106,-49.201,-19.839,-36.316,-44.064
-31.379,-41.169,-40.451,-18.385,-86.234,-36.716
-95.038,-123.28,-85.78,-22.832,-59.728,-76.074
-95.221,-113.72,-79.646,-29.108,-96.023,-78.285
-23.446,-62.392,-25.283,-23.137,-13.163,-62.119
-12.562,-30.384,-12.676,-13.234,-14.116,-199.67
-83.954,-36.801,-34.799,-21.881,-38.731,-192.26
-69.433,-47.379,-5.334,-36.763,-37.208,-185.98
-35.679,-30.786,-16.815,-17.147,-12.455,-38.725
-37.049,-18.234,10.776,-15.652,-14.058,-12.529
-0.81195,-23.335,-49.541,-8.053,-8.1365,-29.487
-13.323,-35.651,-12.785,-11.446,-11.263,-12.673
-19.252,-11.241,-9.3415,-9.3725,-6.1452,-10.599
-4.9252,-4.2518,-5.3421,-1.4986,-3.5677,-3.2664
-59.154,-31.913,-26.692,-24.441,-22.369,-156.35
-17.976,-23.022,-18.489,-18.218,-17.728,-320.21
-50.999,-54.785,-72.726,-19.388,-57.982,-281.13
-33.03,-42.837,-38.397,-31.59,-51.29,2.6885
-5.1674,-2.6691,-5.7266,-6.1278,-3.6104,-5.936
-4.693,-20.675,-5.5564,-4.4667,-6.4566,3.5897
-20.59,-12.437,-11.192,-3.6414,-8.1789,-11.248
-4.6724,-1.3877,-7.6127,-2.0077,-3.7773,2.9405
-1.6963,-1.456,-1.5497,-2.1092,-2.0791,-0.30452
-46.053,-56.694,-37.46,-50.299,-18.592,-426.86
-32.368,-29.275,-26.823,-40.878,-20.547,-161.43
-73.147,-100.87,-104.69,-14.312,-89.559,-460.09
-15.047,-10.351,-10.384,-9.7809,-10.822,-9.1298
-16.499,-7.4604,-8.0472,-7.104,-8.6044,-1.8951
-4.3097,-7.542,-7.8168,-3.4455,-4.3503,-5.4752
-8.6787,-7.1309,-17.379,-10.093,-7.7358,-8.6157
-26.326,-11.985,-10.331,-18.313,-12.204,-0.99845
-8.656,-8.4857,-5.4225,-8.1367,-8.2655,-10.826
-16.749,-16.417,-43.794,-14.434,-15.442,-191.66
-77.949,-41.459,-86.219,-65.412,-17.114,-458.22
-64.979,-56.13,-52.932,-16.363,-46.525,-143.88
-6.0151,3.3737,0,0,0,0
1.1632,3.2125,4.3635,5.886,-5.9845,18.546
0,0,0,-1.1454,-0.8596,19.491
-0.50547,-10.808,-3.1496,-0.020278,-0.077627,-4.6391
14.615,12.647,11.921,11.429,11.265,23.474
32.435,11.944,12.762,0.82968,0,11.779
-92.227,-50.023,-15.641,-51.387,-76.092,-796.2
-72.935,-30.882,-46.993,-87.941,-15.43,-197.52
-107.45,-86.819,-72.892,-18.923,-69.648,-440.38
2.7531,-7.1645,1.1168,1.8714,-2.7639,18.089
3.4104,1.0713,2.1536,0,1.1833,13.868
0,4.8176,12.957,0.047967,0,0.099614
-7.533,-1.3777,11.985,0.72068,0.18334,-1.486
6.0044,3.0335,15.987,0,2.967,0
5.7787,7.4767,3.9639,3.4194,0.54071,14.674
-15.007,-9.9259,-11.768,-10.121,-9.7063,-15.466
-2.493,-3.1837,-9.3313,-3.5548,-8.7177,-214.77
-6.446,-7.9748,-6.8483,-6.1369,-7.3519,-580.66
-39.392,-20.598,-22.444,-19.663,-20.343,-199.58
-20.422,-4.1569,-8.7051,-7.0416,-4.3012,-205.77
-38.09,-8.5713,-40.33,-7.3638,-8.5223,-749.53
-16.777,-12.282,-11.866,-14.346,-10.508,-180.28
-10.266,-34.352,-95.543,-0.050137,-2.0755,-517.31
1.4778,2.2065,-0.37288,12.518,0.58858,-234.37
-31.079,-115.48,-22.456,-29.073,-31.533,-494.16
-35.577,-39.333,-11.792,-31.497,-34.862,-613.35
-0.0596,-0.22,-14.117,-1.6504,-0.91654,0
-35.381,-29.616,-28.691,-25.73,-28.578,-681.02
-43.267,-34.273,-15.986,-27.769,-28.152,-600.59
2.2367,-0.42909,-3.2139,7.4051,-1.3772,0
-28.123,-43.003,-27.094,-22.909,-27.22,-135.24
-36.845,-20.227,-20.233,-17.276,-20.718,-190.52
-31.568,-36.896,-7.4296,-0.22294,-8.2753,-306.65
-31.496,-25.416,-23.79,-24.43,-20.158,-161.93
-26.134,-32.086,-26.788,-26.443,-17.068,-332.51
-56.127,0,-1.9584,0.111,0,-0.63885
-37.2,-24.647,-13.615,-21.199,-23.584,-45.06
-26.641,-28.057,-16.273,-16.313,-13.724,-131.72
-3.0831,-13.134,2.8111,-1.0985,-1.3936,0
-26.855,-24.21,-20.068,-15.751,-21.089,-73.769
-46.029,-16.714,-17.026,-17.24,-12.683,-166.49
-43.365,-12.07,-27.626,-7.6361,-10.516,-200.56
-17.569,-28.514,-17.058,-15.71,-16.877,-29.007
-2.8221,-28.719,-2.2376,0.072862,-4.5547,-198.82
-1.9439,-1.1865,-8.3607,-2.5129,7.4047,-15.317
-22.017,-20.956,-22.111,-22.373,-22.165,-33.096
-7.8949,-7.6151,-8.2413,-9.0326,-8.0258,-9.8333
-36.254,-12.207,-14.512,-11.76,-11.141,-24.757
-69.002,-26.848,-10.843,-10.929,-6.9965,-10.928
-5.5685,-45.932,-10.544,-1.4306,-5.9844,-7.1856
-0.041814,-0.75016,-20.84,4.9907,0.23122,-0.41753
-51.812,-53.164,-28.048,-27.325,-24.306,-701.47
-52.456,-32.227,-34.161,-34.063,-19.137,-317.44
-1.6064,-2.7006,-0.094838,-1.5142,-0.75297,0
-36.733,-26.733,-224.23,-227.07,-26.797,-21.582
-44.271,-27.505,-175.33,-24.47,-211.09,-15.907
3.2021,4.908,0.98,0.020743,-0.57941,9.5048
-16.337,-11.913,-13.835,-10.997,-12.526,-7.883
-4.6042,-3.3457,-1.827,-1.9311,-1.0275,-1.7498
-2.3314,14.08,0,0,0.00096468,-1.3742
-28.985,-23.376,-23.219,-23,-20.842,-362.65
-39.67,-36.911,-34.149,-23.084,-25.146,-365.02
-6.9637,-16.525,-3.0642,-6.1553,-2.6981,-153.35
-11.001,-11.966,-17.789,-11.959,-14.261,-1.6497
-2.6655,-3.2382,-6.4928,-3.8004,-5.6716,-4.6821
0,1.4911,0,0,-0.15703,8.5473
-5.8063,-6.8707,-5.1943,-5.0046,-4.6859,-5.1282
-0.35543,-9.5476,-0.84624,-1.12,-1.7127,1.8588
-3.9043,-16.094,-3.1171,-3.8801,-2.0993,-6.7795
-2.9475,-1.4181,-0.42,-1.12,-3.1323,0.82595
-1.9784,1.6225,1.4124,3.0755,-0.87082,-196.65
-27.242,0.55189,-3.9794,2.3216,1.9411,2.8503
-2.4865,-3.513,-2.0565,-2.4548,-2.0657,-2.3517
4.7666,4.5779,0.89657,0.99481,-1.1584,1.3839
0,0.28898,5.0352,0,-3.3051,0
-10.662,-5.9531,-8.6687,-6.5494,-4.9991,-5.4483
-2.7297,-3.2073,-2.8645,1.554,-1.214,-2.5718
3.6817,-10.865,5.3771,12.826,-0.91549,1.5984
-16.062,-20.745,-16.417,-16.209,-16.182,-200.94
-6.4477,-19.998,14.62,-8.0552,-7.521,-133.86
1.9535,2.7274,-10.511,3.0307,-0.33809,9.1598
-2.072,-1.7612,-1.8442,-3.1157,-2.4055,13.182
17.547,13.441,13.237,5.3889,2.1606,17.396
27.67,0,4.494,0,0,0
-0.50282,0,-1.02,-1.836,-1.02,12.823
18.62,18.255,16.798,14.676,9.8789,35.891
23.276,33.576,18.751,11.14,12.93,21.576
-45.705,-38.142,-20.616,-20.474,-19.786,-828.51
-40.389,-21.402,-18.636,-17.693,-18.967,-362.08
-27.966,-10.761,-2.8638,-1.8761,-1.0435,-194.22
-0.70805,-0.31431,-2.031,-0.37124,-1.02,6.1846
17.67,0,4.4851,0,0,5.7779
-0.047028,0,0,4.7758,0.76055,0
-1.22,2.084,0.82719,2.0755,-1.9142,7.5476
4.9726,3.9724,3.9724,12.347,0,0
1.1564,15.534,1.2975,1.8903,-1.8103,0
-3.2128,-3.4946,-5.5837,-10.611,-3.5183,-11.056
-0.12433,-1.2944,6.5514,2.6222,0,-19.694
-11.86,-10.881,-6.1568,-6.7623,2.3118,-788.32
-7.7024,-38.205,-12.464,-11.049,0.52511,-470.13
-2.6891,-25.882,0,5.1196,-0.62641,-409.93
-0.64394,-18.319,-0.65362,8.7685,-0.39843,-623.29
-15.521,-29.545,-8.5836,-2.003,-10.823,-519.99
-14.754,-19.965,15.11,0.12385,-0.47361,-279.41
1.469,4.875,18.422,3.0005,1.6412,-419.88
-5.555,-8.268,-4.7857,5.3114,-7.118,-168.15
-2.6446,-5.8398,7.8749,-4.9749,-3.0291,-783.52
-6.4557,-1.991,4.1285,1.279,-2.02,-0.43043
-12.09,-27.899,-10.181,-3.2716,-10.349,-104.6
-0.2046,-0.86413,5.3348,-1.4235,-0.87808,-511.4
-2.3464,4.2917,1.2143,0,1.5283,-7.6967
-9.3619,-25.366,-1.6583,-10.176,-8.9351,-204.12
0.014246,11.575,-0.034515,3.8052,0,-162.27
-0.67155,-6.1444,-2.4265,-0.34747,-0.83811,-164.79
-12.451,-19.57,-12.841,-7.7234,-11.527,-159.52
-4.7365,-4.3961,3.6555,-4.5967,-5.022,-199.62
-26.334,-12.029,-23.552,-3.0956,-10.639,-198.63
-9.1413,-9.3533,-8.547,-8.8475,-6.5415,-202.35
-0.48219,-2.8316,-2.528,-2.7309,-2.4553,-3.8722
-3.8374,-0.78952,3.4554,-0.77596,0.035608,-202.25
-8.9688,-15.439,-8.0322,-3.483,-7.6405,-117.27
1.6976,-39.39,-2.354,-1.3269,-3.3595,-1.3949
-4.3452,-4.2754,1.6274,-4.0762,-3.4594,-200.04
-8.5361,-5.9864,2.2945,-5.8119,-6.7705,-127.41
-1.5405,-21.92,-0.52,-0.18655,0.38541,0
-2.2672,-0.068502,10.108,0.64855,0.13151,-186.25
-16.52,-13.656,1.4488,-7.168,-12.286,-11.321
-0.069632,-0.35673,7.5373,-0.9928,0,0
3.1241,3.378,10.696,3.0061,1.8476,-2.6653
-16.962,-8.0024,-10.098,-9.3751,-7.8544,-3.2049
-7.0063,-1.4628,-1.2477,-0.53812,-1.3066,4.3806
7.0111,7.0379,12.264,5.9842,4.4826,2.4884
-13.23,-13.037,-0.016047,-12.24,-14.558,-211.28
-2.5194,-1.843,-148.9,3.3357,-2.8205,-371.5
5.5455,-29.331,-1.4551,-2.7312,-1.3218,-197.53
-19.45,4.8023,-130.97,-83.331,-199.19,-18.526
1.8322,8.9433,-148.64,-1.7874,-43.697,-17.082
8.2279,0,0,0,0,-0.96297
-11.848,-3.1216,-1.6193,2.2639,-2.0196,-3.0842
-1.5242,-1.9388,7.5336,-1.02,-1.02,0
-3.6931,-0.22,3.1627,-191.9,0,0
-8.2999,-45.637,-8.057,-9.2776,-3.5495,-398.16
1.0064,-5.3706,-5.2305,-5.2232,-5.0196,-116.88
-6.6705,4.2714,-4.0239,-3.265,-3.456,-26.986
-2.4545,-2.3801,-5.2209,-2.4443,-3.7385,0.76994
-0.84354,-1.1577,-0.99738,-0.53845,-1.0581,-0.55308
1.4827,2.6388,6.3385,2.9486,-0.53402,11.735
-8.7945,0.27327,-0.29259,3.8851,0.021814,-4.1011
6.5773,0.11241,0,0,0.10611,1.0001
-1.5043,-12.938,-0.02,-0.096059,2.1657,-0.23266
-4.4091,-3.5523,-3.89,-3.262,-4.56,-226.44
-10.142,-0.32749,3.7395,0,-2.0017,-0.59805
-2.3127,-1.692,-1.5083,-1.212,4.5458,-196.75
-3.0632,-4.8384,-0.63987,-2.6533,-3.8044,-3.681
-1.3616,9.8026,0,-0.38911,-1.02,-0.45873
-1.068,1.5556,1.3356,7.245,-0.31881,2.1994
-6.0613,-3.2509,-6.908,1.1441,-2.6887,-3.8497
11.356,0,4.2738,0,0,0
3.8386,12.703,1.2178,1.9018,-2.3974,2.8114
-5.5369,-9.0756,-6.18,-6.2687,-5.7463,-197.05
-3.4401,-0.37616,0,-0.3149,11.82,0
3.912,-2.2263,0,0,0,-193.56
-0.75663,-3.1947,-1.02,1.7959,-0.96685,-1.968
-0.9936,7.7292,-1.836,-1.1279,0.90749,0.80135
4.2486,0,0,0,-1.7727,0
0,-0.012846,0,6.561,0.94126,0
10.335,2.9361,0,3.8731,1.323,0
-0.7903,0,0,2.759,-0.94474,5.9693
-11.669,-25.118,-7.8899,-3.3255,-7.9604,-795.95
-1.9075,0.42227,1.0285,1.5115,-2.2983,-483.24
1.0791,-1.7197,1.2377,-0.47772,-2.9079,-454.43
3.185,2.3617,3.3375,3.1081,-1.7204,12.259
11.136,1.5335,-0.11303,0.59071,4.4173,-1.0631
15.797,0.33016,1.3694,-0.4851,-0.50431,3.4676
7.4375,6.1985,4.8464,-0.7181,6.9438,11.645
0.45039,3.1591,3.604,0,9.3891,0
3.9583,21.778,0,2.6321,-4.0227,7.3385
-19.907,-15.313,-18.389,-10.848,-15.364,-23.566
-12.82,-11.429,-2.8501,-11.057,-10.843,-24.342
-26.259,-5.3027,-13.933,-18.519,-22.916,-307.76
-8.7432,-15.919,-16.555,-15.497,-18.757,-142.27
-1.4639,-15.568,-13.837,-12.431,-12.693,-584.11
-14.502,1.395,-16.052,-9.234,-13.301,-681.91
-20.221,-18.975,-19.641,-6.2908,-19.429,-298.87
0.67677,-21.861,-24.592,-25.156,-24.898,-728.07
-11.348,-11.345,-10.124,1.5472,-10.557,-602.12
-2.5722,-0.15936,2.5735,0,-0.018892,0
2.1134,0,0,0,0,0
-5.2008,-3.3672,-3.3159,-1.2064,-3.1185,-8.9297
-14.23,-13.848,-14.526,-13.662,-13.546,-204.93
1.3246,-3.3682,-2.801,-3.2597,-5.2818,-200.9
-2.4797,-2.6738,-1.1343,-2.9879,-2.4894,-76.52
-11.301,-11.503,-5.6496,-10.94,-10.981,-204.91
-8.6947,-11.371,-11.43,-5.7083,-8.7975,-112.81
1.8942,-4.6267,-5.0927,-3.4996,-3.6916,-161.6
-2.7028,-2.1202,-3.4382,-2.1257,-4.7516,-2.3553
-2.694,0,0.7272,0,-0.92,0
-4.611,-4.6164,-5.377,-3.1905,-4.5928,-125.39
-9.0125,-11.234,-9.1162,-6.4503,-9.446,-32.666
-0.72692,-0.81395,-1.2537,-2.3364,-1.8286,-0.55252
-6.4939,-7.7394,-2.896,-6.3636,-7.2734,-61.879
-12.065,-5.254,-9.7087,-10.846,-11.07,-293.27
-3.8276,-3.0277,-2.7496,-3.1152,-4.0737,-197.25
-7.2891,-8.1033,1.8153,-6.8512,-7.0656,-157.09
-17.074,-18.813,-15.565,-14.385,-8.8925,-257.05
-8.5338,-13.927,-18.85,-14.697,-15.584,-127.38
-24.542,-21.052,-20.978,3.2543,-22.356,-18.332
-13.826,-12.839,-13.393,-13.981,-15.114,-24.154
-10.554,-12.632,-7.3035,-12.543,-13.93,-13.132
-7.4481,-3.4402,-5.6355,5.0346,-4.6651,-4.7695
-25.3,-14.176,-15.738,-16.497,-15.47,-18.47
-16.751,-24.731,-21.367,-19.435,-12.693,-20.829
-7.984,-8.0732,-7.9798,-3.0793,-6.9273,-11.077
-0.62265,-2.3511,-1.1576,-2.2888,-1.2994,0
-3.0438,-3.2086,-4.8977,-2.5487,-2.8111,-116.44
-5.0536,-1.3677,0.84404,-2.773,-2.8037,-187.38
-7.405,-4.7825,-7.1514,-5.0412,-5.816,-5.4153
0.64608,-0.80497,1.2525,0.99307,-1.9086,4.768
3.7526,3.271,1.1332,2.2242,3.1133,1.6935
-4.3428,-7.2114,-4.5362,-4.6315,-4.9071,-5.3299
-4.8724,-10.219,-3.1279,3.8086,-0.70567,-2.5498
2.8286,4.6774,1.467,0.81076,-0.77809,0
-11.946,-12.675,-12.742,-5.4137,-12.581,-79.145
-2.7769,-4.8866,-4.1822,-4.2323,-4.5792,-192.73
-12.937,-15.213,-5.4956,-11.769,-10.552,-152.66
-5.3201,-5.134,-6.3434,-5.6914,-4.9379,6.6394
-0.72683,-0.69098,-0.35223,0,0,0
4.3098,6.3166,4.5997,4.0423,0.13337,4.7044
-3.7137,-5.1008,-5.4229,-3.6116,-1.329,-4.0862
4.1137,0,0,0,0,0
3.4257,5.6548,2.4081,-0.62,-0.9056,0
-6.8162,-11,-8.7558,-9.6981,-11.028,-193.92
-8.6149,-5.6647,-11.211,-10.922,-12.114,-77.232
-10.294,-8.4652,-7.4276,-0.26289,-7.3937,-318.88
-1.7077,-3.5236,-3.1011,0.20942,-1.32,0
-0.81848,-1.0529,-0.12,-0.35982,-0.79791,-1.3985
6.1098,13.912,6.0599,6.0188,2.0677,5.7162
-1.5922,0.16845,0.27853,-0.19423,-1.42,0.48462
-7.223,-7.2507,-3.7154,-4.2026,-3.214,-3.3121
0.52586,2.9008,5.5242,3.3768,1.2006,3.2532
-7.7427,-5.8561,-6.8942,-6.9361,-9.3571,-198.07
-2.06,-8.735,-8.9167,-11.41,-8.7566,-363.85
-2.0686,-7.3191,-8.4014,-11.143,-7.1752,-193.01
4.5129,0,0,0,-1.0368,0
5.4303,12.495,27.093,-1.1376,2.1408,6.5284
19.73,0,0,1.1406,0,0
0.46625,0,0,0,0,3.379
9.0606,26.437,10.141,6.5243,6.4818,9.9349
19.558,0,0,3.0284,-0.65494,0
-14.643,-6.9495,-11.255,-10.135,-11.137,-592.58
-5.7697,-5.9192,-5.0825,-5.5637,-6.1647,-196.52
-4.9594,-9.7858,-10.533,-8.7178,-10.534,-320.74
3.2278,8.9873,-0.66146,3.9145,1.7758,0.29123
0,0,0,-0.45155,0,12.612
4.2494,0,0,-0.22,-2.1933,13.893
1.6827,10.478,0.9538,-0.37671,-1.4515,0.097884
2.9786,4.2083,14.483,0.87866,0,0
16.843,6.0558,4.3364,0.40014,-0.86511,1.4936
-4.5699,-2.4438,-2.4124,-3.3817,1.5438,-8.641
1.9421,15.387,26.173,12.892,2.7246,-0.91574
39.087,20.76,14.696,13.827,16.735,-391.76
-2.8713,-2.5119,-3.1342,-2.2541,3.776,-7.5689
13.742,15.008,28.147,13.949,8.1246,-312.63
13,21.382,34.779,20.177,18.103,-607.78
-2.6522,-6.7683,-1.9902,1.1232,4.9933,0
12.143,32.492,12.997,13.539,11.952,-476.3
8.4551,31.447,17.713,15.343,15.188,-526.62
-13.291,-7.6399,-13.206,-13.272,-14.555,-131.56
-21.185,-11.549,-21.316,-21.014,-19.141,-544.06
0,12.111,0.48,0,-1.8104,0
-16.151,-14.541,-14.216,-11.991,-14.404,-201.1
26.762,-11.535,-11.498,-11.998,-9.7771,-410.16
34.406,20.781,17.582,14.263,18.089,-147.62
-8.792,-10.826,-7.6301,-8.2513,-7.972,-198.66
11.986,11.881,27.974,9.5723,8.3926,-381.82
20.823,34.71,21.877,13.703,10.936,-304.06
-4.9588,-1.1723,-1.3718,-1.4427,-0.43278,-2.1191
-5.3427,-7.3312,-6.276,-5.7767,-5.7253,-200.34
-0.86008,-1.0096,8.5867,0,0,0
-10.615,-9.7396,-10.087,-10.213,-10.074,-203.8
-6.1167,-6.2229,-3.9477,-5.606,-5.8667,-204.86
0.25843,2.0421,7.627,0,2.3242,0.3
-10.382,-9.5486,-10.215,-4.5586,-10.112,-202.21
-5.8874,-3.3085,-2.7062,-4.3469,-1.9796,-2.8288
0,0,2.2738,4.0157,2.5187,-199.9
-4.7551,-2.9349,-4.5875,-3.3436,-0.65769,-7.5193
22.819,13.073,15.541,11.612,10.1,-60.485
16.397,41.418,16.232,20.045,12.578,-34.333
-7.072,-3.5478,-3.6926,-3.6331,-3.2138,-5.6649
6.4398,25.485,10.158,9.4078,8.8021,3.4192
11.597,41.459,13.082,15.754,15.574,15.429
-3.6237,-2.2571,-5.3391,-3.1505,-1.9168,-2.1967
21.402,12.009,12.931,2.6203,7.5464,-4.1107
30.19,22.199,22.4,17.718,7.5676,22.153
-12.08,-17.311,-11.708,-7.0778,-11.714,-199.89
-3.743,-17.255,-16.931,-18.625,-18.593,-123.5
36.03,20.525,20.839,20.914,17.611,19.454
-11.155,-11.031,-5.7398,-204.72,-204.03,-10.937
6.8179,12.191,29.82,11.469,7.7007,14.327
22.063,22.021,24.377,15.469,18.531,34.805
-7.7346,-0.97206,-0.9776,-0.92,-0.92,1.0418
18.274,20.792,20.608,16.54,14.492,30.925
23.108,24.429,14.719,9.3913,9.1288,27.705
-11.712,-10.356,-9.8778,-10.087,-9.5273,-198.75
-11.228,-3.2677,-8.3981,-8.5966,-8.3305,-325.67
0.018293,0,0.76202,-1.3064,5.6485,0
-5.3392,-7.0613,-5.1928,-5.5027,-4.9076,2.5144
-1.3309,-0.38333,-1.1611,-0.92,-2.17,1.139
14.4,0,0,2.7248,0,0
-0.92702,-1.7974,-1.2346,-1.5293,-1.1686,-0.027364
-0.041087,-0.016899,0,0,-1.9813,0
-0.20625,1.3672,0,0,0,0
-4.0198,0,0,0,-0.20834,-197.69
7.8626,16.039,8.5848,7.9445,8.7306,-109.02
42.009,23.127,20.978,21.132,17.749,-304.29
-1.1564,0,0,1.4532,0,0
14.839,5.184,4.6072,6.0684,2.8575,0
3.1627,0,8.5866,0,0,25.129
-3.6897,-0.1034,0.23235,0,0,0
18.385,11.797,10.345,10.654,5.7486,11.474
22.833,8.705,0,10.253,-0.72,7.9423
-0.29174,-1.3909,-1.998,-0.92,-1.5368,0
31.682,13.825,15.318,9.5925,7.479,-614.13
26.111,23.045,18.729,18.866,10.742,-286.22
7.7261,0,0,0,0,0
31.162,32.848,38.136,20.178,14.525,28.246
34.699,20.998,8.7211,20.424,3.9682,6.682
-1.0176,2.7564,-0.92,0,0,0
28.134,24.532,33.131,23.272,19.326,26.571
38.358,10.5,0,15.24,10.809,17.218
-8.4925,-5.6221,-8.4663,-8.3379,-8.2177,-588.01
-0.59477,-3.8396,-3.273,-3.2068,-2.3927,-196.42
-0.76313,5.7794,0,0,0,0
-0.77563,2.5994,6.281,1.8231,-0.39489,0.14704
-1.12,16.236,-1.656,3.2436,-0.71698,0.9
3.4178,13.674,3.9835,-1.12,0,0
-0.052611,8.5658,1.6211,0,0,0
4.0927,1.7963,24.409,3.5378,4.1604,1.904
5.4523,0,0,0,0,1.1251
11.417,21.576,12.044,10.069,3.4709,-0.9
0,5.2697,23.246,7.886,8.1417,0
32.091,12.185,12.781,9.9933,10.837,-737.31
0.95939,5.0134,18.328,6.3809,5.9135,-372.81
12.679,26.917,15.717,6.8054,3.6276,-220.19
7.6022,26.783,9.3379,7.0652,10.719,-611.85
3.5516,16.871,5.2041,6.0127,5.2726,-651.39
24.33,17.409,12.782,8.2405,10.568,-327.36
15.19,16.37,22.523,15.583,10.164,-579.99
4.8044,19.492,4.9282,6.813,0.52801,-4.6154
6.2927,20.108,7.5749,3.6089,7.2989,-373.93
11.703,20.529,8.0573,3.1708,-1.1825,3.6297
5.0592,17.411,4.4339,4.4253,4.3318,-250.08
6.7848,20.63,6.7184,7.4099,6.9832,-296.47
14.668,17.474,19.352,16.638,9.3856,-98.302
-2.8629,-6.1367,0,-2.4329,0.20781,-360.04
13.356,14.751,23.561,14.634,6.1788,-497.01
15.704,13.481,10.47,10.548,0.77006,-224.69
-4.784,16.04,-3.7735,-1.8169,-1.9025,-22.059
1.7405,14.193,2.35,2.2231,1.5285,0
7.5095,5.8842,15.969,4.5108,0.87803,-80.152
-1.618,-1.8734,7.3656,-2.085,-1.7488,-5.4787
6.2537,11.675,5.7894,2.7171,4.5114,-3.3795
4.2739,20.882,5.9855,3.3489,2.8152,-31.636
10.548,-1.4613,-0.53755,-0.6129,0.010136,-144.35
3.78,1.7013,0.76559,1.6643,4.783,3.9075
10.599,25.314,12.633,10.933,7.4893,-197.56
16.353,2.6868,3.9933,4.075,4.7097,-250.83
20.464,4.2451,2.59,4.7048,0,-337.6
11.986,24.135,11.059,11.124,11.087,-308.01
-1.5667,13.597,-0.67159,-2.0203,1.8042,-4.671
10.478,18.917,7.4548,3.5193,0.11,-2.5713
12.211,19.789,13.536,13.504,12.611,4.3982
0.53248,11.025,-1.2739,1.8583,2.0137,-18.56
2.2143,8.3364,26.012,7.055,2.2945,6.7216
11.518,13.765,21.664,12.53,10.438,6.2402
-3.3819,14.927,-0.42582,-1.1438,-1.6548,-4.4793
7.3853,21.454,8.2861,8.4894,8.2878,-385.21
10.793,4.8389,19.572,11.647,4.8244,-223.86
0.81388,8.638,-0.92,1.2071,1.297,-6.5161
15.63,9.455,10.601,10.432,8.6927,0.19024
0,6.7385,17.126,1.1555,7.2149,10.909
-1.0703,10.015,-0.92,0.21827,0,-1.1
22.162,-0.62,5.6801,0,-2.2448,-4.0631
20.151,7.1676,4.3592,-0.1056,-1.4556,0
-1.8212,8.4716,-2.9923,-1.6038,-1.5674,-275.2
11.576,5.8092,4.0292,4.401,5.7037,-167.33
20.715,6.5121,11.43,6.2554,7.8677,-141.57
3.2229,18.02,2.3681,3.133,2.6138,2.7485
17.423,6.1266,8.0962,1.4514,3.5554,6.2458
13.288,21.744,17.378,13.747,8.3314,17.077
3.8866,13.198,5.0982,5.1061,3.7345,4.6265
4.0725,3.6489,7.8772,1.1416,0,3.3059
24.933,0,2.562,4.0954,4.613,0.012693
2.849,5.437,5.5925,6.1217,3.537,-296.93
16.192,1.805,0,3.9585,-2.366,2.8235
14.052,12.498,25.22,4.4791,5.4892,-121.15
5.4008,3.5167,1.2414,0.82547,-1.8626,8.7427
13.936,3.3883,1.2652,0,0,0.87886
10.471,21.885,12.948,1.5273,1.5504,5.0348
2.8915,2.062,13.724,0.15505,0.85628,1.6719
2.1525,0,0,8.8142,0.86258,2.6656
12.879,21.943,12.76,6.5713,-1.7231,9.4654
3.1381,1.6362,-0.32666,-1.9355,-1.5306,-330.4
22.115,4.1044,0,10.29,7.624,-195.88
31.647,7.4165,7.0391,1.3197,1.6782,4.3635
-1.12,6.5458,-0.6216,-0.1477,-2.5349,-0.090312
-1.1066,15.558,-0.92,2.0218,1.7938,0.02
12.204,0,0,0.81005,0,0
-0.45926,11.058,0,-0.92,0,-1.1
0,1.4674,1.597,13.816,0,0
0.15034,15.52,0.58,-0.196,0,0
-0.8068,11.45,-2.9629,1.9196,0.31257,-398.51
18.267,2.0112,8.2529,6.1572,7.2383,-223.72
27.987,13.749,14.429,14.486,10.055,-832.86
8.3018,14.44,7.876,8.1193,6.3821,8.3799
-1.0101,8.7393,3.4089,8.6751,3.0744,-0.58205
9.2198,3.5991,10.397,3.0436,4.2719,9.6919
11.169,11.387,14.546,3.5045,3.4295,3.7197
22.401,0,0,-1.12,0,0
3.7213,33.205,11.956,0.65758,-1.92,11.958
